sku,week,units,policy,target,shortage,excess,cost,filled
15036,2011-09-05,155.00000000,mean4,137.00000000,18.00000000,0.00000000,72.00000000,137.00000000
16014,2011-09-05,1000.00000000,mean4,512.00000000,488.00000000,0.00000000,1952.00000000,512.00000000
17003,2011-09-05,180.00000000,mean4,364.00000000,0.00000000,184.00000000,184.00000000,180.00000000
20725,2011-09-05,303.00000000,mean4,355.00000000,0.00000000,52.00000000,52.00000000,303.00000000
20727,2011-09-05,227.00000000,mean4,281.00000000,0.00000000,54.00000000,54.00000000,227.00000000
21080,2011-09-05,186.00000000,mean4,131.00000000,55.00000000,0.00000000,220.00000000,131.00000000
21212,2011-09-05,352.00000000,mean4,618.00000000,0.00000000,266.00000000,266.00000000,352.00000000
21213,2011-09-05,775.00000000,mean4,306.00000000,469.00000000,0.00000000,1876.00000000,306.00000000
21232,2011-09-05,287.00000000,mean4,93.00000000,194.00000000,0.00000000,776.00000000,93.00000000
21498,2011-09-05,275.00000000,mean4,82.00000000,193.00000000,0.00000000,772.00000000,82.00000000
21915,2011-09-05,130.00000000,mean4,543.00000000,0.00000000,413.00000000,413.00000000,130.00000000
21928,2011-09-05,126.00000000,mean4,226.00000000,0.00000000,100.00000000,100.00000000,126.00000000
21929,2011-09-05,144.00000000,mean4,153.00000000,0.00000000,9.00000000,9.00000000,144.00000000
21931,2011-09-05,276.00000000,mean4,338.00000000,0.00000000,62.00000000,62.00000000,276.00000000
21975,2011-09-05,383.00000000,mean4,272.00000000,111.00000000,0.00000000,444.00000000,272.00000000
21977,2011-09-05,520.00000000,mean4,516.00000000,4.00000000,0.00000000,16.00000000,516.00000000
21980,2011-09-05,218.00000000,mean4,48.00000000,170.00000000,0.00000000,680.00000000,48.00000000
21981,2011-09-05,135.00000000,mean4,32.00000000,103.00000000,0.00000000,412.00000000,32.00000000
21982,2011-09-05,186.00000000,mean4,69.00000000,117.00000000,0.00000000,468.00000000,69.00000000
21984,2011-09-05,74.00000000,mean4,54.00000000,20.00000000,0.00000000,80.00000000,54.00000000
21985,2011-09-05,98.00000000,mean4,118.00000000,0.00000000,20.00000000,20.00000000,98.00000000
22086,2011-09-05,495.00000000,mean4,66.00000000,429.00000000,0.00000000,1716.00000000,66.00000000
22151,2011-09-05,577.00000000,mean4,181.00000000,396.00000000,0.00000000,1584.00000000,181.00000000
22178,2011-09-05,218.00000000,mean4,372.00000000,0.00000000,154.00000000,154.00000000,218.00000000
22197,2011-09-05,344.00000000,mean4,960.00000000,0.00000000,616.00000000,616.00000000,344.00000000
22355,2011-09-05,229.00000000,mean4,268.00000000,0.00000000,39.00000000,39.00000000,229.00000000
22386,2011-09-05,617.00000000,mean4,394.00000000,223.00000000,0.00000000,892.00000000,394.00000000
22411,2011-09-05,284.00000000,mean4,247.00000000,37.00000000,0.00000000,148.00000000,247.00000000
22423,2011-09-05,105.00000000,mean4,127.00000000,0.00000000,22.00000000,22.00000000,105.00000000
22469,2011-09-05,237.00000000,mean4,119.00000000,118.00000000,0.00000000,472.00000000,119.00000000
22492,2011-09-05,84.00000000,mean4,154.00000000,0.00000000,70.00000000,70.00000000,84.00000000
22616,2011-09-05,76.00000000,mean4,297.00000000,0.00000000,221.00000000,221.00000000,76.00000000
71459,2011-09-05,244.00000000,mean4,129.00000000,115.00000000,0.00000000,460.00000000,129.00000000
72741,2011-09-05,90.00000000,mean4,37.00000000,53.00000000,0.00000000,212.00000000,37.00000000
84077,2011-09-05,336.00000000,mean4,553.00000000,0.00000000,217.00000000,217.00000000,336.00000000
84212,2011-09-05,504.00000000,mean4,147.00000000,357.00000000,0.00000000,1428.00000000,147.00000000
84270,2011-09-05,0.00000000,mean4,0.00000000,0.00000000,0.00000000,0.00000000,0.00000000
84347,2011-09-05,38.00000000,mean4,10.00000000,28.00000000,0.00000000,112.00000000,10.00000000
84568,2011-09-05,45.00000000,mean4,392.00000000,0.00000000,347.00000000,347.00000000,45.00000000
84598,2011-09-05,21.00000000,mean4,16.00000000,5.00000000,0.00000000,20.00000000,16.00000000
84755,2011-09-05,284.00000000,mean4,371.00000000,0.00000000,87.00000000,87.00000000,284.00000000
84879,2011-09-05,384.00000000,mean4,719.00000000,0.00000000,335.00000000,335.00000000,384.00000000
84946,2011-09-05,247.00000000,mean4,288.00000000,0.00000000,41.00000000,41.00000000,247.00000000
84970S,2011-09-05,85.00000000,mean4,78.00000000,7.00000000,0.00000000,28.00000000,78.00000000
84991,2011-09-05,549.00000000,mean4,272.00000000,277.00000000,0.00000000,1108.00000000,272.00000000
84992,2011-09-05,87.00000000,mean4,93.00000000,0.00000000,6.00000000,6.00000000,87.00000000
85099B,2011-09-05,536.00000000,mean4,1034.00000000,0.00000000,498.00000000,498.00000000,536.00000000
85099C,2011-09-05,439.00000000,mean4,190.00000000,249.00000000,0.00000000,996.00000000,190.00000000
85099F,2011-09-05,189.00000000,mean4,442.00000000,0.00000000,253.00000000,253.00000000,189.00000000
85123A,2011-09-05,407.00000000,mean4,456.00000000,0.00000000,49.00000000,49.00000000,407.00000000
15036,2011-09-12,52.00000000,mean4,108.00000000,0.00000000,56.00000000,56.00000000,52.00000000
16014,2011-09-12,0.00000000,mean4,759.00000000,0.00000000,759.00000000,759.00000000,0.00000000
17003,2011-09-12,109.00000000,mean4,373.00000000,0.00000000,264.00000000,264.00000000,109.00000000
20725,2011-09-12,299.00000000,mean4,287.00000000,12.00000000,0.00000000,48.00000000,287.00000000
20727,2011-09-12,302.00000000,mean4,261.00000000,41.00000000,0.00000000,164.00000000,261.00000000
21080,2011-09-12,168.00000000,mean4,155.00000000,13.00000000,0.00000000,52.00000000,155.00000000
21212,2011-09-12,931.00000000,mean4,640.00000000,291.00000000,0.00000000,1164.00000000,640.00000000
21213,2011-09-12,865.00000000,mean4,484.00000000,381.00000000,0.00000000,1524.00000000,484.00000000
21232,2011-09-12,133.00000000,mean4,135.00000000,0.00000000,2.00000000,2.00000000,133.00000000
21498,2011-09-12,125.00000000,mean4,125.00000000,0.00000000,0.00000000,0.00000000,125.00000000
21915,2011-09-12,223.00000000,mean4,368.00000000,0.00000000,145.00000000,145.00000000,223.00000000
21928,2011-09-12,202.00000000,mean4,224.00000000,0.00000000,22.00000000,22.00000000,202.00000000
21929,2011-09-12,78.00000000,mean4,164.00000000,0.00000000,86.00000000,86.00000000,78.00000000
21931,2011-09-12,330.00000000,mean4,333.00000000,0.00000000,3.00000000,3.00000000,330.00000000
21975,2011-09-12,799.00000000,mean4,345.00000000,454.00000000,0.00000000,1816.00000000,345.00000000
21977,2011-09-12,718.00000000,mean4,590.00000000,128.00000000,0.00000000,512.00000000,590.00000000
21980,2011-09-12,89.00000000,mean4,93.00000000,0.00000000,4.00000000,4.00000000,89.00000000
21981,2011-09-12,51.00000000,mean4,63.00000000,0.00000000,12.00000000,12.00000000,51.00000000
21982,2011-09-12,92.00000000,mean4,102.00000000,0.00000000,10.00000000,10.00000000,92.00000000
21984,2011-09-12,90.00000000,mean4,58.00000000,32.00000000,0.00000000,128.00000000,58.00000000
21985,2011-09-12,616.00000000,mean4,127.00000000,489.00000000,0.00000000,1956.00000000,127.00000000
22086,2011-09-12,479.00000000,mean4,184.00000000,295.00000000,0.00000000,1180.00000000,184.00000000
22151,2011-09-12,209.00000000,mean4,310.00000000,0.00000000,101.00000000,101.00000000,209.00000000
22178,2011-09-12,242.00000000,mean4,349.00000000,0.00000000,107.00000000,107.00000000,242.00000000
22197,2011-09-12,546.00000000,mean4,630.00000000,0.00000000,84.00000000,84.00000000,546.00000000
22355,2011-09-12,421.00000000,mean4,263.00000000,158.00000000,0.00000000,632.00000000,263.00000000
22386,2011-09-12,478.00000000,mean4,458.00000000,20.00000000,0.00000000,80.00000000,458.00000000
22411,2011-09-12,335.00000000,mean4,261.00000000,74.00000000,0.00000000,296.00000000,261.00000000
22423,2011-09-12,197.00000000,mean4,123.00000000,74.00000000,0.00000000,296.00000000,123.00000000
22469,2011-09-12,359.00000000,mean4,141.00000000,218.00000000,0.00000000,872.00000000,141.00000000
22492,2011-09-12,325.00000000,mean4,148.00000000,177.00000000,0.00000000,708.00000000,148.00000000
22616,2011-09-12,200.00000000,mean4,281.00000000,0.00000000,81.00000000,81.00000000,200.00000000
71459,2011-09-12,604.00000000,mean4,146.00000000,458.00000000,0.00000000,1832.00000000,146.00000000
72741,2011-09-12,283.00000000,mean4,57.00000000,226.00000000,0.00000000,904.00000000,57.00000000
84077,2011-09-12,960.00000000,mean4,493.00000000,467.00000000,0.00000000,1868.00000000,493.00000000
84212,2011-09-12,0.00000000,mean4,273.00000000,0.00000000,273.00000000,273.00000000,0.00000000
84270,2011-09-12,0.00000000,mean4,0.00000000,0.00000000,0.00000000,0.00000000,0.00000000
84347,2011-09-12,294.00000000,mean4,20.00000000,274.00000000,0.00000000,1096.00000000,20.00000000
84568,2011-09-12,32.00000000,mean4,395.00000000,0.00000000,363.00000000,363.00000000,32.00000000
84598,2011-09-12,12.00000000,mean4,16.00000000,0.00000000,4.00000000,4.00000000,12.00000000
84755,2011-09-12,392.00000000,mean4,306.00000000,86.00000000,0.00000000,344.00000000,306.00000000
84879,2011-09-12,740.00000000,mean4,486.00000000,254.00000000,0.00000000,1016.00000000,486.00000000
84946,2011-09-12,115.00000000,mean4,309.00000000,0.00000000,194.00000000,194.00000000,115.00000000
84970S,2011-09-12,85.00000000,mean4,83.00000000,2.00000000,0.00000000,8.00000000,83.00000000
84991,2011-09-12,733.00000000,mean4,331.00000000,402.00000000,0.00000000,1608.00000000,331.00000000
84992,2011-09-12,655.00000000,mean4,94.00000000,561.00000000,0.00000000,2244.00000000,94.00000000
85099B,2011-09-12,741.00000000,mean4,887.00000000,0.00000000,146.00000000,146.00000000,741.00000000
85099C,2011-09-12,109.00000000,mean4,237.00000000,0.00000000,128.00000000,128.00000000,109.00000000
85099F,2011-09-12,302.00000000,mean4,415.00000000,0.00000000,113.00000000,113.00000000,302.00000000
85123A,2011-09-12,657.00000000,mean4,458.00000000,199.00000000,0.00000000,796.00000000,458.00000000
15036,2011-09-19,93.00000000,mean4,106.00000000,0.00000000,13.00000000,13.00000000,93.00000000
16014,2011-09-19,0.00000000,mean4,759.00000000,0.00000000,759.00000000,759.00000000,0.00000000
17003,2011-09-19,857.00000000,mean4,380.00000000,477.00000000,0.00000000,1908.00000000,380.00000000
20725,2011-09-19,211.00000000,mean4,269.00000000,0.00000000,58.00000000,58.00000000,211.00000000
20727,2011-09-19,312.00000000,mean4,275.00000000,37.00000000,0.00000000,148.00000000,275.00000000
21080,2011-09-19,210.00000000,mean4,169.00000000,41.00000000,0.00000000,164.00000000,169.00000000
21212,2011-09-19,404.00000000,mean4,484.00000000,0.00000000,80.00000000,80.00000000,404.00000000
21213,2011-09-19,251.00000000,mean4,499.00000000,0.00000000,248.00000000,248.00000000,251.00000000
21232,2011-09-19,207.00000000,mean4,149.00000000,58.00000000,0.00000000,232.00000000,149.00000000
21498,2011-09-19,175.00000000,mean4,138.00000000,37.00000000,0.00000000,148.00000000,138.00000000
21915,2011-09-19,197.00000000,mean4,399.00000000,0.00000000,202.00000000,202.00000000,197.00000000
21928,2011-09-19,221.00000000,mean4,210.00000000,11.00000000,0.00000000,44.00000000,210.00000000
21929,2011-09-19,379.00000000,mean4,128.00000000,251.00000000,0.00000000,1004.00000000,128.00000000
21931,2011-09-19,278.00000000,mean4,316.00000000,0.00000000,38.00000000,38.00000000,278.00000000
21975,2011-09-19,310.00000000,mean4,333.00000000,0.00000000,23.00000000,23.00000000,310.00000000
21977,2011-09-19,326.00000000,mean4,568.00000000,0.00000000,242.00000000,242.00000000,326.00000000
21980,2011-09-19,63.00000000,mean4,93.00000000,0.00000000,30.00000000,30.00000000,63.00000000
21981,2011-09-19,76.00000000,mean4,61.00000000,15.00000000,0.00000000,60.00000000,61.00000000
21982,2011-09-19,62.00000000,mean4,105.00000000,0.00000000,43.00000000,43.00000000,62.00000000
21984,2011-09-19,62.00000000,mean4,65.00000000,0.00000000,3.00000000,3.00000000,62.00000000
21985,2011-09-19,102.00000000,mean4,238.00000000,0.00000000,136.00000000,136.00000000,102.00000000
22086,2011-09-19,584.00000000,mean4,299.00000000,285.00000000,0.00000000,1140.00000000,299.00000000
22151,2011-09-19,140.00000000,mean4,235.00000000,0.00000000,95.00000000,95.00000000,140.00000000
22178,2011-09-19,419.00000000,mean4,338.00000000,81.00000000,0.00000000,324.00000000,338.00000000
22197,2011-09-19,562.00000000,mean4,655.00000000,0.00000000,93.00000000,93.00000000,562.00000000
22355,2011-09-19,197.00000000,mean4,332.00000000,0.00000000,135.00000000,135.00000000,197.00000000
22386,2011-09-19,599.00000000,mean4,486.00000000,113.00000000,0.00000000,452.00000000,486.00000000
22411,2011-09-19,422.00000000,mean4,267.00000000,155.00000000,0.00000000,620.00000000,267.00000000
22423,2011-09-19,100.00000000,mean4,135.00000000,0.00000000,35.00000000,35.00000000,100.00000000
22469,2011-09-19,1019.00000000,mean4,211.00000000,808.00000000,0.00000000,3232.00000000,211.00000000
22492,2011-09-19,190.00000000,mean4,185.00000000,5.00000000,0.00000000,20.00000000,185.00000000
22616,2011-09-19,267.00000000,mean4,294.00000000,0.00000000,27.00000000,27.00000000,267.00000000
71459,2011-09-19,120.00000000,mean4,267.00000000,0.00000000,147.00000000,147.00000000,120.00000000
72741,2011-09-19,48.00000000,mean4,114.00000000,0.00000000,66.00000000,66.00000000,48.00000000
84077,2011-09-19,539.00000000,mean4,625.00000000,0.00000000,86.00000000,86.00000000,539.00000000
84212,2011-09-19,24.00000000,mean4,132.00000000,0.00000000,108.00000000,108.00000000,24.00000000
84270,2011-09-19,0.00000000,mean4,0.00000000,0.00000000,0.00000000,0.00000000,0.00000000
84347,2011-09-19,367.00000000,mean4,89.00000000,278.00000000,0.00000000,1112.00000000,89.00000000
84568,2011-09-19,24.00000000,mean4,403.00000000,0.00000000,379.00000000,379.00000000,24.00000000
84598,2011-09-19,20.00000000,mean4,19.00000000,1.00000000,0.00000000,4.00000000,19.00000000
84755,2011-09-19,228.00000000,mean4,353.00000000,0.00000000,125.00000000,125.00000000,228.00000000
84879,2011-09-19,637.00000000,mean4,534.00000000,103.00000000,0.00000000,412.00000000,534.00000000
84946,2011-09-19,477.00000000,mean4,203.00000000,274.00000000,0.00000000,1096.00000000,203.00000000
84970S,2011-09-19,89.00000000,mean4,85.00000000,4.00000000,0.00000000,16.00000000,85.00000000
84991,2011-09-19,306.00000000,mean4,376.00000000,0.00000000,70.00000000,70.00000000,306.00000000
84992,2011-09-19,216.00000000,mean4,235.00000000,0.00000000,19.00000000,19.00000000,216.00000000
85099B,2011-09-19,1387.00000000,mean4,828.00000000,559.00000000,0.00000000,2236.00000000,828.00000000
85099C,2011-09-19,440.00000000,mean4,236.00000000,204.00000000,0.00000000,816.00000000,236.00000000
85099F,2011-09-19,509.00000000,mean4,408.00000000,101.00000000,0.00000000,404.00000000,408.00000000
85123A,2011-09-19,660.00000000,mean4,556.00000000,104.00000000,0.00000000,416.00000000,556.00000000
15036,2011-09-26,30.00000000,mean4,115.00000000,0.00000000,85.00000000,85.00000000,30.00000000
16014,2011-09-26,1.00000000,mean4,250.00000000,0.00000000,249.00000000,249.00000000,1.00000000
17003,2011-09-26,895.00000000,mean4,360.00000000,535.00000000,0.00000000,2140.00000000,360.00000000
20725,2011-09-26,228.00000000,mean4,251.00000000,0.00000000,23.00000000,23.00000000,228.00000000
20727,2011-09-26,205.00000000,mean4,257.00000000,0.00000000,52.00000000,52.00000000,205.00000000
21080,2011-09-26,151.00000000,mean4,175.00000000,0.00000000,24.00000000,24.00000000,151.00000000
21212,2011-09-26,311.00000000,mean4,525.00000000,0.00000000,214.00000000,214.00000000,311.00000000
21213,2011-09-26,194.00000000,mean4,522.00000000,0.00000000,328.00000000,328.00000000,194.00000000
21232,2011-09-26,214.00000000,mean4,176.00000000,38.00000000,0.00000000,152.00000000,176.00000000
21498,2011-09-26,275.00000000,mean4,157.00000000,118.00000000,0.00000000,472.00000000,157.00000000
21915,2011-09-26,192.00000000,mean4,360.00000000,0.00000000,168.00000000,168.00000000,192.00000000
21928,2011-09-26,349.00000000,mean4,184.00000000,165.00000000,0.00000000,660.00000000,184.00000000
21929,2011-09-26,112.00000000,mean4,202.00000000,0.00000000,90.00000000,90.00000000,112.00000000
21931,2011-09-26,260.00000000,mean4,297.00000000,0.00000000,37.00000000,37.00000000,260.00000000
21975,2011-09-26,136.00000000,mean4,387.00000000,0.00000000,251.00000000,251.00000000,136.00000000
21977,2011-09-26,189.00000000,mean4,442.00000000,0.00000000,253.00000000,253.00000000,189.00000000
21980,2011-09-26,73.00000000,mean4,108.00000000,0.00000000,35.00000000,35.00000000,73.00000000
21981,2011-09-26,44.00000000,mean4,73.00000000,0.00000000,29.00000000,29.00000000,44.00000000
21982,2011-09-26,35.00000000,mean4,92.00000000,0.00000000,57.00000000,57.00000000,35.00000000
21984,2011-09-26,78.00000000,mean4,67.00000000,11.00000000,0.00000000,44.00000000,67.00000000
21985,2011-09-26,111.00000000,mean4,226.00000000,0.00000000,115.00000000,115.00000000,111.00000000
22086,2011-09-26,347.00000000,mean4,438.00000000,0.00000000,91.00000000,91.00000000,347.00000000
22151,2011-09-26,110.00000000,mean4,258.00000000,0.00000000,148.00000000,148.00000000,110.00000000
22178,2011-09-26,84.00000000,mean4,343.00000000,0.00000000,259.00000000,259.00000000,84.00000000
22197,2011-09-26,1663.00000000,mean4,599.00000000,1064.00000000,0.00000000,4256.00000000,599.00000000
22355,2011-09-26,170.00000000,mean4,275.00000000,0.00000000,105.00000000,105.00000000,170.00000000
22386,2011-09-26,665.00000000,mean4,483.00000000,182.00000000,0.00000000,728.00000000,483.00000000
22411,2011-09-26,489.00000000,mean4,299.00000000,190.00000000,0.00000000,760.00000000,299.00000000
22423,2011-09-26,136.00000000,mean4,123.00000000,13.00000000,0.00000000,52.00000000,123.00000000
22469,2011-09-26,226.00000000,mean4,437.00000000,0.00000000,211.00000000,211.00000000,226.00000000
22492,2011-09-26,288.00000000,mean4,178.00000000,110.00000000,0.00000000,440.00000000,178.00000000
22616,2011-09-26,577.00000000,mean4,257.00000000,320.00000000,0.00000000,1280.00000000,257.00000000
71459,2011-09-26,276.00000000,mean4,267.00000000,9.00000000,0.00000000,36.00000000,267.00000000
72741,2011-09-26,129.00000000,mean4,124.00000000,5.00000000,0.00000000,20.00000000,124.00000000
84077,2011-09-26,768.00000000,mean4,520.00000000,248.00000000,0.00000000,992.00000000,520.00000000
84212,2011-09-26,24.00000000,mean4,132.00000000,0.00000000,108.00000000,108.00000000,24.00000000
84270,2011-09-26,0.00000000,mean4,0.00000000,0.00000000,0.00000000,0.00000000,0.00000000
84347,2011-09-26,40.00000000,mean4,176.00000000,0.00000000,136.00000000,136.00000000,40.00000000
84568,2011-09-26,9.00000000,mean4,409.00000000,0.00000000,400.00000000,400.00000000,9.00000000
84598,2011-09-26,12.00000000,mean4,24.00000000,0.00000000,12.00000000,12.00000000,12.00000000
84755,2011-09-26,48.00000000,mean4,294.00000000,0.00000000,246.00000000,246.00000000,48.00000000
84879,2011-09-26,791.00000000,mean4,491.00000000,300.00000000,0.00000000,1200.00000000,491.00000000
84946,2011-09-26,378.00000000,mean4,256.00000000,122.00000000,0.00000000,488.00000000,256.00000000
84970S,2011-09-26,202.00000000,mean4,95.00000000,107.00000000,0.00000000,428.00000000,95.00000000
84991,2011-09-26,220.00000000,mean4,426.00000000,0.00000000,206.00000000,206.00000000,220.00000000
84992,2011-09-26,110.00000000,mean4,282.00000000,0.00000000,172.00000000,172.00000000,110.00000000
85099B,2011-09-26,889.00000000,mean4,836.00000000,53.00000000,0.00000000,212.00000000,836.00000000
85099C,2011-09-26,398.00000000,mean4,313.00000000,85.00000000,0.00000000,340.00000000,313.00000000
85099F,2011-09-26,204.00000000,mean4,320.00000000,0.00000000,116.00000000,116.00000000,204.00000000
85123A,2011-09-26,404.00000000,mean4,530.00000000,0.00000000,126.00000000,126.00000000,404.00000000
15036,2011-10-03,721.00000000,mean4,83.00000000,638.00000000,0.00000000,2552.00000000,83.00000000
16014,2011-10-03,0.00000000,mean4,251.00000000,0.00000000,251.00000000,251.00000000,0.00000000
17003,2011-10-03,376.00000000,mean4,511.00000000,0.00000000,135.00000000,135.00000000,376.00000000
20725,2011-10-03,278.00000000,mean4,261.00000000,17.00000000,0.00000000,68.00000000,261.00000000
20727,2011-10-03,208.00000000,mean4,262.00000000,0.00000000,54.00000000,54.00000000,208.00000000
21080,2011-10-03,92.00000000,mean4,179.00000000,0.00000000,87.00000000,87.00000000,92.00000000
21212,2011-10-03,405.00000000,mean4,500.00000000,0.00000000,95.00000000,95.00000000,405.00000000
21213,2011-10-03,202.00000000,mean4,522.00000000,0.00000000,320.00000000,320.00000000,202.00000000
21232,2011-10-03,67.00000000,mean4,211.00000000,0.00000000,144.00000000,144.00000000,67.00000000
21498,2011-10-03,125.00000000,mean4,213.00000000,0.00000000,88.00000000,88.00000000,125.00000000
21915,2011-10-03,1771.00000000,mean4,186.00000000,1585.00000000,0.00000000,6340.00000000,186.00000000
21928,2011-10-03,156.00000000,mean4,225.00000000,0.00000000,69.00000000,69.00000000,156.00000000
21929,2011-10-03,461.00000000,mean4,179.00000000,282.00000000,0.00000000,1128.00000000,179.00000000
21931,2011-10-03,444.00000000,mean4,286.00000000,158.00000000,0.00000000,632.00000000,286.00000000
21975,2011-10-03,107.00000000,mean4,407.00000000,0.00000000,300.00000000,300.00000000,107.00000000
21977,2011-10-03,829.00000000,mean4,439.00000000,390.00000000,0.00000000,1560.00000000,439.00000000
21980,2011-10-03,528.00000000,mean4,111.00000000,417.00000000,0.00000000,1668.00000000,111.00000000
21981,2011-10-03,5.00000000,mean4,77.00000000,0.00000000,72.00000000,72.00000000,5.00000000
21982,2011-10-03,8.00000000,mean4,94.00000000,0.00000000,86.00000000,86.00000000,8.00000000
21984,2011-10-03,76.00000000,mean4,76.00000000,0.00000000,0.00000000,0.00000000,76.00000000
21985,2011-10-03,182.00000000,mean4,232.00000000,0.00000000,50.00000000,50.00000000,182.00000000
22086,2011-10-03,953.00000000,mean4,477.00000000,476.00000000,0.00000000,1904.00000000,477.00000000
22151,2011-10-03,54.00000000,mean4,259.00000000,0.00000000,205.00000000,205.00000000,54.00000000
22178,2011-10-03,1459.00000000,mean4,241.00000000,1218.00000000,0.00000000,4872.00000000,241.00000000
22197,2011-10-03,799.00000000,mean4,779.00000000,20.00000000,0.00000000,80.00000000,779.00000000
22355,2011-10-03,354.00000000,mean4,255.00000000,99.00000000,0.00000000,396.00000000,255.00000000
22386,2011-10-03,1539.00000000,mean4,590.00000000,949.00000000,0.00000000,3796.00000000,590.00000000
22411,2011-10-03,183.00000000,mean4,383.00000000,0.00000000,200.00000000,200.00000000,183.00000000
22423,2011-10-03,297.00000000,mean4,135.00000000,162.00000000,0.00000000,648.00000000,135.00000000
22469,2011-10-03,254.00000000,mean4,461.00000000,0.00000000,207.00000000,207.00000000,254.00000000
22492,2011-10-03,724.00000000,mean4,222.00000000,502.00000000,0.00000000,2008.00000000,222.00000000
22616,2011-10-03,465.00000000,mean4,280.00000000,185.00000000,0.00000000,740.00000000,280.00000000
71459,2011-10-03,168.00000000,mean4,311.00000000,0.00000000,143.00000000,143.00000000,168.00000000
72741,2011-10-03,99.00000000,mean4,138.00000000,0.00000000,39.00000000,39.00000000,99.00000000
84077,2011-10-03,893.00000000,mean4,651.00000000,242.00000000,0.00000000,968.00000000,651.00000000
84212,2011-10-03,480.00000000,mean4,138.00000000,342.00000000,0.00000000,1368.00000000,138.00000000
84270,2011-10-03,0.00000000,mean4,0.00000000,0.00000000,0.00000000,0.00000000,0.00000000
84347,2011-10-03,178.00000000,mean4,185.00000000,0.00000000,7.00000000,7.00000000,178.00000000
84568,2011-10-03,0.00000000,mean4,28.00000000,0.00000000,28.00000000,28.00000000,0.00000000
84598,2011-10-03,20.00000000,mean4,17.00000000,3.00000000,0.00000000,12.00000000,17.00000000
84755,2011-10-03,288.00000000,mean4,238.00000000,50.00000000,0.00000000,200.00000000,238.00000000
84879,2011-10-03,573.00000000,mean4,638.00000000,0.00000000,65.00000000,65.00000000,573.00000000
84946,2011-10-03,342.00000000,mean4,305.00000000,37.00000000,0.00000000,148.00000000,305.00000000
84970S,2011-10-03,40.00000000,mean4,116.00000000,0.00000000,76.00000000,76.00000000,40.00000000
84991,2011-10-03,157.00000000,mean4,452.00000000,0.00000000,295.00000000,295.00000000,157.00000000
84992,2011-10-03,161.00000000,mean4,267.00000000,0.00000000,106.00000000,106.00000000,161.00000000
85099B,2011-10-03,2636.00000000,mean4,889.00000000,1747.00000000,0.00000000,6988.00000000,889.00000000
85099C,2011-10-03,276.00000000,mean4,347.00000000,0.00000000,71.00000000,71.00000000,276.00000000
85099F,2011-10-03,1172.00000000,mean4,301.00000000,871.00000000,0.00000000,3484.00000000,301.00000000
85123A,2011-10-03,156.00000000,mean4,532.00000000,0.00000000,376.00000000,376.00000000,156.00000000
15036,2011-10-10,224.00000000,mean4,224.00000000,0.00000000,0.00000000,0.00000000,224.00000000
16014,2011-10-10,20.00000000,mean4,1.00000000,19.00000000,0.00000000,76.00000000,1.00000000
17003,2011-10-10,72.00000000,mean4,560.00000000,0.00000000,488.00000000,488.00000000,72.00000000
20725,2011-10-10,373.00000000,mean4,254.00000000,119.00000000,0.00000000,476.00000000,254.00000000
20727,2011-10-10,336.00000000,mean4,257.00000000,79.00000000,0.00000000,316.00000000,257.00000000
21080,2011-10-10,47.00000000,mean4,156.00000000,0.00000000,109.00000000,109.00000000,47.00000000
21212,2011-10-10,163.00000000,mean4,513.00000000,0.00000000,350.00000000,350.00000000,163.00000000
21213,2011-10-10,125.00000000,mean4,378.00000000,0.00000000,253.00000000,253.00000000,125.00000000
21232,2011-10-10,370.00000000,mean4,156.00000000,214.00000000,0.00000000,856.00000000,156.00000000
21498,2011-10-10,150.00000000,mean4,175.00000000,0.00000000,25.00000000,25.00000000,150.00000000
21915,2011-10-10,180.00000000,mean4,596.00000000,0.00000000,416.00000000,416.00000000,180.00000000
21928,2011-10-10,79.00000000,mean4,232.00000000,0.00000000,153.00000000,153.00000000,79.00000000
21929,2011-10-10,71.00000000,mean4,258.00000000,0.00000000,187.00000000,187.00000000,71.00000000
21931,2011-10-10,243.00000000,mean4,328.00000000,0.00000000,85.00000000,85.00000000,243.00000000
21975,2011-10-10,19.00000000,mean4,338.00000000,0.00000000,319.00000000,319.00000000,19.00000000
21977,2011-10-10,150.00000000,mean4,516.00000000,0.00000000,366.00000000,366.00000000,150.00000000
21980,2011-10-10,60.00000000,mean4,189.00000000,0.00000000,129.00000000,129.00000000,60.00000000
21981,2011-10-10,16.00000000,mean4,44.00000000,0.00000000,28.00000000,28.00000000,16.00000000
21982,2011-10-10,112.00000000,mean4,50.00000000,62.00000000,0.00000000,248.00000000,50.00000000
21984,2011-10-10,85.00000000,mean4,77.00000000,8.00000000,0.00000000,32.00000000,77.00000000
21985,2011-10-10,114.00000000,mean4,253.00000000,0.00000000,139.00000000,139.00000000,114.00000000
22086,2011-10-10,816.00000000,mean4,591.00000000,225.00000000,0.00000000,900.00000000,591.00000000
22151,2011-10-10,77.00000000,mean4,129.00000000,0.00000000,52.00000000,52.00000000,77.00000000
22178,2011-10-10,297.00000000,mean4,551.00000000,0.00000000,254.00000000,254.00000000,297.00000000
22197,2011-10-10,748.00000000,mean4,893.00000000,0.00000000,145.00000000,145.00000000,748.00000000
22355,2011-10-10,230.00000000,mean4,286.00000000,0.00000000,56.00000000,56.00000000,230.00000000
22386,2011-10-10,397.00000000,mean4,821.00000000,0.00000000,424.00000000,424.00000000,397.00000000
22411,2011-10-10,230.00000000,mean4,358.00000000,0.00000000,128.00000000,128.00000000,230.00000000
22423,2011-10-10,127.00000000,mean4,183.00000000,0.00000000,56.00000000,56.00000000,127.00000000
22469,2011-10-10,88.00000000,mean4,465.00000000,0.00000000,377.00000000,377.00000000,88.00000000
22492,2011-10-10,185.00000000,mean4,382.00000000,0.00000000,197.00000000,197.00000000,185.00000000
22616,2011-10-10,41.00000000,mean4,378.00000000,0.00000000,337.00000000,337.00000000,41.00000000
71459,2011-10-10,129.00000000,mean4,292.00000000,0.00000000,163.00000000,163.00000000,129.00000000
72741,2011-10-10,144.00000000,mean4,140.00000000,4.00000000,0.00000000,16.00000000,140.00000000
84077,2011-10-10,634.00000000,mean4,790.00000000,0.00000000,156.00000000,156.00000000,634.00000000
84212,2011-10-10,0.00000000,mean4,132.00000000,0.00000000,132.00000000,132.00000000,0.00000000
84270,2011-10-10,0.00000000,mean4,0.00000000,0.00000000,0.00000000,0.00000000,0.00000000
84347,2011-10-10,469.00000000,mean4,220.00000000,249.00000000,0.00000000,996.00000000,220.00000000
84568,2011-10-10,18.00000000,mean4,17.00000000,1.00000000,0.00000000,4.00000000,17.00000000
84598,2011-10-10,6.00000000,mean4,16.00000000,0.00000000,10.00000000,10.00000000,6.00000000
84755,2011-10-10,48.00000000,mean4,239.00000000,0.00000000,191.00000000,191.00000000,48.00000000
84879,2011-10-10,412.00000000,mean4,686.00000000,0.00000000,274.00000000,274.00000000,412.00000000
84946,2011-10-10,475.00000000,mean4,328.00000000,147.00000000,0.00000000,588.00000000,328.00000000
84970S,2011-10-10,266.00000000,mean4,104.00000000,162.00000000,0.00000000,648.00000000,104.00000000
84991,2011-10-10,73.00000000,mean4,354.00000000,0.00000000,281.00000000,281.00000000,73.00000000
84992,2011-10-10,33.00000000,mean4,286.00000000,0.00000000,253.00000000,253.00000000,33.00000000
85099B,2011-10-10,847.00000000,mean4,1414.00000000,0.00000000,567.00000000,567.00000000,847.00000000
85099C,2011-10-10,210.00000000,mean4,306.00000000,0.00000000,96.00000000,96.00000000,210.00000000
85099F,2011-10-10,151.00000000,mean4,547.00000000,0.00000000,396.00000000,396.00000000,151.00000000
85123A,2011-10-10,599.00000000,mean4,470.00000000,129.00000000,0.00000000,516.00000000,470.00000000
15036,2011-10-17,122.00000000,mean4,267.00000000,0.00000000,145.00000000,145.00000000,122.00000000
16014,2011-10-17,20.00000000,mean4,6.00000000,14.00000000,0.00000000,56.00000000,6.00000000
17003,2011-10-17,204.00000000,mean4,550.00000000,0.00000000,346.00000000,346.00000000,204.00000000
20725,2011-10-17,146.00000000,mean4,273.00000000,0.00000000,127.00000000,127.00000000,146.00000000
20727,2011-10-17,138.00000000,mean4,266.00000000,0.00000000,128.00000000,128.00000000,138.00000000
21080,2011-10-17,156.00000000,mean4,125.00000000,31.00000000,0.00000000,124.00000000,125.00000000
21212,2011-10-17,143.00000000,mean4,321.00000000,0.00000000,178.00000000,178.00000000,143.00000000
21213,2011-10-17,336.00000000,mean4,193.00000000,143.00000000,0.00000000,572.00000000,193.00000000
21232,2011-10-17,139.00000000,mean4,215.00000000,0.00000000,76.00000000,76.00000000,139.00000000
21498,2011-10-17,100.00000000,mean4,182.00000000,0.00000000,82.00000000,82.00000000,100.00000000
21915,2011-10-17,487.00000000,mean4,585.00000000,0.00000000,98.00000000,98.00000000,487.00000000
21928,2011-10-17,173.00000000,mean4,202.00000000,0.00000000,29.00000000,29.00000000,173.00000000
21929,2011-10-17,84.00000000,mean4,256.00000000,0.00000000,172.00000000,172.00000000,84.00000000
21931,2011-10-17,140.00000000,mean4,307.00000000,0.00000000,167.00000000,167.00000000,140.00000000
21975,2011-10-17,103.00000000,mean4,143.00000000,0.00000000,40.00000000,40.00000000,103.00000000
21977,2011-10-17,112.00000000,mean4,374.00000000,0.00000000,262.00000000,262.00000000,112.00000000
21980,2011-10-17,84.00000000,mean4,181.00000000,0.00000000,97.00000000,97.00000000,84.00000000
21981,2011-10-17,20.00000000,mean4,36.00000000,0.00000000,16.00000000,16.00000000,20.00000000
21982,2011-10-17,41.00000000,mean4,55.00000000,0.00000000,14.00000000,14.00000000,41.00000000
21984,2011-10-17,2.00000000,mean4,76.00000000,0.00000000,74.00000000,74.00000000,2.00000000
21985,2011-10-17,49.00000000,mean4,128.00000000,0.00000000,79.00000000,79.00000000,49.00000000
22086,2011-10-17,698.00000000,mean4,675.00000000,23.00000000,0.00000000,92.00000000,675.00000000
22151,2011-10-17,170.00000000,mean4,96.00000000,74.00000000,0.00000000,296.00000000,96.00000000
22178,2011-10-17,199.00000000,mean4,565.00000000,0.00000000,366.00000000,366.00000000,199.00000000
22197,2011-10-17,613.00000000,mean4,943.00000000,0.00000000,330.00000000,330.00000000,613.00000000
22355,2011-10-17,256.00000000,mean4,238.00000000,18.00000000,0.00000000,72.00000000,238.00000000
22386,2011-10-17,334.00000000,mean4,800.00000000,0.00000000,466.00000000,466.00000000,334.00000000
22411,2011-10-17,80.00000000,mean4,331.00000000,0.00000000,251.00000000,251.00000000,80.00000000
22423,2011-10-17,89.00000000,mean4,165.00000000,0.00000000,76.00000000,76.00000000,89.00000000
22469,2011-10-17,283.00000000,mean4,397.00000000,0.00000000,114.00000000,114.00000000,283.00000000
22492,2011-10-17,74.00000000,mean4,347.00000000,0.00000000,273.00000000,273.00000000,74.00000000
22616,2011-10-17,666.00000000,mean4,338.00000000,328.00000000,0.00000000,1312.00000000,338.00000000
71459,2011-10-17,52.00000000,mean4,174.00000000,0.00000000,122.00000000,122.00000000,52.00000000
72741,2011-10-17,267.00000000,mean4,105.00000000,162.00000000,0.00000000,648.00000000,105.00000000
84077,2011-10-17,975.00000000,mean4,709.00000000,266.00000000,0.00000000,1064.00000000,709.00000000
84212,2011-10-17,0.00000000,mean4,132.00000000,0.00000000,132.00000000,132.00000000,0.00000000
84270,2011-10-17,0.00000000,mean4,0.00000000,0.00000000,0.00000000,0.00000000,0.00000000
84347,2011-10-17,400.00000000,mean4,264.00000000,136.00000000,0.00000000,544.00000000,264.00000000
84568,2011-10-17,24.00000000,mean4,13.00000000,11.00000000,0.00000000,44.00000000,13.00000000
84598,2011-10-17,16.00000000,mean4,15.00000000,1.00000000,0.00000000,4.00000000,15.00000000
84755,2011-10-17,196.00000000,mean4,153.00000000,43.00000000,0.00000000,172.00000000,153.00000000
84879,2011-10-17,732.00000000,mean4,604.00000000,128.00000000,0.00000000,512.00000000,604.00000000
84946,2011-10-17,412.00000000,mean4,418.00000000,0.00000000,6.00000000,6.00000000,412.00000000
84970S,2011-10-17,66.00000000,mean4,150.00000000,0.00000000,84.00000000,84.00000000,66.00000000
84991,2011-10-17,129.00000000,mean4,189.00000000,0.00000000,60.00000000,60.00000000,129.00000000
84992,2011-10-17,104.00000000,mean4,130.00000000,0.00000000,26.00000000,26.00000000,104.00000000
85099B,2011-10-17,725.00000000,mean4,1440.00000000,0.00000000,715.00000000,715.00000000,725.00000000
85099C,2011-10-17,200.00000000,mean4,331.00000000,0.00000000,131.00000000,131.00000000,200.00000000
85099F,2011-10-17,433.00000000,mean4,509.00000000,0.00000000,76.00000000,76.00000000,433.00000000
85123A,2011-10-17,152.00000000,mean4,455.00000000,0.00000000,303.00000000,303.00000000,152.00000000
15036,2011-10-24,101.00000000,mean4,275.00000000,0.00000000,174.00000000,174.00000000,101.00000000
16014,2011-10-24,0.00000000,mean4,11.00000000,0.00000000,11.00000000,11.00000000,0.00000000
17003,2011-10-24,1684.00000000,mean4,387.00000000,1297.00000000,0.00000000,5188.00000000,387.00000000
20725,2011-10-24,234.00000000,mean4,257.00000000,0.00000000,23.00000000,23.00000000,234.00000000
20727,2011-10-24,132.00000000,mean4,222.00000000,0.00000000,90.00000000,90.00000000,132.00000000
21080,2011-10-24,88.00000000,mean4,112.00000000,0.00000000,24.00000000,24.00000000,88.00000000
21212,2011-10-24,449.00000000,mean4,256.00000000,193.00000000,0.00000000,772.00000000,256.00000000
21213,2011-10-24,361.00000000,mean4,215.00000000,146.00000000,0.00000000,584.00000000,215.00000000
21232,2011-10-24,137.00000000,mean4,198.00000000,0.00000000,61.00000000,61.00000000,137.00000000
21498,2011-10-24,325.00000000,mean4,163.00000000,162.00000000,0.00000000,648.00000000,163.00000000
21915,2011-10-24,217.00000000,mean4,658.00000000,0.00000000,441.00000000,441.00000000,217.00000000
21928,2011-10-24,125.00000000,mean4,190.00000000,0.00000000,65.00000000,65.00000000,125.00000000
21929,2011-10-24,67.00000000,mean4,182.00000000,0.00000000,115.00000000,115.00000000,67.00000000
21931,2011-10-24,342.00000000,mean4,272.00000000,70.00000000,0.00000000,280.00000000,272.00000000
21975,2011-10-24,38.00000000,mean4,92.00000000,0.00000000,54.00000000,54.00000000,38.00000000
21977,2011-10-24,97.00000000,mean4,320.00000000,0.00000000,223.00000000,223.00000000,97.00000000
21980,2011-10-24,110.00000000,mean4,187.00000000,0.00000000,77.00000000,77.00000000,110.00000000
21981,2011-10-24,53.00000000,mean4,22.00000000,31.00000000,0.00000000,124.00000000,22.00000000
21982,2011-10-24,107.00000000,mean4,49.00000000,58.00000000,0.00000000,232.00000000,49.00000000
21984,2011-10-24,38.00000000,mean4,61.00000000,0.00000000,23.00000000,23.00000000,38.00000000
21985,2011-10-24,55.00000000,mean4,114.00000000,0.00000000,59.00000000,59.00000000,55.00000000
22086,2011-10-24,752.00000000,mean4,704.00000000,48.00000000,0.00000000,192.00000000,704.00000000
22151,2011-10-24,173.00000000,mean4,103.00000000,70.00000000,0.00000000,280.00000000,103.00000000
22178,2011-10-24,1240.00000000,mean4,510.00000000,730.00000000,0.00000000,2920.00000000,510.00000000
22197,2011-10-24,2771.00000000,mean4,956.00000000,1815.00000000,0.00000000,7260.00000000,956.00000000
22355,2011-10-24,535.00000000,mean4,253.00000000,282.00000000,0.00000000,1128.00000000,253.00000000
22386,2011-10-24,443.00000000,mean4,734.00000000,0.00000000,291.00000000,291.00000000,443.00000000
22411,2011-10-24,156.00000000,mean4,246.00000000,0.00000000,90.00000000,90.00000000,156.00000000
22423,2011-10-24,121.00000000,mean4,163.00000000,0.00000000,42.00000000,42.00000000,121.00000000
22469,2011-10-24,369.00000000,mean4,213.00000000,156.00000000,0.00000000,624.00000000,213.00000000
22492,2011-10-24,612.00000000,mean4,318.00000000,294.00000000,0.00000000,1176.00000000,318.00000000
22616,2011-10-24,173.00000000,mean4,438.00000000,0.00000000,265.00000000,265.00000000,173.00000000
71459,2011-10-24,96.00000000,mean4,157.00000000,0.00000000,61.00000000,61.00000000,96.00000000
72741,2011-10-24,54.00000000,mean4,160.00000000,0.00000000,106.00000000,106.00000000,54.00000000
84077,2011-10-24,5328.00000000,mean4,818.00000000,4510.00000000,0.00000000,18040.00000000,818.00000000
84212,2011-10-24,54.00000000,mean4,126.00000000,0.00000000,72.00000000,72.00000000,54.00000000
84270,2011-10-24,0.00000000,mean4,0.00000000,0.00000000,0.00000000,0.00000000,0.00000000
84347,2011-10-24,669.00000000,mean4,272.00000000,397.00000000,0.00000000,1588.00000000,272.00000000
84568,2011-10-24,0.00000000,mean4,13.00000000,0.00000000,13.00000000,13.00000000,0.00000000
84598,2011-10-24,0.00000000,mean4,14.00000000,0.00000000,14.00000000,14.00000000,0.00000000
84755,2011-10-24,112.00000000,mean4,145.00000000,0.00000000,33.00000000,33.00000000,112.00000000
84879,2011-10-24,745.00000000,mean4,627.00000000,118.00000000,0.00000000,472.00000000,627.00000000
84946,2011-10-24,216.00000000,mean4,402.00000000,0.00000000,186.00000000,186.00000000,216.00000000
84970S,2011-10-24,76.00000000,mean4,144.00000000,0.00000000,68.00000000,68.00000000,76.00000000
84991,2011-10-24,341.00000000,mean4,145.00000000,196.00000000,0.00000000,784.00000000,145.00000000
84992,2011-10-24,275.00000000,mean4,102.00000000,173.00000000,0.00000000,692.00000000,102.00000000
85099B,2011-10-24,590.00000000,mean4,1275.00000000,0.00000000,685.00000000,685.00000000,590.00000000
85099C,2011-10-24,391.00000000,mean4,271.00000000,120.00000000,0.00000000,480.00000000,271.00000000
85099F,2011-10-24,30.00000000,mean4,490.00000000,0.00000000,460.00000000,460.00000000,30.00000000
85123A,2011-10-24,369.00000000,mean4,328.00000000,41.00000000,0.00000000,164.00000000,328.00000000
15036,2011-10-31,83.00000000,mean4,292.00000000,0.00000000,209.00000000,209.00000000,83.00000000
16014,2011-10-31,3021.00000000,mean4,10.00000000,3011.00000000,0.00000000,12044.00000000,10.00000000
17003,2011-10-31,100.00000000,mean4,584.00000000,0.00000000,484.00000000,484.00000000,100.00000000
20725,2011-10-31,223.00000000,mean4,258.00000000,0.00000000,35.00000000,35.00000000,223.00000000
20727,2011-10-31,108.00000000,mean4,204.00000000,0.00000000,96.00000000,96.00000000,108.00000000
21080,2011-10-31,98.00000000,mean4,96.00000000,2.00000000,0.00000000,8.00000000,96.00000000
21212,2011-10-31,777.00000000,mean4,290.00000000,487.00000000,0.00000000,1948.00000000,290.00000000
21213,2011-10-31,131.00000000,mean4,256.00000000,0.00000000,125.00000000,125.00000000,131.00000000
21232,2011-10-31,201.00000000,mean4,179.00000000,22.00000000,0.00000000,88.00000000,179.00000000
21498,2011-10-31,325.00000000,mean4,175.00000000,150.00000000,0.00000000,600.00000000,175.00000000
21915,2011-10-31,2640.00000000,mean4,664.00000000,1976.00000000,0.00000000,7904.00000000,664.00000000
21928,2011-10-31,207.00000000,mean4,134.00000000,73.00000000,0.00000000,292.00000000,134.00000000
21929,2011-10-31,69.00000000,mean4,171.00000000,0.00000000,102.00000000,102.00000000,69.00000000
21931,2011-10-31,245.00000000,mean4,293.00000000,0.00000000,48.00000000,48.00000000,245.00000000
21975,2011-10-31,102.00000000,mean4,67.00000000,35.00000000,0.00000000,140.00000000,67.00000000
21977,2011-10-31,61.00000000,mean4,297.00000000,0.00000000,236.00000000,236.00000000,61.00000000
21980,2011-10-31,112.00000000,mean4,196.00000000,0.00000000,84.00000000,84.00000000,112.00000000
21981,2011-10-31,96.00000000,mean4,24.00000000,72.00000000,0.00000000,288.00000000,24.00000000
21982,2011-10-31,613.00000000,mean4,67.00000000,546.00000000,0.00000000,2184.00000000,67.00000000
21984,2011-10-31,51.00000000,mean4,51.00000000,0.00000000,0.00000000,0.00000000,51.00000000
21985,2011-10-31,135.00000000,mean4,100.00000000,35.00000000,0.00000000,140.00000000,100.00000000
22086,2011-10-31,1717.00000000,mean4,805.00000000,912.00000000,0.00000000,3648.00000000,805.00000000
22151,2011-10-31,155.00000000,mean4,119.00000000,36.00000000,0.00000000,144.00000000,119.00000000
22178,2011-10-31,353.00000000,mean4,799.00000000,0.00000000,446.00000000,446.00000000,353.00000000
22197,2011-10-31,1029.00000000,mean4,1233.00000000,0.00000000,204.00000000,204.00000000,1029.00000000
22355,2011-10-31,274.00000000,mean4,344.00000000,0.00000000,70.00000000,70.00000000,274.00000000
22386,2011-10-31,292.00000000,mean4,679.00000000,0.00000000,387.00000000,387.00000000,292.00000000
22411,2011-10-31,91.00000000,mean4,163.00000000,0.00000000,72.00000000,72.00000000,91.00000000
22423,2011-10-31,236.00000000,mean4,159.00000000,77.00000000,0.00000000,308.00000000,159.00000000
22469,2011-10-31,1006.00000000,mean4,249.00000000,757.00000000,0.00000000,3028.00000000,249.00000000
22492,2011-10-31,118.00000000,mean4,399.00000000,0.00000000,281.00000000,281.00000000,118.00000000
22616,2011-10-31,702.00000000,mean4,337.00000000,365.00000000,0.00000000,1460.00000000,337.00000000
71459,2011-10-31,100.00000000,mean4,112.00000000,0.00000000,12.00000000,12.00000000,100.00000000
72741,2011-10-31,24.00000000,mean4,141.00000000,0.00000000,117.00000000,117.00000000,24.00000000
84077,2011-10-31,974.00000000,mean4,1958.00000000,0.00000000,984.00000000,984.00000000,974.00000000
84212,2011-10-31,0.00000000,mean4,134.00000000,0.00000000,134.00000000,134.00000000,0.00000000
84270,2011-10-31,0.00000000,mean4,0.00000000,0.00000000,0.00000000,0.00000000,0.00000000
84347,2011-10-31,319.00000000,mean4,429.00000000,0.00000000,110.00000000,110.00000000,319.00000000
84568,2011-10-31,30.00000000,mean4,11.00000000,19.00000000,0.00000000,76.00000000,11.00000000
84598,2011-10-31,32.00000000,mean4,11.00000000,21.00000000,0.00000000,84.00000000,11.00000000
84755,2011-10-31,108.00000000,mean4,161.00000000,0.00000000,53.00000000,53.00000000,108.00000000
84879,2011-10-31,912.00000000,mean4,616.00000000,296.00000000,0.00000000,1184.00000000,616.00000000
84946,2011-10-31,823.00000000,mean4,362.00000000,461.00000000,0.00000000,1844.00000000,362.00000000
84970S,2011-10-31,93.00000000,mean4,112.00000000,0.00000000,19.00000000,19.00000000,93.00000000
84991,2011-10-31,215.00000000,mean4,175.00000000,40.00000000,0.00000000,160.00000000,175.00000000
84992,2011-10-31,42.00000000,mean4,144.00000000,0.00000000,102.00000000,102.00000000,42.00000000
85099B,2011-10-31,823.00000000,mean4,1200.00000000,0.00000000,377.00000000,377.00000000,823.00000000
85099C,2011-10-31,80.00000000,mean4,270.00000000,0.00000000,190.00000000,190.00000000,80.00000000
85099F,2011-10-31,193.00000000,mean4,447.00000000,0.00000000,254.00000000,254.00000000,193.00000000
85123A,2011-10-31,1689.00000000,mean4,319.00000000,1370.00000000,0.00000000,5480.00000000,319.00000000
15036,2011-11-07,107.00000000,mean4,133.00000000,0.00000000,26.00000000,26.00000000,107.00000000
16014,2011-11-07,10.00000000,mean4,766.00000000,0.00000000,756.00000000,756.00000000,10.00000000
17003,2011-11-07,109.00000000,mean4,515.00000000,0.00000000,406.00000000,406.00000000,109.00000000
20725,2011-11-07,526.00000000,mean4,244.00000000,282.00000000,0.00000000,1128.00000000,244.00000000
20727,2011-11-07,244.00000000,mean4,179.00000000,65.00000000,0.00000000,260.00000000,179.00000000
21080,2011-11-07,195.00000000,mean4,98.00000000,97.00000000,0.00000000,388.00000000,98.00000000
21212,2011-11-07,326.00000000,mean4,383.00000000,0.00000000,57.00000000,57.00000000,326.00000000
21213,2011-11-07,111.00000000,mean4,239.00000000,0.00000000,128.00000000,128.00000000,111.00000000
21232,2011-11-07,134.00000000,mean4,212.00000000,0.00000000,78.00000000,78.00000000,134.00000000
21498,2011-11-07,200.00000000,mean4,225.00000000,0.00000000,25.00000000,25.00000000,200.00000000
21915,2011-11-07,661.00000000,mean4,881.00000000,0.00000000,220.00000000,220.00000000,661.00000000
21928,2011-11-07,313.00000000,mean4,146.00000000,167.00000000,0.00000000,668.00000000,146.00000000
21929,2011-11-07,407.00000000,mean4,73.00000000,334.00000000,0.00000000,1336.00000000,73.00000000
21931,2011-11-07,504.00000000,mean4,243.00000000,261.00000000,0.00000000,1044.00000000,243.00000000
21975,2011-11-07,125.00000000,mean4,66.00000000,59.00000000,0.00000000,236.00000000,66.00000000
21977,2011-11-07,152.00000000,mean4,105.00000000,47.00000000,0.00000000,188.00000000,105.00000000
21980,2011-11-07,46.00000000,mean4,92.00000000,0.00000000,46.00000000,46.00000000,46.00000000
21981,2011-11-07,45.00000000,mean4,47.00000000,0.00000000,2.00000000,2.00000000,45.00000000
21982,2011-11-07,71.00000000,mean4,219.00000000,0.00000000,148.00000000,148.00000000,71.00000000
21984,2011-11-07,24.00000000,mean4,44.00000000,0.00000000,20.00000000,20.00000000,24.00000000
21985,2011-11-07,29.00000000,mean4,89.00000000,0.00000000,60.00000000,60.00000000,29.00000000
22086,2011-11-07,1273.00000000,mean4,996.00000000,277.00000000,0.00000000,1108.00000000,996.00000000
22151,2011-11-07,60.00000000,mean4,144.00000000,0.00000000,84.00000000,84.00000000,60.00000000
22178,2011-11-07,192.00000000,mean4,523.00000000,0.00000000,331.00000000,331.00000000,192.00000000
22197,2011-11-07,3828.00000000,mean4,1291.00000000,2537.00000000,0.00000000,10148.00000000,1291.00000000
22355,2011-11-07,320.00000000,mean4,324.00000000,0.00000000,4.00000000,4.00000000,320.00000000
22386,2011-11-07,516.00000000,mean4,367.00000000,149.00000000,0.00000000,596.00000000,367.00000000
22411,2011-11-07,617.00000000,mean4,140.00000000,477.00000000,0.00000000,1908.00000000,140.00000000
22423,2011-11-07,157.00000000,mean4,144.00000000,13.00000000,0.00000000,52.00000000,144.00000000
22469,2011-11-07,267.00000000,mean4,437.00000000,0.00000000,170.00000000,170.00000000,267.00000000
22492,2011-11-07,392.00000000,mean4,248.00000000,144.00000000,0.00000000,576.00000000,248.00000000
22616,2011-11-07,254.00000000,mean4,396.00000000,0.00000000,142.00000000,142.00000000,254.00000000
71459,2011-11-07,232.00000000,mean4,95.00000000,137.00000000,0.00000000,548.00000000,95.00000000
72741,2011-11-07,111.00000000,mean4,123.00000000,0.00000000,12.00000000,12.00000000,111.00000000
84077,2011-11-07,1119.00000000,mean4,1978.00000000,0.00000000,859.00000000,859.00000000,1119.00000000
84212,2011-11-07,53.00000000,mean4,14.00000000,39.00000000,0.00000000,156.00000000,14.00000000
84270,2011-11-07,0.00000000,mean4,0.00000000,0.00000000,0.00000000,0.00000000,0.00000000
84347,2011-11-07,582.00000000,mean4,465.00000000,117.00000000,0.00000000,468.00000000,465.00000000
84568,2011-11-07,43.00000000,mean4,18.00000000,25.00000000,0.00000000,100.00000000,18.00000000
84598,2011-11-07,24.00000000,mean4,14.00000000,10.00000000,0.00000000,40.00000000,14.00000000
84755,2011-11-07,308.00000000,mean4,116.00000000,192.00000000,0.00000000,768.00000000,116.00000000
84879,2011-11-07,1732.00000000,mean4,701.00000000,1031.00000000,0.00000000,4124.00000000,701.00000000
84946,2011-11-07,1043.00000000,mean4,482.00000000,561.00000000,0.00000000,2244.00000000,482.00000000
84970S,2011-11-07,54.00000000,mean4,126.00000000,0.00000000,72.00000000,72.00000000,54.00000000
84991,2011-11-07,190.00000000,mean4,190.00000000,0.00000000,0.00000000,0.00000000,190.00000000
84992,2011-11-07,135.00000000,mean4,114.00000000,21.00000000,0.00000000,84.00000000,114.00000000
85099B,2011-11-07,2159.00000000,mean4,747.00000000,1412.00000000,0.00000000,5648.00000000,747.00000000
85099C,2011-11-07,353.00000000,mean4,221.00000000,132.00000000,0.00000000,528.00000000,221.00000000
85099F,2011-11-07,301.00000000,mean4,202.00000000,99.00000000,0.00000000,396.00000000,202.00000000
85123A,2011-11-07,524.00000000,mean4,703.00000000,0.00000000,179.00000000,179.00000000,524.00000000
15036,2011-11-14,104.00000000,mean4,104.00000000,0.00000000,0.00000000,0.00000000,104.00000000
16014,2011-11-14,0.00000000,mean4,763.00000000,0.00000000,763.00000000,763.00000000,0.00000000
17003,2011-11-14,315.00000000,mean4,525.00000000,0.00000000,210.00000000,210.00000000,315.00000000
20725,2011-11-14,448.00000000,mean4,283.00000000,165.00000000,0.00000000,660.00000000,283.00000000
20727,2011-11-14,364.00000000,mean4,156.00000000,208.00000000,0.00000000,832.00000000,156.00000000
21080,2011-11-14,156.00000000,mean4,135.00000000,21.00000000,0.00000000,84.00000000,135.00000000
21212,2011-11-14,396.00000000,mean4,424.00000000,0.00000000,28.00000000,28.00000000,396.00000000
21213,2011-11-14,163.00000000,mean4,235.00000000,0.00000000,72.00000000,72.00000000,163.00000000
21232,2011-11-14,732.00000000,mean4,153.00000000,579.00000000,0.00000000,2316.00000000,153.00000000
21498,2011-11-14,250.00000000,mean4,238.00000000,12.00000000,0.00000000,48.00000000,238.00000000
21915,2011-11-14,351.00000000,mean4,1002.00000000,0.00000000,651.00000000,651.00000000,351.00000000
21928,2011-11-14,99.00000000,mean4,205.00000000,0.00000000,106.00000000,106.00000000,99.00000000
21929,2011-11-14,81.00000000,mean4,157.00000000,0.00000000,76.00000000,76.00000000,81.00000000
21931,2011-11-14,149.00000000,mean4,308.00000000,0.00000000,159.00000000,159.00000000,149.00000000
21975,2011-11-14,149.00000000,mean4,92.00000000,57.00000000,0.00000000,228.00000000,92.00000000
21977,2011-11-14,127.00000000,mean4,106.00000000,21.00000000,0.00000000,84.00000000,106.00000000
21980,2011-11-14,50.00000000,mean4,88.00000000,0.00000000,38.00000000,38.00000000,50.00000000
21981,2011-11-14,34.00000000,mean4,54.00000000,0.00000000,20.00000000,20.00000000,34.00000000
21982,2011-11-14,166.00000000,mean4,208.00000000,0.00000000,42.00000000,42.00000000,166.00000000
21984,2011-11-14,12.00000000,mean4,29.00000000,0.00000000,17.00000000,17.00000000,12.00000000
21985,2011-11-14,128.00000000,mean4,67.00000000,61.00000000,0.00000000,244.00000000,67.00000000
22086,2011-11-14,2147.00000000,mean4,1110.00000000,1037.00000000,0.00000000,4148.00000000,1110.00000000
22151,2011-11-14,124.00000000,mean4,140.00000000,0.00000000,16.00000000,16.00000000,124.00000000
22178,2011-11-14,449.00000000,mean4,496.00000000,0.00000000,47.00000000,47.00000000,449.00000000
22197,2011-11-14,3118.00000000,mean4,2061.00000000,1057.00000000,0.00000000,4228.00000000,2061.00000000
22355,2011-11-14,430.00000000,mean4,347.00000000,83.00000000,0.00000000,332.00000000,347.00000000
22386,2011-11-14,471.00000000,mean4,397.00000000,74.00000000,0.00000000,296.00000000,397.00000000
22411,2011-11-14,280.00000000,mean4,236.00000000,44.00000000,0.00000000,176.00000000,236.00000000
22423,2011-11-14,147.00000000,mean4,151.00000000,0.00000000,4.00000000,4.00000000,147.00000000
22469,2011-11-14,349.00000000,mean4,482.00000000,0.00000000,133.00000000,133.00000000,349.00000000
22492,2011-11-14,535.00000000,mean4,299.00000000,236.00000000,0.00000000,944.00000000,299.00000000
22616,2011-11-14,1205.00000000,mean4,449.00000000,756.00000000,0.00000000,3024.00000000,449.00000000
71459,2011-11-14,360.00000000,mean4,120.00000000,240.00000000,0.00000000,960.00000000,120.00000000
72741,2011-11-14,179.00000000,mean4,114.00000000,65.00000000,0.00000000,260.00000000,114.00000000
84077,2011-11-14,834.00000000,mean4,2099.00000000,0.00000000,1265.00000000,1265.00000000,834.00000000
84212,2011-11-14,2.00000000,mean4,27.00000000,0.00000000,25.00000000,25.00000000,2.00000000
84270,2011-11-14,0.00000000,mean4,0.00000000,0.00000000,0.00000000,0.00000000,0.00000000
84347,2011-11-14,735.00000000,mean4,493.00000000,242.00000000,0.00000000,968.00000000,493.00000000
84568,2011-11-14,319.00000000,mean4,25.00000000,294.00000000,0.00000000,1176.00000000,25.00000000
84598,2011-11-14,26.00000000,mean4,18.00000000,8.00000000,0.00000000,32.00000000,18.00000000
84755,2011-11-14,144.00000000,mean4,181.00000000,0.00000000,37.00000000,37.00000000,144.00000000
84879,2011-11-14,1086.00000000,mean4,1031.00000000,55.00000000,0.00000000,220.00000000,1031.00000000
84946,2011-11-14,809.00000000,mean4,624.00000000,185.00000000,0.00000000,740.00000000,624.00000000
84970S,2011-11-14,84.00000000,mean4,73.00000000,11.00000000,0.00000000,44.00000000,73.00000000
84991,2011-11-14,283.00000000,mean4,219.00000000,64.00000000,0.00000000,256.00000000,219.00000000
84992,2011-11-14,64.00000000,mean4,139.00000000,0.00000000,75.00000000,75.00000000,64.00000000
85099B,2011-11-14,1562.00000000,mean4,1075.00000000,487.00000000,0.00000000,1948.00000000,1075.00000000
85099C,2011-11-14,620.00000000,mean4,256.00000000,364.00000000,0.00000000,1456.00000000,256.00000000
85099F,2011-11-14,196.00000000,mean4,240.00000000,0.00000000,44.00000000,44.00000000,196.00000000
85123A,2011-11-14,1172.00000000,mean4,684.00000000,488.00000000,0.00000000,1952.00000000,684.00000000
15036,2011-11-21,237.00000000,mean4,99.00000000,138.00000000,0.00000000,552.00000000,99.00000000
16014,2011-11-21,514.00000000,mean4,758.00000000,0.00000000,244.00000000,244.00000000,514.00000000
17003,2011-11-21,474.00000000,mean4,552.00000000,0.00000000,78.00000000,78.00000000,474.00000000
20725,2011-11-21,256.00000000,mean4,358.00000000,0.00000000,102.00000000,102.00000000,256.00000000
20727,2011-11-21,248.00000000,mean4,212.00000000,36.00000000,0.00000000,144.00000000,212.00000000
21080,2011-11-21,246.00000000,mean4,135.00000000,111.00000000,0.00000000,444.00000000,135.00000000
21212,2011-11-21,269.00000000,mean4,487.00000000,0.00000000,218.00000000,218.00000000,269.00000000
21213,2011-11-21,64.00000000,mean4,192.00000000,0.00000000,128.00000000,128.00000000,64.00000000
21232,2011-11-21,165.00000000,mean4,301.00000000,0.00000000,136.00000000,136.00000000,165.00000000
21498,2011-11-21,225.00000000,mean4,275.00000000,0.00000000,50.00000000,50.00000000,225.00000000
21915,2011-11-21,22.00000000,mean4,968.00000000,0.00000000,946.00000000,946.00000000,22.00000000
21928,2011-11-21,71.00000000,mean4,186.00000000,0.00000000,115.00000000,115.00000000,71.00000000
21929,2011-11-21,53.00000000,mean4,156.00000000,0.00000000,103.00000000,103.00000000,53.00000000
21931,2011-11-21,209.00000000,mean4,310.00000000,0.00000000,101.00000000,101.00000000,209.00000000
21975,2011-11-21,236.00000000,mean4,104.00000000,132.00000000,0.00000000,528.00000000,104.00000000
21977,2011-11-21,365.00000000,mean4,110.00000000,255.00000000,0.00000000,1020.00000000,110.00000000
21980,2011-11-21,43.00000000,mean4,80.00000000,0.00000000,37.00000000,37.00000000,43.00000000
21981,2011-11-21,29.00000000,mean4,57.00000000,0.00000000,28.00000000,28.00000000,29.00000000
21982,2011-11-21,96.00000000,mean4,240.00000000,0.00000000,144.00000000,144.00000000,96.00000000
21984,2011-11-21,55.00000000,mean4,32.00000000,23.00000000,0.00000000,92.00000000,32.00000000
21985,2011-11-21,88.00000000,mean4,87.00000000,1.00000000,0.00000000,4.00000000,87.00000000
22086,2011-11-21,1659.00000000,mean4,1473.00000000,186.00000000,0.00000000,744.00000000,1473.00000000
22151,2011-11-21,262.00000000,mean4,128.00000000,134.00000000,0.00000000,536.00000000,128.00000000
22178,2011-11-21,342.00000000,mean4,559.00000000,0.00000000,217.00000000,217.00000000,342.00000000
22197,2011-11-21,2855.00000000,mean4,2687.00000000,168.00000000,0.00000000,672.00000000,2687.00000000
22355,2011-11-21,661.00000000,mean4,390.00000000,271.00000000,0.00000000,1084.00000000,390.00000000
22386,2011-11-21,253.00000000,mean4,431.00000000,0.00000000,178.00000000,178.00000000,253.00000000
22411,2011-11-21,355.00000000,mean4,286.00000000,69.00000000,0.00000000,276.00000000,286.00000000
22423,2011-11-21,184.00000000,mean4,166.00000000,18.00000000,0.00000000,72.00000000,166.00000000
22469,2011-11-21,213.00000000,mean4,498.00000000,0.00000000,285.00000000,285.00000000,213.00000000
22492,2011-11-21,366.00000000,mean4,415.00000000,0.00000000,49.00000000,49.00000000,366.00000000
22616,2011-11-21,64.00000000,mean4,584.00000000,0.00000000,520.00000000,520.00000000,64.00000000
71459,2011-11-21,60.00000000,mean4,197.00000000,0.00000000,137.00000000,137.00000000,60.00000000
72741,2011-11-21,276.00000000,mean4,92.00000000,184.00000000,0.00000000,736.00000000,92.00000000
84077,2011-11-21,867.00000000,mean4,2064.00000000,0.00000000,1197.00000000,1197.00000000,867.00000000
84212,2011-11-21,30.00000000,mean4,28.00000000,2.00000000,0.00000000,8.00000000,28.00000000
84270,2011-11-21,0.00000000,mean4,0.00000000,0.00000000,0.00000000,0.00000000,0.00000000
84347,2011-11-21,1144.00000000,mean4,577.00000000,567.00000000,0.00000000,2268.00000000,577.00000000
84568,2011-11-21,362.00000000,mean4,98.00000000,264.00000000,0.00000000,1056.00000000,98.00000000
84598,2011-11-21,21.00000000,mean4,21.00000000,0.00000000,0.00000000,0.00000000,21.00000000
84755,2011-11-21,348.00000000,mean4,168.00000000,180.00000000,0.00000000,720.00000000,168.00000000
84879,2011-11-21,946.00000000,mean4,1119.00000000,0.00000000,173.00000000,173.00000000,946.00000000
84946,2011-11-21,541.00000000,mean4,723.00000000,0.00000000,182.00000000,182.00000000,541.00000000
84970S,2011-11-21,203.00000000,mean4,77.00000000,126.00000000,0.00000000,504.00000000,77.00000000
84991,2011-11-21,333.00000000,mean4,258.00000000,75.00000000,0.00000000,300.00000000,258.00000000
84992,2011-11-21,55.00000000,mean4,129.00000000,0.00000000,74.00000000,74.00000000,55.00000000
85099B,2011-11-21,727.00000000,mean4,1284.00000000,0.00000000,557.00000000,557.00000000,727.00000000
85099C,2011-11-21,203.00000000,mean4,361.00000000,0.00000000,158.00000000,158.00000000,203.00000000
85099F,2011-11-21,42.00000000,mean4,180.00000000,0.00000000,138.00000000,138.00000000,42.00000000
85123A,2011-11-21,557.00000000,mean4,939.00000000,0.00000000,382.00000000,382.00000000,557.00000000
15036,2011-11-28,143.00000000,mean4,133.00000000,10.00000000,0.00000000,40.00000000,133.00000000
16014,2011-11-28,11.00000000,mean4,887.00000000,0.00000000,876.00000000,876.00000000,11.00000000
17003,2011-11-28,130.00000000,mean4,250.00000000,0.00000000,120.00000000,120.00000000,130.00000000
20725,2011-11-28,321.00000000,mean4,364.00000000,0.00000000,43.00000000,43.00000000,321.00000000
20727,2011-11-28,281.00000000,mean4,241.00000000,40.00000000,0.00000000,160.00000000,241.00000000
21080,2011-11-28,106.00000000,mean4,174.00000000,0.00000000,68.00000000,68.00000000,106.00000000
21212,2011-11-28,426.00000000,mean4,442.00000000,0.00000000,16.00000000,16.00000000,426.00000000
21213,2011-11-28,186.00000000,mean4,118.00000000,68.00000000,0.00000000,272.00000000,118.00000000
21232,2011-11-28,379.00000000,mean4,308.00000000,71.00000000,0.00000000,284.00000000,308.00000000
21498,2011-11-28,250.00000000,mean4,250.00000000,0.00000000,0.00000000,0.00000000,250.00000000
21915,2011-11-28,1120.00000000,mean4,919.00000000,201.00000000,0.00000000,804.00000000,919.00000000
21928,2011-11-28,215.00000000,mean4,173.00000000,42.00000000,0.00000000,168.00000000,173.00000000
21929,2011-11-28,107.00000000,mean4,153.00000000,0.00000000,46.00000000,46.00000000,107.00000000
21931,2011-11-28,257.00000000,mean4,277.00000000,0.00000000,20.00000000,20.00000000,257.00000000
21975,2011-11-28,100.00000000,mean4,153.00000000,0.00000000,53.00000000,53.00000000,100.00000000
21977,2011-11-28,239.00000000,mean4,177.00000000,62.00000000,0.00000000,248.00000000,177.00000000
21980,2011-11-28,30.00000000,mean4,63.00000000,0.00000000,33.00000000,33.00000000,30.00000000
21981,2011-11-28,13.00000000,mean4,51.00000000,0.00000000,38.00000000,38.00000000,13.00000000
21982,2011-11-28,27.00000000,mean4,237.00000000,0.00000000,210.00000000,210.00000000,27.00000000
21984,2011-11-28,14.00000000,mean4,36.00000000,0.00000000,22.00000000,22.00000000,14.00000000
21985,2011-11-28,105.00000000,mean4,95.00000000,10.00000000,0.00000000,40.00000000,95.00000000
22086,2011-11-28,1516.00000000,mean4,1699.00000000,0.00000000,183.00000000,183.00000000,1516.00000000
22151,2011-11-28,239.00000000,mean4,151.00000000,88.00000000,0.00000000,352.00000000,151.00000000
22178,2011-11-28,749.00000000,mean4,334.00000000,415.00000000,0.00000000,1660.00000000,334.00000000
22197,2011-11-28,3159.00000000,mean4,2708.00000000,451.00000000,0.00000000,1804.00000000,2708.00000000
22355,2011-11-28,692.00000000,mean4,422.00000000,270.00000000,0.00000000,1080.00000000,422.00000000
22386,2011-11-28,416.00000000,mean4,383.00000000,33.00000000,0.00000000,132.00000000,383.00000000
22411,2011-11-28,340.00000000,mean4,336.00000000,4.00000000,0.00000000,16.00000000,336.00000000
22423,2011-11-28,197.00000000,mean4,181.00000000,16.00000000,0.00000000,64.00000000,181.00000000
22469,2011-11-28,809.00000000,mean4,459.00000000,350.00000000,0.00000000,1400.00000000,459.00000000
22492,2011-11-28,229.00000000,mean4,353.00000000,0.00000000,124.00000000,124.00000000,229.00000000
22616,2011-11-28,636.00000000,mean4,557.00000000,79.00000000,0.00000000,316.00000000,557.00000000
71459,2011-11-28,124.00000000,mean4,188.00000000,0.00000000,64.00000000,64.00000000,124.00000000
72741,2011-11-28,237.00000000,mean4,148.00000000,89.00000000,0.00000000,356.00000000,148.00000000
84077,2011-11-28,689.00000000,mean4,949.00000000,0.00000000,260.00000000,260.00000000,689.00000000
84212,2011-11-28,480.00000000,mean4,22.00000000,458.00000000,0.00000000,1832.00000000,22.00000000
84270,2011-11-28,0.00000000,mean4,0.00000000,0.00000000,0.00000000,0.00000000,0.00000000
84347,2011-11-28,686.00000000,mean4,695.00000000,0.00000000,9.00000000,9.00000000,686.00000000
84568,2011-11-28,354.00000000,mean4,189.00000000,165.00000000,0.00000000,660.00000000,189.00000000
84598,2011-11-28,41.00000000,mean4,26.00000000,15.00000000,0.00000000,60.00000000,26.00000000
84755,2011-11-28,40.00000000,mean4,227.00000000,0.00000000,187.00000000,187.00000000,40.00000000
84879,2011-11-28,953.00000000,mean4,1169.00000000,0.00000000,216.00000000,216.00000000,953.00000000
84946,2011-11-28,489.00000000,mean4,804.00000000,0.00000000,315.00000000,315.00000000,489.00000000
84970S,2011-11-28,265.00000000,mean4,109.00000000,156.00000000,0.00000000,624.00000000,109.00000000
84991,2011-11-28,112.00000000,mean4,256.00000000,0.00000000,144.00000000,144.00000000,112.00000000
84992,2011-11-28,161.00000000,mean4,74.00000000,87.00000000,0.00000000,348.00000000,74.00000000
85099B,2011-11-28,1009.00000000,mean4,1318.00000000,0.00000000,309.00000000,309.00000000,1009.00000000
85099C,2011-11-28,384.00000000,mean4,314.00000000,70.00000000,0.00000000,280.00000000,314.00000000
85099F,2011-11-28,426.00000000,mean4,183.00000000,243.00000000,0.00000000,972.00000000,183.00000000
85123A,2011-11-28,654.00000000,mean4,986.00000000,0.00000000,332.00000000,332.00000000,654.00000000
15036,2011-09-05,155.00000000,mean4_tuned,171.00000000,0.00000000,16.00000000,16.00000000,155.00000000
16014,2011-09-05,1000.00000000,mean4_tuned,640.00000000,360.00000000,0.00000000,1440.00000000,640.00000000
17003,2011-09-05,180.00000000,mean4_tuned,455.00000000,0.00000000,275.00000000,275.00000000,180.00000000
20725,2011-09-05,303.00000000,mean4_tuned,444.00000000,0.00000000,141.00000000,141.00000000,303.00000000
20727,2011-09-05,227.00000000,mean4_tuned,351.00000000,0.00000000,124.00000000,124.00000000,227.00000000
21080,2011-09-05,186.00000000,mean4_tuned,164.00000000,22.00000000,0.00000000,88.00000000,164.00000000
21212,2011-09-05,352.00000000,mean4_tuned,772.00000000,0.00000000,420.00000000,420.00000000,352.00000000
21213,2011-09-05,775.00000000,mean4_tuned,382.00000000,393.00000000,0.00000000,1572.00000000,382.00000000
21232,2011-09-05,287.00000000,mean4_tuned,116.00000000,171.00000000,0.00000000,684.00000000,116.00000000
21498,2011-09-05,275.00000000,mean4_tuned,102.00000000,173.00000000,0.00000000,692.00000000,102.00000000
21915,2011-09-05,130.00000000,mean4_tuned,679.00000000,0.00000000,549.00000000,549.00000000,130.00000000
21928,2011-09-05,126.00000000,mean4_tuned,282.00000000,0.00000000,156.00000000,156.00000000,126.00000000
21929,2011-09-05,144.00000000,mean4_tuned,192.00000000,0.00000000,48.00000000,48.00000000,144.00000000
21931,2011-09-05,276.00000000,mean4_tuned,422.00000000,0.00000000,146.00000000,146.00000000,276.00000000
21975,2011-09-05,383.00000000,mean4_tuned,340.00000000,43.00000000,0.00000000,172.00000000,340.00000000
21977,2011-09-05,520.00000000,mean4_tuned,645.00000000,0.00000000,125.00000000,125.00000000,520.00000000
21980,2011-09-05,218.00000000,mean4_tuned,60.00000000,158.00000000,0.00000000,632.00000000,60.00000000
21981,2011-09-05,135.00000000,mean4_tuned,40.00000000,95.00000000,0.00000000,380.00000000,40.00000000
21982,2011-09-05,186.00000000,mean4_tuned,86.00000000,100.00000000,0.00000000,400.00000000,86.00000000
21984,2011-09-05,74.00000000,mean4_tuned,68.00000000,6.00000000,0.00000000,24.00000000,68.00000000
21985,2011-09-05,98.00000000,mean4_tuned,148.00000000,0.00000000,50.00000000,50.00000000,98.00000000
22086,2011-09-05,495.00000000,mean4_tuned,83.00000000,412.00000000,0.00000000,1648.00000000,83.00000000
22151,2011-09-05,577.00000000,mean4_tuned,226.00000000,351.00000000,0.00000000,1404.00000000,226.00000000
22178,2011-09-05,218.00000000,mean4_tuned,465.00000000,0.00000000,247.00000000,247.00000000,218.00000000
22197,2011-09-05,344.00000000,mean4_tuned,1200.00000000,0.00000000,856.00000000,856.00000000,344.00000000
22355,2011-09-05,229.00000000,mean4_tuned,335.00000000,0.00000000,106.00000000,106.00000000,229.00000000
22386,2011-09-05,617.00000000,mean4_tuned,492.00000000,125.00000000,0.00000000,500.00000000,492.00000000
22411,2011-09-05,284.00000000,mean4_tuned,309.00000000,0.00000000,25.00000000,25.00000000,284.00000000
22423,2011-09-05,105.00000000,mean4_tuned,159.00000000,0.00000000,54.00000000,54.00000000,105.00000000
22469,2011-09-05,237.00000000,mean4_tuned,149.00000000,88.00000000,0.00000000,352.00000000,149.00000000
22492,2011-09-05,84.00000000,mean4_tuned,193.00000000,0.00000000,109.00000000,109.00000000,84.00000000
22616,2011-09-05,76.00000000,mean4_tuned,371.00000000,0.00000000,295.00000000,295.00000000,76.00000000
71459,2011-09-05,244.00000000,mean4_tuned,162.00000000,82.00000000,0.00000000,328.00000000,162.00000000
72741,2011-09-05,90.00000000,mean4_tuned,46.00000000,44.00000000,0.00000000,176.00000000,46.00000000
84077,2011-09-05,336.00000000,mean4_tuned,691.00000000,0.00000000,355.00000000,355.00000000,336.00000000
84212,2011-09-05,504.00000000,mean4_tuned,184.00000000,320.00000000,0.00000000,1280.00000000,184.00000000
84270,2011-09-05,0.00000000,mean4_tuned,0.00000000,0.00000000,0.00000000,0.00000000,0.00000000
84347,2011-09-05,38.00000000,mean4_tuned,13.00000000,25.00000000,0.00000000,100.00000000,13.00000000
84568,2011-09-05,45.00000000,mean4_tuned,490.00000000,0.00000000,445.00000000,445.00000000,45.00000000
84598,2011-09-05,21.00000000,mean4_tuned,20.00000000,1.00000000,0.00000000,4.00000000,20.00000000
84755,2011-09-05,284.00000000,mean4_tuned,464.00000000,0.00000000,180.00000000,180.00000000,284.00000000
84879,2011-09-05,384.00000000,mean4_tuned,898.00000000,0.00000000,514.00000000,514.00000000,384.00000000
84946,2011-09-05,247.00000000,mean4_tuned,360.00000000,0.00000000,113.00000000,113.00000000,247.00000000
84970S,2011-09-05,85.00000000,mean4_tuned,97.00000000,0.00000000,12.00000000,12.00000000,85.00000000
84991,2011-09-05,549.00000000,mean4_tuned,340.00000000,209.00000000,0.00000000,836.00000000,340.00000000
84992,2011-09-05,87.00000000,mean4_tuned,116.00000000,0.00000000,29.00000000,29.00000000,87.00000000
85099B,2011-09-05,536.00000000,mean4_tuned,1292.00000000,0.00000000,756.00000000,756.00000000,536.00000000
85099C,2011-09-05,439.00000000,mean4_tuned,238.00000000,201.00000000,0.00000000,804.00000000,238.00000000
85099F,2011-09-05,189.00000000,mean4_tuned,553.00000000,0.00000000,364.00000000,364.00000000,189.00000000
85123A,2011-09-05,407.00000000,mean4_tuned,570.00000000,0.00000000,163.00000000,163.00000000,407.00000000
15036,2011-09-12,52.00000000,mean4_tuned,135.00000000,0.00000000,83.00000000,83.00000000,52.00000000
16014,2011-09-12,0.00000000,mean4_tuned,949.00000000,0.00000000,949.00000000,949.00000000,0.00000000
17003,2011-09-12,109.00000000,mean4_tuned,466.00000000,0.00000000,357.00000000,357.00000000,109.00000000
20725,2011-09-12,299.00000000,mean4_tuned,359.00000000,0.00000000,60.00000000,60.00000000,299.00000000
20727,2011-09-12,302.00000000,mean4_tuned,326.00000000,0.00000000,24.00000000,24.00000000,302.00000000
21080,2011-09-12,168.00000000,mean4_tuned,194.00000000,0.00000000,26.00000000,26.00000000,168.00000000
21212,2011-09-12,931.00000000,mean4_tuned,800.00000000,131.00000000,0.00000000,524.00000000,800.00000000
21213,2011-09-12,865.00000000,mean4_tuned,605.00000000,260.00000000,0.00000000,1040.00000000,605.00000000
21232,2011-09-12,133.00000000,mean4_tuned,169.00000000,0.00000000,36.00000000,36.00000000,133.00000000
21498,2011-09-12,125.00000000,mean4_tuned,157.00000000,0.00000000,32.00000000,32.00000000,125.00000000
21915,2011-09-12,223.00000000,mean4_tuned,460.00000000,0.00000000,237.00000000,237.00000000,223.00000000
21928,2011-09-12,202.00000000,mean4_tuned,280.00000000,0.00000000,78.00000000,78.00000000,202.00000000
21929,2011-09-12,78.00000000,mean4_tuned,205.00000000,0.00000000,127.00000000,127.00000000,78.00000000
21931,2011-09-12,330.00000000,mean4_tuned,416.00000000,0.00000000,86.00000000,86.00000000,330.00000000
21975,2011-09-12,799.00000000,mean4_tuned,431.00000000,368.00000000,0.00000000,1472.00000000,431.00000000
21977,2011-09-12,718.00000000,mean4_tuned,737.00000000,0.00000000,19.00000000,19.00000000,718.00000000
21980,2011-09-12,89.00000000,mean4_tuned,116.00000000,0.00000000,27.00000000,27.00000000,89.00000000
21981,2011-09-12,51.00000000,mean4_tuned,79.00000000,0.00000000,28.00000000,28.00000000,51.00000000
21982,2011-09-12,92.00000000,mean4_tuned,127.00000000,0.00000000,35.00000000,35.00000000,92.00000000
21984,2011-09-12,90.00000000,mean4_tuned,72.00000000,18.00000000,0.00000000,72.00000000,72.00000000
21985,2011-09-12,616.00000000,mean4_tuned,159.00000000,457.00000000,0.00000000,1828.00000000,159.00000000
22086,2011-09-12,479.00000000,mean4_tuned,230.00000000,249.00000000,0.00000000,996.00000000,230.00000000
22151,2011-09-12,209.00000000,mean4_tuned,387.00000000,0.00000000,178.00000000,178.00000000,209.00000000
22178,2011-09-12,242.00000000,mean4_tuned,436.00000000,0.00000000,194.00000000,194.00000000,242.00000000
22197,2011-09-12,546.00000000,mean4_tuned,787.00000000,0.00000000,241.00000000,241.00000000,546.00000000
22355,2011-09-12,421.00000000,mean4_tuned,328.00000000,93.00000000,0.00000000,372.00000000,328.00000000
22386,2011-09-12,478.00000000,mean4_tuned,572.00000000,0.00000000,94.00000000,94.00000000,478.00000000
22411,2011-09-12,335.00000000,mean4_tuned,326.00000000,9.00000000,0.00000000,36.00000000,326.00000000
22423,2011-09-12,197.00000000,mean4_tuned,153.00000000,44.00000000,0.00000000,176.00000000,153.00000000
22469,2011-09-12,359.00000000,mean4_tuned,176.00000000,183.00000000,0.00000000,732.00000000,176.00000000
22492,2011-09-12,325.00000000,mean4_tuned,185.00000000,140.00000000,0.00000000,560.00000000,185.00000000
22616,2011-09-12,200.00000000,mean4_tuned,351.00000000,0.00000000,151.00000000,151.00000000,200.00000000
71459,2011-09-12,604.00000000,mean4_tuned,183.00000000,421.00000000,0.00000000,1684.00000000,183.00000000
72741,2011-09-12,283.00000000,mean4_tuned,71.00000000,212.00000000,0.00000000,848.00000000,71.00000000
84077,2011-09-12,960.00000000,mean4_tuned,616.00000000,344.00000000,0.00000000,1376.00000000,616.00000000
84212,2011-09-12,0.00000000,mean4_tuned,342.00000000,0.00000000,342.00000000,342.00000000,0.00000000
84270,2011-09-12,0.00000000,mean4_tuned,0.00000000,0.00000000,0.00000000,0.00000000,0.00000000
84347,2011-09-12,294.00000000,mean4_tuned,25.00000000,269.00000000,0.00000000,1076.00000000,25.00000000
84568,2011-09-12,32.00000000,mean4_tuned,493.00000000,0.00000000,461.00000000,461.00000000,32.00000000
84598,2011-09-12,12.00000000,mean4_tuned,20.00000000,0.00000000,8.00000000,8.00000000,12.00000000
84755,2011-09-12,392.00000000,mean4_tuned,383.00000000,9.00000000,0.00000000,36.00000000,383.00000000
84879,2011-09-12,740.00000000,mean4_tuned,607.00000000,133.00000000,0.00000000,532.00000000,607.00000000
84946,2011-09-12,115.00000000,mean4_tuned,386.00000000,0.00000000,271.00000000,271.00000000,115.00000000
84970S,2011-09-12,85.00000000,mean4_tuned,104.00000000,0.00000000,19.00000000,19.00000000,85.00000000
84991,2011-09-12,733.00000000,mean4_tuned,413.00000000,320.00000000,0.00000000,1280.00000000,413.00000000
84992,2011-09-12,655.00000000,mean4_tuned,117.00000000,538.00000000,0.00000000,2152.00000000,117.00000000
85099B,2011-09-12,741.00000000,mean4_tuned,1109.00000000,0.00000000,368.00000000,368.00000000,741.00000000
85099C,2011-09-12,109.00000000,mean4_tuned,296.00000000,0.00000000,187.00000000,187.00000000,109.00000000
85099F,2011-09-12,302.00000000,mean4_tuned,518.00000000,0.00000000,216.00000000,216.00000000,302.00000000
85123A,2011-09-12,657.00000000,mean4_tuned,572.00000000,85.00000000,0.00000000,340.00000000,572.00000000
15036,2011-09-19,93.00000000,mean4_tuned,133.00000000,0.00000000,40.00000000,40.00000000,93.00000000
16014,2011-09-19,0.00000000,mean4_tuned,949.00000000,0.00000000,949.00000000,949.00000000,0.00000000
17003,2011-09-19,857.00000000,mean4_tuned,475.00000000,382.00000000,0.00000000,1528.00000000,475.00000000
20725,2011-09-19,211.00000000,mean4_tuned,336.00000000,0.00000000,125.00000000,125.00000000,211.00000000
20727,2011-09-19,312.00000000,mean4_tuned,344.00000000,0.00000000,32.00000000,32.00000000,312.00000000
21080,2011-09-19,210.00000000,mean4_tuned,211.00000000,0.00000000,1.00000000,1.00000000,210.00000000
21212,2011-09-19,404.00000000,mean4_tuned,605.00000000,0.00000000,201.00000000,201.00000000,404.00000000
21213,2011-09-19,251.00000000,mean4_tuned,624.00000000,0.00000000,373.00000000,373.00000000,251.00000000
21232,2011-09-19,207.00000000,mean4_tuned,186.00000000,21.00000000,0.00000000,84.00000000,186.00000000
21498,2011-09-19,175.00000000,mean4_tuned,172.00000000,3.00000000,0.00000000,12.00000000,172.00000000
21915,2011-09-19,197.00000000,mean4_tuned,499.00000000,0.00000000,302.00000000,302.00000000,197.00000000
21928,2011-09-19,221.00000000,mean4_tuned,262.00000000,0.00000000,41.00000000,41.00000000,221.00000000
21929,2011-09-19,379.00000000,mean4_tuned,160.00000000,219.00000000,0.00000000,876.00000000,160.00000000
21931,2011-09-19,278.00000000,mean4_tuned,395.00000000,0.00000000,117.00000000,117.00000000,278.00000000
21975,2011-09-19,310.00000000,mean4_tuned,416.00000000,0.00000000,106.00000000,106.00000000,310.00000000
21977,2011-09-19,326.00000000,mean4_tuned,710.00000000,0.00000000,384.00000000,384.00000000,326.00000000
21980,2011-09-19,63.00000000,mean4_tuned,116.00000000,0.00000000,53.00000000,53.00000000,63.00000000
21981,2011-09-19,76.00000000,mean4_tuned,76.00000000,0.00000000,0.00000000,0.00000000,76.00000000
21982,2011-09-19,62.00000000,mean4_tuned,131.00000000,0.00000000,69.00000000,69.00000000,62.00000000
21984,2011-09-19,62.00000000,mean4_tuned,81.00000000,0.00000000,19.00000000,19.00000000,62.00000000
21985,2011-09-19,102.00000000,mean4_tuned,298.00000000,0.00000000,196.00000000,196.00000000,102.00000000
22086,2011-09-19,584.00000000,mean4_tuned,373.00000000,211.00000000,0.00000000,844.00000000,373.00000000
22151,2011-09-19,140.00000000,mean4_tuned,294.00000000,0.00000000,154.00000000,154.00000000,140.00000000
22178,2011-09-19,419.00000000,mean4_tuned,422.00000000,0.00000000,3.00000000,3.00000000,419.00000000
22197,2011-09-19,562.00000000,mean4_tuned,819.00000000,0.00000000,257.00000000,257.00000000,562.00000000
22355,2011-09-19,197.00000000,mean4_tuned,415.00000000,0.00000000,218.00000000,218.00000000,197.00000000
22386,2011-09-19,599.00000000,mean4_tuned,607.00000000,0.00000000,8.00000000,8.00000000,599.00000000
22411,2011-09-19,422.00000000,mean4_tuned,333.00000000,89.00000000,0.00000000,356.00000000,333.00000000
22423,2011-09-19,100.00000000,mean4_tuned,169.00000000,0.00000000,69.00000000,69.00000000,100.00000000
22469,2011-09-19,1019.00000000,mean4_tuned,264.00000000,755.00000000,0.00000000,3020.00000000,264.00000000
22492,2011-09-19,190.00000000,mean4_tuned,231.00000000,0.00000000,41.00000000,41.00000000,190.00000000
22616,2011-09-19,267.00000000,mean4_tuned,367.00000000,0.00000000,100.00000000,100.00000000,267.00000000
71459,2011-09-19,120.00000000,mean4_tuned,334.00000000,0.00000000,214.00000000,214.00000000,120.00000000
72741,2011-09-19,48.00000000,mean4_tuned,143.00000000,0.00000000,95.00000000,95.00000000,48.00000000
84077,2011-09-19,539.00000000,mean4_tuned,781.00000000,0.00000000,242.00000000,242.00000000,539.00000000
84212,2011-09-19,24.00000000,mean4_tuned,165.00000000,0.00000000,141.00000000,141.00000000,24.00000000
84270,2011-09-19,0.00000000,mean4_tuned,0.00000000,0.00000000,0.00000000,0.00000000,0.00000000
84347,2011-09-19,367.00000000,mean4_tuned,111.00000000,256.00000000,0.00000000,1024.00000000,111.00000000
84568,2011-09-19,24.00000000,mean4_tuned,503.00000000,0.00000000,479.00000000,479.00000000,24.00000000
84598,2011-09-19,20.00000000,mean4_tuned,24.00000000,0.00000000,4.00000000,4.00000000,20.00000000
84755,2011-09-19,228.00000000,mean4_tuned,442.00000000,0.00000000,214.00000000,214.00000000,228.00000000
84879,2011-09-19,637.00000000,mean4_tuned,667.00000000,0.00000000,30.00000000,30.00000000,637.00000000
84946,2011-09-19,477.00000000,mean4_tuned,254.00000000,223.00000000,0.00000000,892.00000000,254.00000000
84970S,2011-09-19,89.00000000,mean4_tuned,107.00000000,0.00000000,18.00000000,18.00000000,89.00000000
84991,2011-09-19,306.00000000,mean4_tuned,470.00000000,0.00000000,164.00000000,164.00000000,306.00000000
84992,2011-09-19,216.00000000,mean4_tuned,294.00000000,0.00000000,78.00000000,78.00000000,216.00000000
85099B,2011-09-19,1387.00000000,mean4_tuned,1035.00000000,352.00000000,0.00000000,1408.00000000,1035.00000000
85099C,2011-09-19,440.00000000,mean4_tuned,295.00000000,145.00000000,0.00000000,580.00000000,295.00000000
85099F,2011-09-19,509.00000000,mean4_tuned,510.00000000,0.00000000,1.00000000,1.00000000,509.00000000
85123A,2011-09-19,660.00000000,mean4_tuned,695.00000000,0.00000000,35.00000000,35.00000000,660.00000000
15036,2011-09-26,30.00000000,mean4_tuned,143.00000000,0.00000000,113.00000000,113.00000000,30.00000000
16014,2011-09-26,1.00000000,mean4_tuned,313.00000000,0.00000000,312.00000000,312.00000000,1.00000000
17003,2011-09-26,895.00000000,mean4_tuned,450.00000000,445.00000000,0.00000000,1780.00000000,450.00000000
20725,2011-09-26,228.00000000,mean4_tuned,314.00000000,0.00000000,86.00000000,86.00000000,228.00000000
20727,2011-09-26,205.00000000,mean4_tuned,322.00000000,0.00000000,117.00000000,117.00000000,205.00000000
21080,2011-09-26,151.00000000,mean4_tuned,219.00000000,0.00000000,68.00000000,68.00000000,151.00000000
21212,2011-09-26,311.00000000,mean4_tuned,656.00000000,0.00000000,345.00000000,345.00000000,311.00000000
21213,2011-09-26,194.00000000,mean4_tuned,652.00000000,0.00000000,458.00000000,458.00000000,194.00000000
21232,2011-09-26,214.00000000,mean4_tuned,220.00000000,0.00000000,6.00000000,6.00000000,214.00000000
21498,2011-09-26,275.00000000,mean4_tuned,196.00000000,79.00000000,0.00000000,316.00000000,196.00000000
21915,2011-09-26,192.00000000,mean4_tuned,450.00000000,0.00000000,258.00000000,258.00000000,192.00000000
21928,2011-09-26,349.00000000,mean4_tuned,230.00000000,119.00000000,0.00000000,476.00000000,230.00000000
21929,2011-09-26,112.00000000,mean4_tuned,253.00000000,0.00000000,141.00000000,141.00000000,112.00000000
21931,2011-09-26,260.00000000,mean4_tuned,371.00000000,0.00000000,111.00000000,111.00000000,260.00000000
21975,2011-09-26,136.00000000,mean4_tuned,484.00000000,0.00000000,348.00000000,348.00000000,136.00000000
21977,2011-09-26,189.00000000,mean4_tuned,553.00000000,0.00000000,364.00000000,364.00000000,189.00000000
21980,2011-09-26,73.00000000,mean4_tuned,135.00000000,0.00000000,62.00000000,62.00000000,73.00000000
21981,2011-09-26,44.00000000,mean4_tuned,92.00000000,0.00000000,48.00000000,48.00000000,44.00000000
21982,2011-09-26,35.00000000,mean4_tuned,115.00000000,0.00000000,80.00000000,80.00000000,35.00000000
21984,2011-09-26,78.00000000,mean4_tuned,83.00000000,0.00000000,5.00000000,5.00000000,78.00000000
21985,2011-09-26,111.00000000,mean4_tuned,283.00000000,0.00000000,172.00000000,172.00000000,111.00000000
22086,2011-09-26,347.00000000,mean4_tuned,547.00000000,0.00000000,200.00000000,200.00000000,347.00000000
22151,2011-09-26,110.00000000,mean4_tuned,323.00000000,0.00000000,213.00000000,213.00000000,110.00000000
22178,2011-09-26,84.00000000,mean4_tuned,429.00000000,0.00000000,345.00000000,345.00000000,84.00000000
22197,2011-09-26,1663.00000000,mean4_tuned,749.00000000,914.00000000,0.00000000,3656.00000000,749.00000000
22355,2011-09-26,170.00000000,mean4_tuned,344.00000000,0.00000000,174.00000000,174.00000000,170.00000000
22386,2011-09-26,665.00000000,mean4_tuned,604.00000000,61.00000000,0.00000000,244.00000000,604.00000000
22411,2011-09-26,489.00000000,mean4_tuned,374.00000000,115.00000000,0.00000000,460.00000000,374.00000000
22423,2011-09-26,136.00000000,mean4_tuned,154.00000000,0.00000000,18.00000000,18.00000000,136.00000000
22469,2011-09-26,226.00000000,mean4_tuned,546.00000000,0.00000000,320.00000000,320.00000000,226.00000000
22492,2011-09-26,288.00000000,mean4_tuned,223.00000000,65.00000000,0.00000000,260.00000000,223.00000000
22616,2011-09-26,577.00000000,mean4_tuned,322.00000000,255.00000000,0.00000000,1020.00000000,322.00000000
71459,2011-09-26,276.00000000,mean4_tuned,334.00000000,0.00000000,58.00000000,58.00000000,276.00000000
72741,2011-09-26,129.00000000,mean4_tuned,155.00000000,0.00000000,26.00000000,26.00000000,129.00000000
84077,2011-09-26,768.00000000,mean4_tuned,650.00000000,118.00000000,0.00000000,472.00000000,650.00000000
84212,2011-09-26,24.00000000,mean4_tuned,165.00000000,0.00000000,141.00000000,141.00000000,24.00000000
84270,2011-09-26,0.00000000,mean4_tuned,0.00000000,0.00000000,0.00000000,0.00000000,0.00000000
84347,2011-09-26,40.00000000,mean4_tuned,220.00000000,0.00000000,180.00000000,180.00000000,40.00000000
84568,2011-09-26,9.00000000,mean4_tuned,511.00000000,0.00000000,502.00000000,502.00000000,9.00000000
84598,2011-09-26,12.00000000,mean4_tuned,30.00000000,0.00000000,18.00000000,18.00000000,12.00000000
84755,2011-09-26,48.00000000,mean4_tuned,368.00000000,0.00000000,320.00000000,320.00000000,48.00000000
84879,2011-09-26,791.00000000,mean4_tuned,613.00000000,178.00000000,0.00000000,712.00000000,613.00000000
84946,2011-09-26,378.00000000,mean4_tuned,320.00000000,58.00000000,0.00000000,232.00000000,320.00000000
84970S,2011-09-26,202.00000000,mean4_tuned,119.00000000,83.00000000,0.00000000,332.00000000,119.00000000
84991,2011-09-26,220.00000000,mean4_tuned,533.00000000,0.00000000,313.00000000,313.00000000,220.00000000
84992,2011-09-26,110.00000000,mean4_tuned,352.00000000,0.00000000,242.00000000,242.00000000,110.00000000
85099B,2011-09-26,889.00000000,mean4_tuned,1045.00000000,0.00000000,156.00000000,156.00000000,889.00000000
85099C,2011-09-26,398.00000000,mean4_tuned,392.00000000,6.00000000,0.00000000,24.00000000,392.00000000
85099F,2011-09-26,204.00000000,mean4_tuned,400.00000000,0.00000000,196.00000000,196.00000000,204.00000000
85123A,2011-09-26,404.00000000,mean4_tuned,662.00000000,0.00000000,258.00000000,258.00000000,404.00000000
15036,2011-10-03,721.00000000,mean4_tuned,104.00000000,617.00000000,0.00000000,2468.00000000,104.00000000
16014,2011-10-03,0.00000000,mean4_tuned,313.00000000,0.00000000,313.00000000,313.00000000,0.00000000
17003,2011-10-03,376.00000000,mean4_tuned,638.00000000,0.00000000,262.00000000,262.00000000,376.00000000
20725,2011-10-03,278.00000000,mean4_tuned,326.00000000,0.00000000,48.00000000,48.00000000,278.00000000
20727,2011-10-03,208.00000000,mean4_tuned,327.00000000,0.00000000,119.00000000,119.00000000,208.00000000
21080,2011-10-03,92.00000000,mean4_tuned,224.00000000,0.00000000,132.00000000,132.00000000,92.00000000
21212,2011-10-03,405.00000000,mean4_tuned,625.00000000,0.00000000,220.00000000,220.00000000,405.00000000
21213,2011-10-03,202.00000000,mean4_tuned,652.00000000,0.00000000,450.00000000,450.00000000,202.00000000
21232,2011-10-03,67.00000000,mean4_tuned,263.00000000,0.00000000,196.00000000,196.00000000,67.00000000
21498,2011-10-03,125.00000000,mean4_tuned,266.00000000,0.00000000,141.00000000,141.00000000,125.00000000
21915,2011-10-03,1771.00000000,mean4_tuned,232.00000000,1539.00000000,0.00000000,6156.00000000,232.00000000
21928,2011-10-03,156.00000000,mean4_tuned,281.00000000,0.00000000,125.00000000,125.00000000,156.00000000
21929,2011-10-03,461.00000000,mean4_tuned,223.00000000,238.00000000,0.00000000,952.00000000,223.00000000
21931,2011-10-03,444.00000000,mean4_tuned,358.00000000,86.00000000,0.00000000,344.00000000,358.00000000
21975,2011-10-03,107.00000000,mean4_tuned,509.00000000,0.00000000,402.00000000,402.00000000,107.00000000
21977,2011-10-03,829.00000000,mean4_tuned,548.00000000,281.00000000,0.00000000,1124.00000000,548.00000000
21980,2011-10-03,528.00000000,mean4_tuned,139.00000000,389.00000000,0.00000000,1556.00000000,139.00000000
21981,2011-10-03,5.00000000,mean4_tuned,96.00000000,0.00000000,91.00000000,91.00000000,5.00000000
21982,2011-10-03,8.00000000,mean4_tuned,118.00000000,0.00000000,110.00000000,110.00000000,8.00000000
21984,2011-10-03,76.00000000,mean4_tuned,95.00000000,0.00000000,19.00000000,19.00000000,76.00000000
21985,2011-10-03,182.00000000,mean4_tuned,290.00000000,0.00000000,108.00000000,108.00000000,182.00000000
22086,2011-10-03,953.00000000,mean4_tuned,596.00000000,357.00000000,0.00000000,1428.00000000,596.00000000
22151,2011-10-03,54.00000000,mean4_tuned,324.00000000,0.00000000,270.00000000,270.00000000,54.00000000
22178,2011-10-03,1459.00000000,mean4_tuned,301.00000000,1158.00000000,0.00000000,4632.00000000,301.00000000
22197,2011-10-03,799.00000000,mean4_tuned,974.00000000,0.00000000,175.00000000,175.00000000,799.00000000
22355,2011-10-03,354.00000000,mean4_tuned,318.00000000,36.00000000,0.00000000,144.00000000,318.00000000
22386,2011-10-03,1539.00000000,mean4_tuned,738.00000000,801.00000000,0.00000000,3204.00000000,738.00000000
22411,2011-10-03,183.00000000,mean4_tuned,479.00000000,0.00000000,296.00000000,296.00000000,183.00000000
22423,2011-10-03,297.00000000,mean4_tuned,169.00000000,128.00000000,0.00000000,512.00000000,169.00000000
22469,2011-10-03,254.00000000,mean4_tuned,576.00000000,0.00000000,322.00000000,322.00000000,254.00000000
22492,2011-10-03,724.00000000,mean4_tuned,278.00000000,446.00000000,0.00000000,1784.00000000,278.00000000
22616,2011-10-03,465.00000000,mean4_tuned,350.00000000,115.00000000,0.00000000,460.00000000,350.00000000
71459,2011-10-03,168.00000000,mean4_tuned,389.00000000,0.00000000,221.00000000,221.00000000,168.00000000
72741,2011-10-03,99.00000000,mean4_tuned,172.00000000,0.00000000,73.00000000,73.00000000,99.00000000
84077,2011-10-03,893.00000000,mean4_tuned,814.00000000,79.00000000,0.00000000,316.00000000,814.00000000
84212,2011-10-03,480.00000000,mean4_tuned,173.00000000,307.00000000,0.00000000,1228.00000000,173.00000000
84270,2011-10-03,0.00000000,mean4_tuned,0.00000000,0.00000000,0.00000000,0.00000000,0.00000000
84347,2011-10-03,178.00000000,mean4_tuned,231.00000000,0.00000000,53.00000000,53.00000000,178.00000000
84568,2011-10-03,0.00000000,mean4_tuned,35.00000000,0.00000000,35.00000000,35.00000000,0.00000000
84598,2011-10-03,20.00000000,mean4_tuned,21.00000000,0.00000000,1.00000000,1.00000000,20.00000000
84755,2011-10-03,288.00000000,mean4_tuned,298.00000000,0.00000000,10.00000000,10.00000000,288.00000000
84879,2011-10-03,573.00000000,mean4_tuned,798.00000000,0.00000000,225.00000000,225.00000000,573.00000000
84946,2011-10-03,342.00000000,mean4_tuned,381.00000000,0.00000000,39.00000000,39.00000000,342.00000000
84970S,2011-10-03,40.00000000,mean4_tuned,145.00000000,0.00000000,105.00000000,105.00000000,40.00000000
84991,2011-10-03,157.00000000,mean4_tuned,565.00000000,0.00000000,408.00000000,408.00000000,157.00000000
84992,2011-10-03,161.00000000,mean4_tuned,334.00000000,0.00000000,173.00000000,173.00000000,161.00000000
85099B,2011-10-03,2636.00000000,mean4_tuned,1111.00000000,1525.00000000,0.00000000,6100.00000000,1111.00000000
85099C,2011-10-03,276.00000000,mean4_tuned,434.00000000,0.00000000,158.00000000,158.00000000,276.00000000
85099F,2011-10-03,1172.00000000,mean4_tuned,377.00000000,795.00000000,0.00000000,3180.00000000,377.00000000
85123A,2011-10-03,156.00000000,mean4_tuned,665.00000000,0.00000000,509.00000000,509.00000000,156.00000000
15036,2011-10-10,224.00000000,mean4_tuned,280.00000000,0.00000000,56.00000000,56.00000000,224.00000000
16014,2011-10-10,20.00000000,mean4_tuned,1.00000000,19.00000000,0.00000000,76.00000000,1.00000000
17003,2011-10-10,72.00000000,mean4_tuned,700.00000000,0.00000000,628.00000000,628.00000000,72.00000000
20725,2011-10-10,373.00000000,mean4_tuned,318.00000000,55.00000000,0.00000000,220.00000000,318.00000000
20727,2011-10-10,336.00000000,mean4_tuned,321.00000000,15.00000000,0.00000000,60.00000000,321.00000000
21080,2011-10-10,47.00000000,mean4_tuned,195.00000000,0.00000000,148.00000000,148.00000000,47.00000000
21212,2011-10-10,163.00000000,mean4_tuned,641.00000000,0.00000000,478.00000000,478.00000000,163.00000000
21213,2011-10-10,125.00000000,mean4_tuned,473.00000000,0.00000000,348.00000000,348.00000000,125.00000000
21232,2011-10-10,370.00000000,mean4_tuned,195.00000000,175.00000000,0.00000000,700.00000000,195.00000000
21498,2011-10-10,150.00000000,mean4_tuned,219.00000000,0.00000000,69.00000000,69.00000000,150.00000000
21915,2011-10-10,180.00000000,mean4_tuned,745.00000000,0.00000000,565.00000000,565.00000000,180.00000000
21928,2011-10-10,79.00000000,mean4_tuned,290.00000000,0.00000000,211.00000000,211.00000000,79.00000000
21929,2011-10-10,71.00000000,mean4_tuned,322.00000000,0.00000000,251.00000000,251.00000000,71.00000000
21931,2011-10-10,243.00000000,mean4_tuned,410.00000000,0.00000000,167.00000000,167.00000000,243.00000000
21975,2011-10-10,19.00000000,mean4_tuned,423.00000000,0.00000000,404.00000000,404.00000000,19.00000000
21977,2011-10-10,150.00000000,mean4_tuned,645.00000000,0.00000000,495.00000000,495.00000000,150.00000000
21980,2011-10-10,60.00000000,mean4_tuned,236.00000000,0.00000000,176.00000000,176.00000000,60.00000000
21981,2011-10-10,16.00000000,mean4_tuned,55.00000000,0.00000000,39.00000000,39.00000000,16.00000000
21982,2011-10-10,112.00000000,mean4_tuned,62.00000000,50.00000000,0.00000000,200.00000000,62.00000000
21984,2011-10-10,85.00000000,mean4_tuned,96.00000000,0.00000000,11.00000000,11.00000000,85.00000000
21985,2011-10-10,114.00000000,mean4_tuned,316.00000000,0.00000000,202.00000000,202.00000000,114.00000000
22086,2011-10-10,816.00000000,mean4_tuned,739.00000000,77.00000000,0.00000000,308.00000000,739.00000000
22151,2011-10-10,77.00000000,mean4_tuned,161.00000000,0.00000000,84.00000000,84.00000000,77.00000000
22178,2011-10-10,297.00000000,mean4_tuned,689.00000000,0.00000000,392.00000000,392.00000000,297.00000000
22197,2011-10-10,748.00000000,mean4_tuned,1116.00000000,0.00000000,368.00000000,368.00000000,748.00000000
22355,2011-10-10,230.00000000,mean4_tuned,357.00000000,0.00000000,127.00000000,127.00000000,230.00000000
22386,2011-10-10,397.00000000,mean4_tuned,1026.00000000,0.00000000,629.00000000,629.00000000,397.00000000
22411,2011-10-10,230.00000000,mean4_tuned,447.00000000,0.00000000,217.00000000,217.00000000,230.00000000
22423,2011-10-10,127.00000000,mean4_tuned,229.00000000,0.00000000,102.00000000,102.00000000,127.00000000
22469,2011-10-10,88.00000000,mean4_tuned,581.00000000,0.00000000,493.00000000,493.00000000,88.00000000
22492,2011-10-10,185.00000000,mean4_tuned,478.00000000,0.00000000,293.00000000,293.00000000,185.00000000
22616,2011-10-10,41.00000000,mean4_tuned,472.00000000,0.00000000,431.00000000,431.00000000,41.00000000
71459,2011-10-10,129.00000000,mean4_tuned,365.00000000,0.00000000,236.00000000,236.00000000,129.00000000
72741,2011-10-10,144.00000000,mean4_tuned,175.00000000,0.00000000,31.00000000,31.00000000,144.00000000
84077,2011-10-10,634.00000000,mean4_tuned,988.00000000,0.00000000,354.00000000,354.00000000,634.00000000
84212,2011-10-10,0.00000000,mean4_tuned,165.00000000,0.00000000,165.00000000,165.00000000,0.00000000
84270,2011-10-10,0.00000000,mean4_tuned,0.00000000,0.00000000,0.00000000,0.00000000,0.00000000
84347,2011-10-10,469.00000000,mean4_tuned,275.00000000,194.00000000,0.00000000,776.00000000,275.00000000
84568,2011-10-10,18.00000000,mean4_tuned,21.00000000,0.00000000,3.00000000,3.00000000,18.00000000
84598,2011-10-10,6.00000000,mean4_tuned,20.00000000,0.00000000,14.00000000,14.00000000,6.00000000
84755,2011-10-10,48.00000000,mean4_tuned,299.00000000,0.00000000,251.00000000,251.00000000,48.00000000
84879,2011-10-10,412.00000000,mean4_tuned,857.00000000,0.00000000,445.00000000,445.00000000,412.00000000
84946,2011-10-10,475.00000000,mean4_tuned,410.00000000,65.00000000,0.00000000,260.00000000,410.00000000
84970S,2011-10-10,266.00000000,mean4_tuned,130.00000000,136.00000000,0.00000000,544.00000000,130.00000000
84991,2011-10-10,73.00000000,mean4_tuned,443.00000000,0.00000000,370.00000000,370.00000000,73.00000000
84992,2011-10-10,33.00000000,mean4_tuned,357.00000000,0.00000000,324.00000000,324.00000000,33.00000000
85099B,2011-10-10,847.00000000,mean4_tuned,1767.00000000,0.00000000,920.00000000,920.00000000,847.00000000
85099C,2011-10-10,210.00000000,mean4_tuned,383.00000000,0.00000000,173.00000000,173.00000000,210.00000000
85099F,2011-10-10,151.00000000,mean4_tuned,684.00000000,0.00000000,533.00000000,533.00000000,151.00000000
85123A,2011-10-10,599.00000000,mean4_tuned,587.00000000,12.00000000,0.00000000,48.00000000,587.00000000
15036,2011-10-17,122.00000000,mean4_tuned,334.00000000,0.00000000,212.00000000,212.00000000,122.00000000
16014,2011-10-17,20.00000000,mean4_tuned,7.00000000,13.00000000,0.00000000,52.00000000,7.00000000
17003,2011-10-17,204.00000000,mean4_tuned,688.00000000,0.00000000,484.00000000,484.00000000,204.00000000
20725,2011-10-17,146.00000000,mean4_tuned,341.00000000,0.00000000,195.00000000,195.00000000,146.00000000
20727,2011-10-17,138.00000000,mean4_tuned,332.00000000,0.00000000,194.00000000,194.00000000,138.00000000
21080,2011-10-17,156.00000000,mean4_tuned,157.00000000,0.00000000,1.00000000,1.00000000,156.00000000
21212,2011-10-17,143.00000000,mean4_tuned,401.00000000,0.00000000,258.00000000,258.00000000,143.00000000
21213,2011-10-17,336.00000000,mean4_tuned,242.00000000,94.00000000,0.00000000,376.00000000,242.00000000
21232,2011-10-17,139.00000000,mean4_tuned,269.00000000,0.00000000,130.00000000,130.00000000,139.00000000
21498,2011-10-17,100.00000000,mean4_tuned,227.00000000,0.00000000,127.00000000,127.00000000,100.00000000
21915,2011-10-17,487.00000000,mean4_tuned,732.00000000,0.00000000,245.00000000,245.00000000,487.00000000
21928,2011-10-17,173.00000000,mean4_tuned,252.00000000,0.00000000,79.00000000,79.00000000,173.00000000
21929,2011-10-17,84.00000000,mean4_tuned,320.00000000,0.00000000,236.00000000,236.00000000,84.00000000
21931,2011-10-17,140.00000000,mean4_tuned,383.00000000,0.00000000,243.00000000,243.00000000,140.00000000
21975,2011-10-17,103.00000000,mean4_tuned,179.00000000,0.00000000,76.00000000,76.00000000,103.00000000
21977,2011-10-17,112.00000000,mean4_tuned,467.00000000,0.00000000,355.00000000,355.00000000,112.00000000
21980,2011-10-17,84.00000000,mean4_tuned,227.00000000,0.00000000,143.00000000,143.00000000,84.00000000
21981,2011-10-17,20.00000000,mean4_tuned,45.00000000,0.00000000,25.00000000,25.00000000,20.00000000
21982,2011-10-17,41.00000000,mean4_tuned,68.00000000,0.00000000,27.00000000,27.00000000,41.00000000
21984,2011-10-17,2.00000000,mean4_tuned,95.00000000,0.00000000,93.00000000,93.00000000,2.00000000
21985,2011-10-17,49.00000000,mean4_tuned,160.00000000,0.00000000,111.00000000,111.00000000,49.00000000
22086,2011-10-17,698.00000000,mean4_tuned,844.00000000,0.00000000,146.00000000,146.00000000,698.00000000
22151,2011-10-17,170.00000000,mean4_tuned,120.00000000,50.00000000,0.00000000,200.00000000,120.00000000
22178,2011-10-17,199.00000000,mean4_tuned,706.00000000,0.00000000,507.00000000,507.00000000,199.00000000
22197,2011-10-17,613.00000000,mean4_tuned,1179.00000000,0.00000000,566.00000000,566.00000000,613.00000000
22355,2011-10-17,256.00000000,mean4_tuned,298.00000000,0.00000000,42.00000000,42.00000000,256.00000000
22386,2011-10-17,334.00000000,mean4_tuned,1000.00000000,0.00000000,666.00000000,666.00000000,334.00000000
22411,2011-10-17,80.00000000,mean4_tuned,414.00000000,0.00000000,334.00000000,334.00000000,80.00000000
22423,2011-10-17,89.00000000,mean4_tuned,207.00000000,0.00000000,118.00000000,118.00000000,89.00000000
22469,2011-10-17,283.00000000,mean4_tuned,496.00000000,0.00000000,213.00000000,213.00000000,283.00000000
22492,2011-10-17,74.00000000,mean4_tuned,434.00000000,0.00000000,360.00000000,360.00000000,74.00000000
22616,2011-10-17,666.00000000,mean4_tuned,422.00000000,244.00000000,0.00000000,976.00000000,422.00000000
71459,2011-10-17,52.00000000,mean4_tuned,217.00000000,0.00000000,165.00000000,165.00000000,52.00000000
72741,2011-10-17,267.00000000,mean4_tuned,132.00000000,135.00000000,0.00000000,540.00000000,132.00000000
84077,2011-10-17,975.00000000,mean4_tuned,886.00000000,89.00000000,0.00000000,356.00000000,886.00000000
84212,2011-10-17,0.00000000,mean4_tuned,165.00000000,0.00000000,165.00000000,165.00000000,0.00000000
84270,2011-10-17,0.00000000,mean4_tuned,0.00000000,0.00000000,0.00000000,0.00000000,0.00000000
84347,2011-10-17,400.00000000,mean4_tuned,330.00000000,70.00000000,0.00000000,280.00000000,330.00000000
84568,2011-10-17,24.00000000,mean4_tuned,16.00000000,8.00000000,0.00000000,32.00000000,16.00000000
84598,2011-10-17,16.00000000,mean4_tuned,19.00000000,0.00000000,3.00000000,3.00000000,16.00000000
84755,2011-10-17,196.00000000,mean4_tuned,192.00000000,4.00000000,0.00000000,16.00000000,192.00000000
84879,2011-10-17,732.00000000,mean4_tuned,755.00000000,0.00000000,23.00000000,23.00000000,732.00000000
84946,2011-10-17,412.00000000,mean4_tuned,523.00000000,0.00000000,111.00000000,111.00000000,412.00000000
84970S,2011-10-17,66.00000000,mean4_tuned,187.00000000,0.00000000,121.00000000,121.00000000,66.00000000
84991,2011-10-17,129.00000000,mean4_tuned,237.00000000,0.00000000,108.00000000,108.00000000,129.00000000
84992,2011-10-17,104.00000000,mean4_tuned,163.00000000,0.00000000,59.00000000,59.00000000,104.00000000
85099B,2011-10-17,725.00000000,mean4_tuned,1800.00000000,0.00000000,1075.00000000,1075.00000000,725.00000000
85099C,2011-10-17,200.00000000,mean4_tuned,414.00000000,0.00000000,214.00000000,214.00000000,200.00000000
85099F,2011-10-17,433.00000000,mean4_tuned,637.00000000,0.00000000,204.00000000,204.00000000,433.00000000
85123A,2011-10-17,152.00000000,mean4_tuned,569.00000000,0.00000000,417.00000000,417.00000000,152.00000000
15036,2011-10-24,101.00000000,mean4_tuned,343.00000000,0.00000000,242.00000000,242.00000000,101.00000000
16014,2011-10-24,0.00000000,mean4_tuned,13.00000000,0.00000000,13.00000000,13.00000000,0.00000000
17003,2011-10-24,1684.00000000,mean4_tuned,484.00000000,1200.00000000,0.00000000,4800.00000000,484.00000000
20725,2011-10-24,234.00000000,mean4_tuned,321.00000000,0.00000000,87.00000000,87.00000000,234.00000000
20727,2011-10-24,132.00000000,mean4_tuned,278.00000000,0.00000000,146.00000000,146.00000000,132.00000000
21080,2011-10-24,88.00000000,mean4_tuned,140.00000000,0.00000000,52.00000000,52.00000000,88.00000000
21212,2011-10-24,449.00000000,mean4_tuned,320.00000000,129.00000000,0.00000000,516.00000000,320.00000000
21213,2011-10-24,361.00000000,mean4_tuned,268.00000000,93.00000000,0.00000000,372.00000000,268.00000000
21232,2011-10-24,137.00000000,mean4_tuned,247.00000000,0.00000000,110.00000000,110.00000000,137.00000000
21498,2011-10-24,325.00000000,mean4_tuned,204.00000000,121.00000000,0.00000000,484.00000000,204.00000000
21915,2011-10-24,217.00000000,mean4_tuned,822.00000000,0.00000000,605.00000000,605.00000000,217.00000000
21928,2011-10-24,125.00000000,mean4_tuned,237.00000000,0.00000000,112.00000000,112.00000000,125.00000000
21929,2011-10-24,67.00000000,mean4_tuned,228.00000000,0.00000000,161.00000000,161.00000000,67.00000000
21931,2011-10-24,342.00000000,mean4_tuned,340.00000000,2.00000000,0.00000000,8.00000000,340.00000000
21975,2011-10-24,38.00000000,mean4_tuned,115.00000000,0.00000000,77.00000000,77.00000000,38.00000000
21977,2011-10-24,97.00000000,mean4_tuned,400.00000000,0.00000000,303.00000000,303.00000000,97.00000000
21980,2011-10-24,110.00000000,mean4_tuned,233.00000000,0.00000000,123.00000000,123.00000000,110.00000000
21981,2011-10-24,53.00000000,mean4_tuned,27.00000000,26.00000000,0.00000000,104.00000000,27.00000000
21982,2011-10-24,107.00000000,mean4_tuned,62.00000000,45.00000000,0.00000000,180.00000000,62.00000000
21984,2011-10-24,38.00000000,mean4_tuned,76.00000000,0.00000000,38.00000000,38.00000000,38.00000000
21985,2011-10-24,55.00000000,mean4_tuned,143.00000000,0.00000000,88.00000000,88.00000000,55.00000000
22086,2011-10-24,752.00000000,mean4_tuned,880.00000000,0.00000000,128.00000000,128.00000000,752.00000000
22151,2011-10-24,173.00000000,mean4_tuned,129.00000000,44.00000000,0.00000000,176.00000000,129.00000000
22178,2011-10-24,1240.00000000,mean4_tuned,638.00000000,602.00000000,0.00000000,2408.00000000,638.00000000
22197,2011-10-24,2771.00000000,mean4_tuned,1195.00000000,1576.00000000,0.00000000,6304.00000000,1195.00000000
22355,2011-10-24,535.00000000,mean4_tuned,316.00000000,219.00000000,0.00000000,876.00000000,316.00000000
22386,2011-10-24,443.00000000,mean4_tuned,918.00000000,0.00000000,475.00000000,475.00000000,443.00000000
22411,2011-10-24,156.00000000,mean4_tuned,307.00000000,0.00000000,151.00000000,151.00000000,156.00000000
22423,2011-10-24,121.00000000,mean4_tuned,203.00000000,0.00000000,82.00000000,82.00000000,121.00000000
22469,2011-10-24,369.00000000,mean4_tuned,266.00000000,103.00000000,0.00000000,412.00000000,266.00000000
22492,2011-10-24,612.00000000,mean4_tuned,398.00000000,214.00000000,0.00000000,856.00000000,398.00000000
22616,2011-10-24,173.00000000,mean4_tuned,547.00000000,0.00000000,374.00000000,374.00000000,173.00000000
71459,2011-10-24,96.00000000,mean4_tuned,196.00000000,0.00000000,100.00000000,100.00000000,96.00000000
72741,2011-10-24,54.00000000,mean4_tuned,200.00000000,0.00000000,146.00000000,146.00000000,54.00000000
84077,2011-10-24,5328.00000000,mean4_tuned,1022.00000000,4306.00000000,0.00000000,17224.00000000,1022.00000000
84212,2011-10-24,54.00000000,mean4_tuned,158.00000000,0.00000000,104.00000000,104.00000000,54.00000000
84270,2011-10-24,0.00000000,mean4_tuned,0.00000000,0.00000000,0.00000000,0.00000000,0.00000000
84347,2011-10-24,669.00000000,mean4_tuned,340.00000000,329.00000000,0.00000000,1316.00000000,340.00000000
84568,2011-10-24,0.00000000,mean4_tuned,16.00000000,0.00000000,16.00000000,16.00000000,0.00000000
84598,2011-10-24,0.00000000,mean4_tuned,17.00000000,0.00000000,17.00000000,17.00000000,0.00000000
84755,2011-10-24,112.00000000,mean4_tuned,182.00000000,0.00000000,70.00000000,70.00000000,112.00000000
84879,2011-10-24,745.00000000,mean4_tuned,784.00000000,0.00000000,39.00000000,39.00000000,745.00000000
84946,2011-10-24,216.00000000,mean4_tuned,503.00000000,0.00000000,287.00000000,287.00000000,216.00000000
84970S,2011-10-24,76.00000000,mean4_tuned,180.00000000,0.00000000,104.00000000,104.00000000,76.00000000
84991,2011-10-24,341.00000000,mean4_tuned,181.00000000,160.00000000,0.00000000,640.00000000,181.00000000
84992,2011-10-24,275.00000000,mean4_tuned,128.00000000,147.00000000,0.00000000,588.00000000,128.00000000
85099B,2011-10-24,590.00000000,mean4_tuned,1593.00000000,0.00000000,1003.00000000,1003.00000000,590.00000000
85099C,2011-10-24,391.00000000,mean4_tuned,339.00000000,52.00000000,0.00000000,208.00000000,339.00000000
85099F,2011-10-24,30.00000000,mean4_tuned,613.00000000,0.00000000,583.00000000,583.00000000,30.00000000
85123A,2011-10-24,369.00000000,mean4_tuned,410.00000000,0.00000000,41.00000000,41.00000000,369.00000000
15036,2011-10-31,83.00000000,mean4_tuned,365.00000000,0.00000000,282.00000000,282.00000000,83.00000000
16014,2011-10-31,3021.00000000,mean4_tuned,13.00000000,3008.00000000,0.00000000,12032.00000000,13.00000000
17003,2011-10-31,100.00000000,mean4_tuned,730.00000000,0.00000000,630.00000000,630.00000000,100.00000000
20725,2011-10-31,223.00000000,mean4_tuned,323.00000000,0.00000000,100.00000000,100.00000000,223.00000000
20727,2011-10-31,108.00000000,mean4_tuned,255.00000000,0.00000000,147.00000000,147.00000000,108.00000000
21080,2011-10-31,98.00000000,mean4_tuned,120.00000000,0.00000000,22.00000000,22.00000000,98.00000000
21212,2011-10-31,777.00000000,mean4_tuned,363.00000000,414.00000000,0.00000000,1656.00000000,363.00000000
21213,2011-10-31,131.00000000,mean4_tuned,320.00000000,0.00000000,189.00000000,189.00000000,131.00000000
21232,2011-10-31,201.00000000,mean4_tuned,223.00000000,0.00000000,22.00000000,22.00000000,201.00000000
21498,2011-10-31,325.00000000,mean4_tuned,219.00000000,106.00000000,0.00000000,424.00000000,219.00000000
21915,2011-10-31,2640.00000000,mean4_tuned,830.00000000,1810.00000000,0.00000000,7240.00000000,830.00000000
21928,2011-10-31,207.00000000,mean4_tuned,167.00000000,40.00000000,0.00000000,160.00000000,167.00000000
21929,2011-10-31,69.00000000,mean4_tuned,214.00000000,0.00000000,145.00000000,145.00000000,69.00000000
21931,2011-10-31,245.00000000,mean4_tuned,366.00000000,0.00000000,121.00000000,121.00000000,245.00000000
21975,2011-10-31,102.00000000,mean4_tuned,84.00000000,18.00000000,0.00000000,72.00000000,84.00000000
21977,2011-10-31,61.00000000,mean4_tuned,372.00000000,0.00000000,311.00000000,311.00000000,61.00000000
21980,2011-10-31,112.00000000,mean4_tuned,245.00000000,0.00000000,133.00000000,133.00000000,112.00000000
21981,2011-10-31,96.00000000,mean4_tuned,30.00000000,66.00000000,0.00000000,264.00000000,30.00000000
21982,2011-10-31,613.00000000,mean4_tuned,84.00000000,529.00000000,0.00000000,2116.00000000,84.00000000
21984,2011-10-31,51.00000000,mean4_tuned,63.00000000,0.00000000,12.00000000,12.00000000,51.00000000
21985,2011-10-31,135.00000000,mean4_tuned,125.00000000,10.00000000,0.00000000,40.00000000,125.00000000
22086,2011-10-31,1717.00000000,mean4_tuned,1006.00000000,711.00000000,0.00000000,2844.00000000,1006.00000000
22151,2011-10-31,155.00000000,mean4_tuned,149.00000000,6.00000000,0.00000000,24.00000000,149.00000000
22178,2011-10-31,353.00000000,mean4_tuned,999.00000000,0.00000000,646.00000000,646.00000000,353.00000000
22197,2011-10-31,1029.00000000,mean4_tuned,1541.00000000,0.00000000,512.00000000,512.00000000,1029.00000000
22355,2011-10-31,274.00000000,mean4_tuned,430.00000000,0.00000000,156.00000000,156.00000000,274.00000000
22386,2011-10-31,292.00000000,mean4_tuned,848.00000000,0.00000000,556.00000000,556.00000000,292.00000000
22411,2011-10-31,91.00000000,mean4_tuned,203.00000000,0.00000000,112.00000000,112.00000000,91.00000000
22423,2011-10-31,236.00000000,mean4_tuned,199.00000000,37.00000000,0.00000000,148.00000000,199.00000000
22469,2011-10-31,1006.00000000,mean4_tuned,311.00000000,695.00000000,0.00000000,2780.00000000,311.00000000
22492,2011-10-31,118.00000000,mean4_tuned,499.00000000,0.00000000,381.00000000,381.00000000,118.00000000
22616,2011-10-31,702.00000000,mean4_tuned,421.00000000,281.00000000,0.00000000,1124.00000000,421.00000000
71459,2011-10-31,100.00000000,mean4_tuned,140.00000000,0.00000000,40.00000000,40.00000000,100.00000000
72741,2011-10-31,24.00000000,mean4_tuned,177.00000000,0.00000000,153.00000000,153.00000000,24.00000000
84077,2011-10-31,974.00000000,mean4_tuned,2447.00000000,0.00000000,1473.00000000,1473.00000000,974.00000000
84212,2011-10-31,0.00000000,mean4_tuned,167.00000000,0.00000000,167.00000000,167.00000000,0.00000000
84270,2011-10-31,0.00000000,mean4_tuned,0.00000000,0.00000000,0.00000000,0.00000000,0.00000000
84347,2011-10-31,319.00000000,mean4_tuned,537.00000000,0.00000000,218.00000000,218.00000000,319.00000000
84568,2011-10-31,30.00000000,mean4_tuned,14.00000000,16.00000000,0.00000000,64.00000000,14.00000000
84598,2011-10-31,32.00000000,mean4_tuned,14.00000000,18.00000000,0.00000000,72.00000000,14.00000000
84755,2011-10-31,108.00000000,mean4_tuned,202.00000000,0.00000000,94.00000000,94.00000000,108.00000000
84879,2011-10-31,912.00000000,mean4_tuned,770.00000000,142.00000000,0.00000000,568.00000000,770.00000000
84946,2011-10-31,823.00000000,mean4_tuned,452.00000000,371.00000000,0.00000000,1484.00000000,452.00000000
84970S,2011-10-31,93.00000000,mean4_tuned,140.00000000,0.00000000,47.00000000,47.00000000,93.00000000
84991,2011-10-31,215.00000000,mean4_tuned,219.00000000,0.00000000,4.00000000,4.00000000,215.00000000
84992,2011-10-31,42.00000000,mean4_tuned,180.00000000,0.00000000,138.00000000,138.00000000,42.00000000
85099B,2011-10-31,823.00000000,mean4_tuned,1500.00000000,0.00000000,677.00000000,677.00000000,823.00000000
85099C,2011-10-31,80.00000000,mean4_tuned,337.00000000,0.00000000,257.00000000,257.00000000,80.00000000
85099F,2011-10-31,193.00000000,mean4_tuned,559.00000000,0.00000000,366.00000000,366.00000000,193.00000000
85123A,2011-10-31,1689.00000000,mean4_tuned,399.00000000,1290.00000000,0.00000000,5160.00000000,399.00000000
15036,2011-11-07,107.00000000,mean4_tuned,166.00000000,0.00000000,59.00000000,59.00000000,107.00000000
16014,2011-11-07,10.00000000,mean4_tuned,957.00000000,0.00000000,947.00000000,947.00000000,10.00000000
17003,2011-11-07,109.00000000,mean4_tuned,644.00000000,0.00000000,535.00000000,535.00000000,109.00000000
20725,2011-11-07,526.00000000,mean4_tuned,305.00000000,221.00000000,0.00000000,884.00000000,305.00000000
20727,2011-11-07,244.00000000,mean4_tuned,224.00000000,20.00000000,0.00000000,80.00000000,224.00000000
21080,2011-11-07,195.00000000,mean4_tuned,122.00000000,73.00000000,0.00000000,292.00000000,122.00000000
21212,2011-11-07,326.00000000,mean4_tuned,479.00000000,0.00000000,153.00000000,153.00000000,326.00000000
21213,2011-11-07,111.00000000,mean4_tuned,298.00000000,0.00000000,187.00000000,187.00000000,111.00000000
21232,2011-11-07,134.00000000,mean4_tuned,265.00000000,0.00000000,131.00000000,131.00000000,134.00000000
21498,2011-11-07,200.00000000,mean4_tuned,282.00000000,0.00000000,82.00000000,82.00000000,200.00000000
21915,2011-11-07,661.00000000,mean4_tuned,1102.00000000,0.00000000,441.00000000,441.00000000,661.00000000
21928,2011-11-07,313.00000000,mean4_tuned,183.00000000,130.00000000,0.00000000,520.00000000,183.00000000
21929,2011-11-07,407.00000000,mean4_tuned,91.00000000,316.00000000,0.00000000,1264.00000000,91.00000000
21931,2011-11-07,504.00000000,mean4_tuned,304.00000000,200.00000000,0.00000000,800.00000000,304.00000000
21975,2011-11-07,125.00000000,mean4_tuned,82.00000000,43.00000000,0.00000000,172.00000000,82.00000000
21977,2011-11-07,152.00000000,mean4_tuned,132.00000000,20.00000000,0.00000000,80.00000000,132.00000000
21980,2011-11-07,46.00000000,mean4_tuned,115.00000000,0.00000000,69.00000000,69.00000000,46.00000000
21981,2011-11-07,45.00000000,mean4_tuned,58.00000000,0.00000000,13.00000000,13.00000000,45.00000000
21982,2011-11-07,71.00000000,mean4_tuned,273.00000000,0.00000000,202.00000000,202.00000000,71.00000000
21984,2011-11-07,24.00000000,mean4_tuned,55.00000000,0.00000000,31.00000000,31.00000000,24.00000000
21985,2011-11-07,29.00000000,mean4_tuned,111.00000000,0.00000000,82.00000000,82.00000000,29.00000000
22086,2011-11-07,1273.00000000,mean4_tuned,1245.00000000,28.00000000,0.00000000,112.00000000,1245.00000000
22151,2011-11-07,60.00000000,mean4_tuned,180.00000000,0.00000000,120.00000000,120.00000000,60.00000000
22178,2011-11-07,192.00000000,mean4_tuned,653.00000000,0.00000000,461.00000000,461.00000000,192.00000000
22197,2011-11-07,3828.00000000,mean4_tuned,1613.00000000,2215.00000000,0.00000000,8860.00000000,1613.00000000
22355,2011-11-07,320.00000000,mean4_tuned,405.00000000,0.00000000,85.00000000,85.00000000,320.00000000
22386,2011-11-07,516.00000000,mean4_tuned,459.00000000,57.00000000,0.00000000,228.00000000,459.00000000
22411,2011-11-07,617.00000000,mean4_tuned,175.00000000,442.00000000,0.00000000,1768.00000000,175.00000000
22423,2011-11-07,157.00000000,mean4_tuned,180.00000000,0.00000000,23.00000000,23.00000000,157.00000000
22469,2011-11-07,267.00000000,mean4_tuned,546.00000000,0.00000000,279.00000000,279.00000000,267.00000000
22492,2011-11-07,392.00000000,mean4_tuned,310.00000000,82.00000000,0.00000000,328.00000000,310.00000000
22616,2011-11-07,254.00000000,mean4_tuned,495.00000000,0.00000000,241.00000000,241.00000000,254.00000000
71459,2011-11-07,232.00000000,mean4_tuned,118.00000000,114.00000000,0.00000000,456.00000000,118.00000000
72741,2011-11-07,111.00000000,mean4_tuned,153.00000000,0.00000000,42.00000000,42.00000000,111.00000000
84077,2011-11-07,1119.00000000,mean4_tuned,2473.00000000,0.00000000,1354.00000000,1354.00000000,1119.00000000
84212,2011-11-07,53.00000000,mean4_tuned,17.00000000,36.00000000,0.00000000,144.00000000,17.00000000
84270,2011-11-07,0.00000000,mean4_tuned,0.00000000,0.00000000,0.00000000,0.00000000,0.00000000
84347,2011-11-07,582.00000000,mean4_tuned,581.00000000,1.00000000,0.00000000,4.00000000,581.00000000
84568,2011-11-07,43.00000000,mean4_tuned,23.00000000,20.00000000,0.00000000,80.00000000,23.00000000
84598,2011-11-07,24.00000000,mean4_tuned,17.00000000,7.00000000,0.00000000,28.00000000,17.00000000
84755,2011-11-07,308.00000000,mean4_tuned,145.00000000,163.00000000,0.00000000,652.00000000,145.00000000
84879,2011-11-07,1732.00000000,mean4_tuned,876.00000000,856.00000000,0.00000000,3424.00000000,876.00000000
84946,2011-11-07,1043.00000000,mean4_tuned,602.00000000,441.00000000,0.00000000,1764.00000000,602.00000000
84970S,2011-11-07,54.00000000,mean4_tuned,157.00000000,0.00000000,103.00000000,103.00000000,54.00000000
84991,2011-11-07,190.00000000,mean4_tuned,237.00000000,0.00000000,47.00000000,47.00000000,190.00000000
84992,2011-11-07,135.00000000,mean4_tuned,142.00000000,0.00000000,7.00000000,7.00000000,135.00000000
85099B,2011-11-07,2159.00000000,mean4_tuned,933.00000000,1226.00000000,0.00000000,4904.00000000,933.00000000
85099C,2011-11-07,353.00000000,mean4_tuned,276.00000000,77.00000000,0.00000000,308.00000000,276.00000000
85099F,2011-11-07,301.00000000,mean4_tuned,253.00000000,48.00000000,0.00000000,192.00000000,253.00000000
85123A,2011-11-07,524.00000000,mean4_tuned,878.00000000,0.00000000,354.00000000,354.00000000,524.00000000
15036,2011-11-14,104.00000000,mean4_tuned,130.00000000,0.00000000,26.00000000,26.00000000,104.00000000
16014,2011-11-14,0.00000000,mean4_tuned,954.00000000,0.00000000,954.00000000,954.00000000,0.00000000
17003,2011-11-14,315.00000000,mean4_tuned,656.00000000,0.00000000,341.00000000,341.00000000,315.00000000
20725,2011-11-14,448.00000000,mean4_tuned,353.00000000,95.00000000,0.00000000,380.00000000,353.00000000
20727,2011-11-14,364.00000000,mean4_tuned,195.00000000,169.00000000,0.00000000,676.00000000,195.00000000
21080,2011-11-14,156.00000000,mean4_tuned,168.00000000,0.00000000,12.00000000,12.00000000,156.00000000
21212,2011-11-14,396.00000000,mean4_tuned,530.00000000,0.00000000,134.00000000,134.00000000,396.00000000
21213,2011-11-14,163.00000000,mean4_tuned,294.00000000,0.00000000,131.00000000,131.00000000,163.00000000
21232,2011-11-14,732.00000000,mean4_tuned,191.00000000,541.00000000,0.00000000,2164.00000000,191.00000000
21498,2011-11-14,250.00000000,mean4_tuned,297.00000000,0.00000000,47.00000000,47.00000000,250.00000000
21915,2011-11-14,351.00000000,mean4_tuned,1252.00000000,0.00000000,901.00000000,901.00000000,351.00000000
21928,2011-11-14,99.00000000,mean4_tuned,256.00000000,0.00000000,157.00000000,157.00000000,99.00000000
21929,2011-11-14,81.00000000,mean4_tuned,196.00000000,0.00000000,115.00000000,115.00000000,81.00000000
21931,2011-11-14,149.00000000,mean4_tuned,385.00000000,0.00000000,236.00000000,236.00000000,149.00000000
21975,2011-11-14,149.00000000,mean4_tuned,115.00000000,34.00000000,0.00000000,136.00000000,115.00000000
21977,2011-11-14,127.00000000,mean4_tuned,132.00000000,0.00000000,5.00000000,5.00000000,127.00000000
21980,2011-11-14,50.00000000,mean4_tuned,110.00000000,0.00000000,60.00000000,60.00000000,50.00000000
21981,2011-11-14,34.00000000,mean4_tuned,67.00000000,0.00000000,33.00000000,33.00000000,34.00000000
21982,2011-11-14,166.00000000,mean4_tuned,260.00000000,0.00000000,94.00000000,94.00000000,166.00000000
21984,2011-11-14,12.00000000,mean4_tuned,36.00000000,0.00000000,24.00000000,24.00000000,12.00000000
21985,2011-11-14,128.00000000,mean4_tuned,84.00000000,44.00000000,0.00000000,176.00000000,84.00000000
22086,2011-11-14,2147.00000000,mean4_tuned,1388.00000000,759.00000000,0.00000000,3036.00000000,1388.00000000
22151,2011-11-14,124.00000000,mean4_tuned,175.00000000,0.00000000,51.00000000,51.00000000,124.00000000
22178,2011-11-14,449.00000000,mean4_tuned,620.00000000,0.00000000,171.00000000,171.00000000,449.00000000
22197,2011-11-14,3118.00000000,mean4_tuned,2576.00000000,542.00000000,0.00000000,2168.00000000,2576.00000000
22355,2011-11-14,430.00000000,mean4_tuned,433.00000000,0.00000000,3.00000000,3.00000000,430.00000000
22386,2011-11-14,471.00000000,mean4_tuned,496.00000000,0.00000000,25.00000000,25.00000000,471.00000000
22411,2011-11-14,280.00000000,mean4_tuned,295.00000000,0.00000000,15.00000000,15.00000000,280.00000000
22423,2011-11-14,147.00000000,mean4_tuned,189.00000000,0.00000000,42.00000000,42.00000000,147.00000000
22469,2011-11-14,349.00000000,mean4_tuned,602.00000000,0.00000000,253.00000000,253.00000000,349.00000000
22492,2011-11-14,535.00000000,mean4_tuned,374.00000000,161.00000000,0.00000000,644.00000000,374.00000000
22616,2011-11-14,1205.00000000,mean4_tuned,561.00000000,644.00000000,0.00000000,2576.00000000,561.00000000
71459,2011-11-14,360.00000000,mean4_tuned,150.00000000,210.00000000,0.00000000,840.00000000,150.00000000
72741,2011-11-14,179.00000000,mean4_tuned,143.00000000,36.00000000,0.00000000,144.00000000,143.00000000
84077,2011-11-14,834.00000000,mean4_tuned,2624.00000000,0.00000000,1790.00000000,1790.00000000,834.00000000
84212,2011-11-14,2.00000000,mean4_tuned,34.00000000,0.00000000,32.00000000,32.00000000,2.00000000
84270,2011-11-14,0.00000000,mean4_tuned,0.00000000,0.00000000,0.00000000,0.00000000,0.00000000
84347,2011-11-14,735.00000000,mean4_tuned,616.00000000,119.00000000,0.00000000,476.00000000,616.00000000
84568,2011-11-14,319.00000000,mean4_tuned,31.00000000,288.00000000,0.00000000,1152.00000000,31.00000000
84598,2011-11-14,26.00000000,mean4_tuned,23.00000000,3.00000000,0.00000000,12.00000000,23.00000000
84755,2011-11-14,144.00000000,mean4_tuned,227.00000000,0.00000000,83.00000000,83.00000000,144.00000000
84879,2011-11-14,1086.00000000,mean4_tuned,1288.00000000,0.00000000,202.00000000,202.00000000,1086.00000000
84946,2011-11-14,809.00000000,mean4_tuned,780.00000000,29.00000000,0.00000000,116.00000000,780.00000000
84970S,2011-11-14,84.00000000,mean4_tuned,91.00000000,0.00000000,7.00000000,7.00000000,84.00000000
84991,2011-11-14,283.00000000,mean4_tuned,274.00000000,9.00000000,0.00000000,36.00000000,274.00000000
84992,2011-11-14,64.00000000,mean4_tuned,174.00000000,0.00000000,110.00000000,110.00000000,64.00000000
85099B,2011-11-14,1562.00000000,mean4_tuned,1343.00000000,219.00000000,0.00000000,876.00000000,1343.00000000
85099C,2011-11-14,620.00000000,mean4_tuned,320.00000000,300.00000000,0.00000000,1200.00000000,320.00000000
85099F,2011-11-14,196.00000000,mean4_tuned,300.00000000,0.00000000,104.00000000,104.00000000,196.00000000
85123A,2011-11-14,1172.00000000,mean4_tuned,855.00000000,317.00000000,0.00000000,1268.00000000,855.00000000
15036,2011-11-21,237.00000000,mean4_tuned,124.00000000,113.00000000,0.00000000,452.00000000,124.00000000
16014,2011-11-21,514.00000000,mean4_tuned,948.00000000,0.00000000,434.00000000,434.00000000,514.00000000
17003,2011-11-21,474.00000000,mean4_tuned,690.00000000,0.00000000,216.00000000,216.00000000,474.00000000
20725,2011-11-21,256.00000000,mean4_tuned,448.00000000,0.00000000,192.00000000,192.00000000,256.00000000
20727,2011-11-21,248.00000000,mean4_tuned,265.00000000,0.00000000,17.00000000,17.00000000,248.00000000
21080,2011-11-21,246.00000000,mean4_tuned,168.00000000,78.00000000,0.00000000,312.00000000,168.00000000
21212,2011-11-21,269.00000000,mean4_tuned,609.00000000,0.00000000,340.00000000,340.00000000,269.00000000
21213,2011-11-21,64.00000000,mean4_tuned,240.00000000,0.00000000,176.00000000,176.00000000,64.00000000
21232,2011-11-21,165.00000000,mean4_tuned,377.00000000,0.00000000,212.00000000,212.00000000,165.00000000
21498,2011-11-21,225.00000000,mean4_tuned,344.00000000,0.00000000,119.00000000,119.00000000,225.00000000
21915,2011-11-21,22.00000000,mean4_tuned,1210.00000000,0.00000000,1188.00000000,1188.00000000,22.00000000
21928,2011-11-21,71.00000000,mean4_tuned,233.00000000,0.00000000,162.00000000,162.00000000,71.00000000
21929,2011-11-21,53.00000000,mean4_tuned,195.00000000,0.00000000,142.00000000,142.00000000,53.00000000
21931,2011-11-21,209.00000000,mean4_tuned,388.00000000,0.00000000,179.00000000,179.00000000,209.00000000
21975,2011-11-21,236.00000000,mean4_tuned,130.00000000,106.00000000,0.00000000,424.00000000,130.00000000
21977,2011-11-21,365.00000000,mean4_tuned,137.00000000,228.00000000,0.00000000,912.00000000,137.00000000
21980,2011-11-21,43.00000000,mean4_tuned,100.00000000,0.00000000,57.00000000,57.00000000,43.00000000
21981,2011-11-21,29.00000000,mean4_tuned,72.00000000,0.00000000,43.00000000,43.00000000,29.00000000
21982,2011-11-21,96.00000000,mean4_tuned,300.00000000,0.00000000,204.00000000,204.00000000,96.00000000
21984,2011-11-21,55.00000000,mean4_tuned,40.00000000,15.00000000,0.00000000,60.00000000,40.00000000
21985,2011-11-21,88.00000000,mean4_tuned,109.00000000,0.00000000,21.00000000,21.00000000,88.00000000
22086,2011-11-21,1659.00000000,mean4_tuned,1841.00000000,0.00000000,182.00000000,182.00000000,1659.00000000
22151,2011-11-21,262.00000000,mean4_tuned,160.00000000,102.00000000,0.00000000,408.00000000,160.00000000
22178,2011-11-21,342.00000000,mean4_tuned,699.00000000,0.00000000,357.00000000,357.00000000,342.00000000
22197,2011-11-21,2855.00000000,mean4_tuned,3359.00000000,0.00000000,504.00000000,504.00000000,2855.00000000
22355,2011-11-21,661.00000000,mean4_tuned,488.00000000,173.00000000,0.00000000,692.00000000,488.00000000
22386,2011-11-21,253.00000000,mean4_tuned,539.00000000,0.00000000,286.00000000,286.00000000,253.00000000
22411,2011-11-21,355.00000000,mean4_tuned,358.00000000,0.00000000,3.00000000,3.00000000,355.00000000
22423,2011-11-21,184.00000000,mean4_tuned,207.00000000,0.00000000,23.00000000,23.00000000,184.00000000
22469,2011-11-21,213.00000000,mean4_tuned,623.00000000,0.00000000,410.00000000,410.00000000,213.00000000
22492,2011-11-21,366.00000000,mean4_tuned,518.00000000,0.00000000,152.00000000,152.00000000,366.00000000
22616,2011-11-21,64.00000000,mean4_tuned,730.00000000,0.00000000,666.00000000,666.00000000,64.00000000
71459,2011-11-21,60.00000000,mean4_tuned,247.00000000,0.00000000,187.00000000,187.00000000,60.00000000
72741,2011-11-21,276.00000000,mean4_tuned,115.00000000,161.00000000,0.00000000,644.00000000,115.00000000
84077,2011-11-21,867.00000000,mean4_tuned,2580.00000000,0.00000000,1713.00000000,1713.00000000,867.00000000
84212,2011-11-21,30.00000000,mean4_tuned,35.00000000,0.00000000,5.00000000,5.00000000,30.00000000
84270,2011-11-21,0.00000000,mean4_tuned,0.00000000,0.00000000,0.00000000,0.00000000,0.00000000
84347,2011-11-21,1144.00000000,mean4_tuned,721.00000000,423.00000000,0.00000000,1692.00000000,721.00000000
84568,2011-11-21,362.00000000,mean4_tuned,123.00000000,239.00000000,0.00000000,956.00000000,123.00000000
84598,2011-11-21,21.00000000,mean4_tuned,26.00000000,0.00000000,5.00000000,5.00000000,21.00000000
84755,2011-11-21,348.00000000,mean4_tuned,210.00000000,138.00000000,0.00000000,552.00000000,210.00000000
84879,2011-11-21,946.00000000,mean4_tuned,1399.00000000,0.00000000,453.00000000,453.00000000,946.00000000
84946,2011-11-21,541.00000000,mean4_tuned,904.00000000,0.00000000,363.00000000,363.00000000,541.00000000
84970S,2011-11-21,203.00000000,mean4_tuned,96.00000000,107.00000000,0.00000000,428.00000000,96.00000000
84991,2011-11-21,333.00000000,mean4_tuned,322.00000000,11.00000000,0.00000000,44.00000000,322.00000000
84992,2011-11-21,55.00000000,mean4_tuned,162.00000000,0.00000000,107.00000000,107.00000000,55.00000000
85099B,2011-11-21,727.00000000,mean4_tuned,1605.00000000,0.00000000,878.00000000,878.00000000,727.00000000
85099C,2011-11-21,203.00000000,mean4_tuned,452.00000000,0.00000000,249.00000000,249.00000000,203.00000000
85099F,2011-11-21,42.00000000,mean4_tuned,225.00000000,0.00000000,183.00000000,183.00000000,42.00000000
85123A,2011-11-21,557.00000000,mean4_tuned,1174.00000000,0.00000000,617.00000000,617.00000000,557.00000000
15036,2011-11-28,143.00000000,mean4_tuned,166.00000000,0.00000000,23.00000000,23.00000000,143.00000000
16014,2011-11-28,11.00000000,mean4_tuned,1108.00000000,0.00000000,1097.00000000,1097.00000000,11.00000000
17003,2011-11-28,130.00000000,mean4_tuned,312.00000000,0.00000000,182.00000000,182.00000000,130.00000000
20725,2011-11-28,321.00000000,mean4_tuned,455.00000000,0.00000000,134.00000000,134.00000000,321.00000000
20727,2011-11-28,281.00000000,mean4_tuned,302.00000000,0.00000000,21.00000000,21.00000000,281.00000000
21080,2011-11-28,106.00000000,mean4_tuned,218.00000000,0.00000000,112.00000000,112.00000000,106.00000000
21212,2011-11-28,426.00000000,mean4_tuned,553.00000000,0.00000000,127.00000000,127.00000000,426.00000000
21213,2011-11-28,186.00000000,mean4_tuned,147.00000000,39.00000000,0.00000000,156.00000000,147.00000000
21232,2011-11-28,379.00000000,mean4_tuned,385.00000000,0.00000000,6.00000000,6.00000000,379.00000000
21498,2011-11-28,250.00000000,mean4_tuned,313.00000000,0.00000000,63.00000000,63.00000000,250.00000000
21915,2011-11-28,1120.00000000,mean4_tuned,1149.00000000,0.00000000,29.00000000,29.00000000,1120.00000000
21928,2011-11-28,215.00000000,mean4_tuned,216.00000000,0.00000000,1.00000000,1.00000000,215.00000000
21929,2011-11-28,107.00000000,mean4_tuned,191.00000000,0.00000000,84.00000000,84.00000000,107.00000000
21931,2011-11-28,257.00000000,mean4_tuned,346.00000000,0.00000000,89.00000000,89.00000000,257.00000000
21975,2011-11-28,100.00000000,mean4_tuned,192.00000000,0.00000000,92.00000000,92.00000000,100.00000000
21977,2011-11-28,239.00000000,mean4_tuned,221.00000000,18.00000000,0.00000000,72.00000000,221.00000000
21980,2011-11-28,30.00000000,mean4_tuned,79.00000000,0.00000000,49.00000000,49.00000000,30.00000000
21981,2011-11-28,13.00000000,mean4_tuned,64.00000000,0.00000000,51.00000000,51.00000000,13.00000000
21982,2011-11-28,27.00000000,mean4_tuned,296.00000000,0.00000000,269.00000000,269.00000000,27.00000000
21984,2011-11-28,14.00000000,mean4_tuned,45.00000000,0.00000000,31.00000000,31.00000000,14.00000000
21985,2011-11-28,105.00000000,mean4_tuned,119.00000000,0.00000000,14.00000000,14.00000000,105.00000000
22086,2011-11-28,1516.00000000,mean4_tuned,2124.00000000,0.00000000,608.00000000,608.00000000,1516.00000000
22151,2011-11-28,239.00000000,mean4_tuned,188.00000000,51.00000000,0.00000000,204.00000000,188.00000000
22178,2011-11-28,749.00000000,mean4_tuned,418.00000000,331.00000000,0.00000000,1324.00000000,418.00000000
22197,2011-11-28,3159.00000000,mean4_tuned,3385.00000000,0.00000000,226.00000000,226.00000000,3159.00000000
22355,2011-11-28,692.00000000,mean4_tuned,527.00000000,165.00000000,0.00000000,660.00000000,527.00000000
22386,2011-11-28,416.00000000,mean4_tuned,479.00000000,0.00000000,63.00000000,63.00000000,416.00000000
22411,2011-11-28,340.00000000,mean4_tuned,420.00000000,0.00000000,80.00000000,80.00000000,340.00000000
22423,2011-11-28,197.00000000,mean4_tuned,227.00000000,0.00000000,30.00000000,30.00000000,197.00000000
22469,2011-11-28,809.00000000,mean4_tuned,574.00000000,235.00000000,0.00000000,940.00000000,574.00000000
22492,2011-11-28,229.00000000,mean4_tuned,441.00000000,0.00000000,212.00000000,212.00000000,229.00000000
22616,2011-11-28,636.00000000,mean4_tuned,696.00000000,0.00000000,60.00000000,60.00000000,636.00000000
71459,2011-11-28,124.00000000,mean4_tuned,235.00000000,0.00000000,111.00000000,111.00000000,124.00000000
72741,2011-11-28,237.00000000,mean4_tuned,185.00000000,52.00000000,0.00000000,208.00000000,185.00000000
84077,2011-11-28,689.00000000,mean4_tuned,1186.00000000,0.00000000,497.00000000,497.00000000,689.00000000
84212,2011-11-28,480.00000000,mean4_tuned,27.00000000,453.00000000,0.00000000,1812.00000000,27.00000000
84270,2011-11-28,0.00000000,mean4_tuned,0.00000000,0.00000000,0.00000000,0.00000000,0.00000000
84347,2011-11-28,686.00000000,mean4_tuned,869.00000000,0.00000000,183.00000000,183.00000000,686.00000000
84568,2011-11-28,354.00000000,mean4_tuned,236.00000000,118.00000000,0.00000000,472.00000000,236.00000000
84598,2011-11-28,41.00000000,mean4_tuned,33.00000000,8.00000000,0.00000000,32.00000000,33.00000000
84755,2011-11-28,40.00000000,mean4_tuned,284.00000000,0.00000000,244.00000000,244.00000000,40.00000000
84879,2011-11-28,953.00000000,mean4_tuned,1462.00000000,0.00000000,509.00000000,509.00000000,953.00000000
84946,2011-11-28,489.00000000,mean4_tuned,1005.00000000,0.00000000,516.00000000,516.00000000,489.00000000
84970S,2011-11-28,265.00000000,mean4_tuned,136.00000000,129.00000000,0.00000000,516.00000000,136.00000000
84991,2011-11-28,112.00000000,mean4_tuned,320.00000000,0.00000000,208.00000000,208.00000000,112.00000000
84992,2011-11-28,161.00000000,mean4_tuned,93.00000000,68.00000000,0.00000000,272.00000000,93.00000000
85099B,2011-11-28,1009.00000000,mean4_tuned,1648.00000000,0.00000000,639.00000000,639.00000000,1009.00000000
85099C,2011-11-28,384.00000000,mean4_tuned,393.00000000,0.00000000,9.00000000,9.00000000,384.00000000
85099F,2011-11-28,426.00000000,mean4_tuned,229.00000000,197.00000000,0.00000000,788.00000000,229.00000000
85123A,2011-11-28,654.00000000,mean4_tuned,1232.00000000,0.00000000,578.00000000,578.00000000,654.00000000
15036,2011-09-05,155.00000000,point,128.00000000,27.00000000,0.00000000,108.00000000,128.00000000
16014,2011-09-05,1000.00000000,point,2.00000000,998.00000000,0.00000000,3992.00000000,2.00000000
17003,2011-09-05,180.00000000,point,242.00000000,0.00000000,62.00000000,62.00000000,180.00000000
20725,2011-09-05,303.00000000,point,284.00000000,19.00000000,0.00000000,76.00000000,284.00000000
20727,2011-09-05,227.00000000,point,168.00000000,59.00000000,0.00000000,236.00000000,168.00000000
21080,2011-09-05,186.00000000,point,145.00000000,41.00000000,0.00000000,164.00000000,145.00000000
21212,2011-09-05,352.00000000,point,433.00000000,0.00000000,81.00000000,81.00000000,352.00000000
21213,2011-09-05,775.00000000,point,203.00000000,572.00000000,0.00000000,2288.00000000,203.00000000
21232,2011-09-05,287.00000000,point,172.00000000,115.00000000,0.00000000,460.00000000,172.00000000
21498,2011-09-05,275.00000000,point,102.00000000,173.00000000,0.00000000,692.00000000,102.00000000
21915,2011-09-05,130.00000000,point,143.00000000,0.00000000,13.00000000,13.00000000,130.00000000
21928,2011-09-05,126.00000000,point,221.00000000,0.00000000,95.00000000,95.00000000,126.00000000
21929,2011-09-05,144.00000000,point,146.00000000,0.00000000,2.00000000,2.00000000,144.00000000
21931,2011-09-05,276.00000000,point,242.00000000,34.00000000,0.00000000,136.00000000,242.00000000
21975,2011-09-05,383.00000000,point,93.00000000,290.00000000,0.00000000,1160.00000000,93.00000000
21977,2011-09-05,520.00000000,point,324.00000000,196.00000000,0.00000000,784.00000000,324.00000000
21980,2011-09-05,218.00000000,point,62.00000000,156.00000000,0.00000000,624.00000000,62.00000000
21981,2011-09-05,135.00000000,point,65.00000000,70.00000000,0.00000000,280.00000000,65.00000000
21982,2011-09-05,186.00000000,point,54.00000000,132.00000000,0.00000000,528.00000000,54.00000000
21984,2011-09-05,74.00000000,point,27.00000000,47.00000000,0.00000000,188.00000000,27.00000000
21985,2011-09-05,98.00000000,point,102.00000000,0.00000000,4.00000000,4.00000000,98.00000000
22086,2011-09-05,495.00000000,point,184.00000000,311.00000000,0.00000000,1244.00000000,184.00000000
22151,2011-09-05,577.00000000,point,212.00000000,365.00000000,0.00000000,1460.00000000,212.00000000
22178,2011-09-05,218.00000000,point,314.00000000,0.00000000,96.00000000,96.00000000,218.00000000
22197,2011-09-05,344.00000000,point,615.00000000,0.00000000,271.00000000,271.00000000,344.00000000
22355,2011-09-05,229.00000000,point,242.00000000,0.00000000,13.00000000,13.00000000,229.00000000
22386,2011-09-05,617.00000000,point,280.00000000,337.00000000,0.00000000,1348.00000000,280.00000000
22411,2011-09-05,284.00000000,point,211.00000000,73.00000000,0.00000000,292.00000000,211.00000000
22423,2011-09-05,105.00000000,point,182.00000000,0.00000000,77.00000000,77.00000000,105.00000000
22469,2011-09-05,237.00000000,point,127.00000000,110.00000000,0.00000000,440.00000000,127.00000000
22492,2011-09-05,84.00000000,point,171.00000000,0.00000000,87.00000000,87.00000000,84.00000000
22616,2011-09-05,76.00000000,point,268.00000000,0.00000000,192.00000000,192.00000000,76.00000000
71459,2011-09-05,244.00000000,point,179.00000000,65.00000000,0.00000000,260.00000000,179.00000000
72741,2011-09-05,90.00000000,point,87.00000000,3.00000000,0.00000000,12.00000000,87.00000000
84077,2011-09-05,336.00000000,point,445.00000000,0.00000000,109.00000000,109.00000000,336.00000000
84212,2011-09-05,504.00000000,point,15.00000000,489.00000000,0.00000000,1956.00000000,15.00000000
84270,2011-09-05,0.00000000,point,1.00000000,0.00000000,1.00000000,1.00000000,0.00000000
84347,2011-09-05,38.00000000,point,22.00000000,16.00000000,0.00000000,64.00000000,22.00000000
84568,2011-09-05,45.00000000,point,62.00000000,0.00000000,17.00000000,17.00000000,45.00000000
84598,2011-09-05,21.00000000,point,47.00000000,0.00000000,26.00000000,26.00000000,21.00000000
84755,2011-09-05,284.00000000,point,258.00000000,26.00000000,0.00000000,104.00000000,258.00000000
84879,2011-09-05,384.00000000,point,529.00000000,0.00000000,145.00000000,145.00000000,384.00000000
84946,2011-09-05,247.00000000,point,308.00000000,0.00000000,61.00000000,61.00000000,247.00000000
84970S,2011-09-05,85.00000000,point,203.00000000,0.00000000,118.00000000,118.00000000,85.00000000
84991,2011-09-05,549.00000000,point,224.00000000,325.00000000,0.00000000,1300.00000000,224.00000000
84992,2011-09-05,87.00000000,point,142.00000000,0.00000000,55.00000000,55.00000000,87.00000000
85099B,2011-09-05,536.00000000,point,622.00000000,0.00000000,86.00000000,86.00000000,536.00000000
85099C,2011-09-05,439.00000000,point,234.00000000,205.00000000,0.00000000,820.00000000,234.00000000
85099F,2011-09-05,189.00000000,point,235.00000000,0.00000000,46.00000000,46.00000000,189.00000000
85123A,2011-09-05,407.00000000,point,522.00000000,0.00000000,115.00000000,115.00000000,407.00000000
15036,2011-09-12,52.00000000,point,128.00000000,0.00000000,76.00000000,76.00000000,52.00000000
16014,2011-09-12,0.00000000,point,15.00000000,0.00000000,15.00000000,15.00000000,0.00000000
17003,2011-09-12,109.00000000,point,169.00000000,0.00000000,60.00000000,60.00000000,109.00000000
20725,2011-09-12,299.00000000,point,248.00000000,51.00000000,0.00000000,204.00000000,248.00000000
20727,2011-09-12,302.00000000,point,168.00000000,134.00000000,0.00000000,536.00000000,168.00000000
21080,2011-09-12,168.00000000,point,160.00000000,8.00000000,0.00000000,32.00000000,160.00000000
21212,2011-09-12,931.00000000,point,480.00000000,451.00000000,0.00000000,1804.00000000,480.00000000
21213,2011-09-12,865.00000000,point,227.00000000,638.00000000,0.00000000,2552.00000000,227.00000000
21232,2011-09-12,133.00000000,point,178.00000000,0.00000000,45.00000000,45.00000000,133.00000000
21498,2011-09-12,125.00000000,point,151.00000000,0.00000000,26.00000000,26.00000000,125.00000000
21915,2011-09-12,223.00000000,point,127.00000000,96.00000000,0.00000000,384.00000000,127.00000000
21928,2011-09-12,202.00000000,point,162.00000000,40.00000000,0.00000000,160.00000000,162.00000000
21929,2011-09-12,78.00000000,point,129.00000000,0.00000000,51.00000000,51.00000000,78.00000000
21931,2011-09-12,330.00000000,point,242.00000000,88.00000000,0.00000000,352.00000000,242.00000000
21975,2011-09-12,799.00000000,point,156.00000000,643.00000000,0.00000000,2572.00000000,156.00000000
21977,2011-09-12,718.00000000,point,375.00000000,343.00000000,0.00000000,1372.00000000,375.00000000
21980,2011-09-12,89.00000000,point,89.00000000,0.00000000,0.00000000,0.00000000,89.00000000
21981,2011-09-12,51.00000000,point,49.00000000,2.00000000,0.00000000,8.00000000,49.00000000
21982,2011-09-12,92.00000000,point,98.00000000,0.00000000,6.00000000,6.00000000,92.00000000
21984,2011-09-12,90.00000000,point,36.00000000,54.00000000,0.00000000,216.00000000,36.00000000
21985,2011-09-12,616.00000000,point,98.00000000,518.00000000,0.00000000,2072.00000000,98.00000000
22086,2011-09-12,479.00000000,point,255.00000000,224.00000000,0.00000000,896.00000000,255.00000000
22151,2011-09-12,209.00000000,point,237.00000000,0.00000000,28.00000000,28.00000000,209.00000000
22178,2011-09-12,242.00000000,point,235.00000000,7.00000000,0.00000000,28.00000000,235.00000000
22197,2011-09-12,546.00000000,point,408.00000000,138.00000000,0.00000000,552.00000000,408.00000000
22355,2011-09-12,421.00000000,point,207.00000000,214.00000000,0.00000000,856.00000000,207.00000000
22386,2011-09-12,478.00000000,point,334.00000000,144.00000000,0.00000000,576.00000000,334.00000000
22411,2011-09-12,335.00000000,point,216.00000000,119.00000000,0.00000000,476.00000000,216.00000000
22423,2011-09-12,197.00000000,point,185.00000000,12.00000000,0.00000000,48.00000000,185.00000000
22469,2011-09-12,359.00000000,point,133.00000000,226.00000000,0.00000000,904.00000000,133.00000000
22492,2011-09-12,325.00000000,point,161.00000000,164.00000000,0.00000000,656.00000000,161.00000000
22616,2011-09-12,200.00000000,point,196.00000000,4.00000000,0.00000000,16.00000000,196.00000000
71459,2011-09-12,604.00000000,point,173.00000000,431.00000000,0.00000000,1724.00000000,173.00000000
72741,2011-09-12,283.00000000,point,91.00000000,192.00000000,0.00000000,768.00000000,91.00000000
84077,2011-09-12,960.00000000,point,503.00000000,457.00000000,0.00000000,1828.00000000,503.00000000
84212,2011-09-12,0.00000000,point,32.00000000,0.00000000,32.00000000,32.00000000,0.00000000
84270,2011-09-12,0.00000000,point,1.00000000,0.00000000,1.00000000,1.00000000,0.00000000
84347,2011-09-12,294.00000000,point,68.00000000,226.00000000,0.00000000,904.00000000,68.00000000
84568,2011-09-12,32.00000000,point,44.00000000,0.00000000,12.00000000,12.00000000,32.00000000
84598,2011-09-12,12.00000000,point,36.00000000,0.00000000,24.00000000,24.00000000,12.00000000
84755,2011-09-12,392.00000000,point,205.00000000,187.00000000,0.00000000,748.00000000,205.00000000
84879,2011-09-12,740.00000000,point,579.00000000,161.00000000,0.00000000,644.00000000,579.00000000
84946,2011-09-12,115.00000000,point,308.00000000,0.00000000,193.00000000,193.00000000,115.00000000
84970S,2011-09-12,85.00000000,point,194.00000000,0.00000000,109.00000000,109.00000000,85.00000000
84991,2011-09-12,733.00000000,point,267.00000000,466.00000000,0.00000000,1864.00000000,267.00000000
84992,2011-09-12,655.00000000,point,129.00000000,526.00000000,0.00000000,2104.00000000,129.00000000
85099B,2011-09-12,741.00000000,point,635.00000000,106.00000000,0.00000000,424.00000000,635.00000000
85099C,2011-09-12,109.00000000,point,238.00000000,0.00000000,129.00000000,129.00000000,109.00000000
85099F,2011-09-12,302.00000000,point,244.00000000,58.00000000,0.00000000,232.00000000,244.00000000
85123A,2011-09-12,657.00000000,point,587.00000000,70.00000000,0.00000000,280.00000000,587.00000000
15036,2011-09-19,93.00000000,point,99.00000000,0.00000000,6.00000000,6.00000000,93.00000000
16014,2011-09-19,0.00000000,point,3.00000000,0.00000000,3.00000000,3.00000000,0.00000000
17003,2011-09-19,857.00000000,point,296.00000000,561.00000000,0.00000000,2244.00000000,296.00000000
20725,2011-09-19,211.00000000,point,313.00000000,0.00000000,102.00000000,102.00000000,211.00000000
20727,2011-09-19,312.00000000,point,218.00000000,94.00000000,0.00000000,376.00000000,218.00000000
21080,2011-09-19,210.00000000,point,198.00000000,12.00000000,0.00000000,48.00000000,198.00000000
21212,2011-09-19,404.00000000,point,647.00000000,0.00000000,243.00000000,243.00000000,404.00000000
21213,2011-09-19,251.00000000,point,348.00000000,0.00000000,97.00000000,97.00000000,251.00000000
21232,2011-09-19,207.00000000,point,208.00000000,0.00000000,1.00000000,1.00000000,207.00000000
21498,2011-09-19,175.00000000,point,188.00000000,0.00000000,13.00000000,13.00000000,175.00000000
21915,2011-09-19,197.00000000,point,225.00000000,0.00000000,28.00000000,28.00000000,197.00000000
21928,2011-09-19,221.00000000,point,251.00000000,0.00000000,30.00000000,30.00000000,221.00000000
21929,2011-09-19,379.00000000,point,169.00000000,210.00000000,0.00000000,840.00000000,169.00000000
21931,2011-09-19,278.00000000,point,290.00000000,0.00000000,12.00000000,12.00000000,278.00000000
21975,2011-09-19,310.00000000,point,208.00000000,102.00000000,0.00000000,408.00000000,208.00000000
21977,2011-09-19,326.00000000,point,459.00000000,0.00000000,133.00000000,133.00000000,326.00000000
21980,2011-09-19,63.00000000,point,82.00000000,0.00000000,19.00000000,19.00000000,63.00000000
21981,2011-09-19,76.00000000,point,49.00000000,27.00000000,0.00000000,108.00000000,49.00000000
21982,2011-09-19,62.00000000,point,113.00000000,0.00000000,51.00000000,51.00000000,62.00000000
21984,2011-09-19,62.00000000,point,49.00000000,13.00000000,0.00000000,52.00000000,49.00000000
21985,2011-09-19,102.00000000,point,142.00000000,0.00000000,40.00000000,40.00000000,102.00000000
22086,2011-09-19,584.00000000,point,279.00000000,305.00000000,0.00000000,1220.00000000,279.00000000
22151,2011-09-19,140.00000000,point,199.00000000,0.00000000,59.00000000,59.00000000,140.00000000
22178,2011-09-19,419.00000000,point,388.00000000,31.00000000,0.00000000,124.00000000,388.00000000
22197,2011-09-19,562.00000000,point,802.00000000,0.00000000,240.00000000,240.00000000,562.00000000
22355,2011-09-19,197.00000000,point,340.00000000,0.00000000,143.00000000,143.00000000,197.00000000
22386,2011-09-19,599.00000000,point,435.00000000,164.00000000,0.00000000,656.00000000,435.00000000
22411,2011-09-19,422.00000000,point,265.00000000,157.00000000,0.00000000,628.00000000,265.00000000
22423,2011-09-19,100.00000000,point,289.00000000,0.00000000,189.00000000,189.00000000,100.00000000
22469,2011-09-19,1019.00000000,point,226.00000000,793.00000000,0.00000000,3172.00000000,226.00000000
22492,2011-09-19,190.00000000,point,272.00000000,0.00000000,82.00000000,82.00000000,190.00000000
22616,2011-09-19,267.00000000,point,335.00000000,0.00000000,68.00000000,68.00000000,267.00000000
71459,2011-09-19,120.00000000,point,207.00000000,0.00000000,87.00000000,87.00000000,120.00000000
72741,2011-09-19,48.00000000,point,125.00000000,0.00000000,77.00000000,77.00000000,48.00000000
84077,2011-09-19,539.00000000,point,698.00000000,0.00000000,159.00000000,159.00000000,539.00000000
84212,2011-09-19,24.00000000,point,11.00000000,13.00000000,0.00000000,52.00000000,11.00000000
84270,2011-09-19,0.00000000,point,1.00000000,0.00000000,1.00000000,1.00000000,0.00000000
84347,2011-09-19,367.00000000,point,151.00000000,216.00000000,0.00000000,864.00000000,151.00000000
84568,2011-09-19,24.00000000,point,45.00000000,0.00000000,21.00000000,21.00000000,24.00000000
84598,2011-09-19,20.00000000,point,24.00000000,0.00000000,4.00000000,4.00000000,20.00000000
84755,2011-09-19,228.00000000,point,245.00000000,0.00000000,17.00000000,17.00000000,228.00000000
84879,2011-09-19,637.00000000,point,714.00000000,0.00000000,77.00000000,77.00000000,637.00000000
84946,2011-09-19,477.00000000,point,313.00000000,164.00000000,0.00000000,656.00000000,313.00000000
84970S,2011-09-19,89.00000000,point,252.00000000,0.00000000,163.00000000,163.00000000,89.00000000
84991,2011-09-19,306.00000000,point,328.00000000,0.00000000,22.00000000,22.00000000,306.00000000
84992,2011-09-19,216.00000000,point,167.00000000,49.00000000,0.00000000,196.00000000,167.00000000
85099B,2011-09-19,1387.00000000,point,866.00000000,521.00000000,0.00000000,2084.00000000,866.00000000
85099C,2011-09-19,440.00000000,point,273.00000000,167.00000000,0.00000000,668.00000000,273.00000000
85099F,2011-09-19,509.00000000,point,300.00000000,209.00000000,0.00000000,836.00000000,300.00000000
85123A,2011-09-19,660.00000000,point,729.00000000,0.00000000,69.00000000,69.00000000,660.00000000
15036,2011-09-26,30.00000000,point,144.00000000,0.00000000,114.00000000,114.00000000,30.00000000
16014,2011-09-26,1.00000000,point,6.00000000,0.00000000,5.00000000,5.00000000,1.00000000
17003,2011-09-26,895.00000000,point,209.00000000,686.00000000,0.00000000,2744.00000000,209.00000000
20725,2011-09-26,228.00000000,point,301.00000000,0.00000000,73.00000000,73.00000000,228.00000000
20727,2011-09-26,205.00000000,point,193.00000000,12.00000000,0.00000000,48.00000000,193.00000000
21080,2011-09-26,151.00000000,point,194.00000000,0.00000000,43.00000000,43.00000000,151.00000000
21212,2011-09-26,311.00000000,point,692.00000000,0.00000000,381.00000000,381.00000000,311.00000000
21213,2011-09-26,194.00000000,point,335.00000000,0.00000000,141.00000000,141.00000000,194.00000000
21232,2011-09-26,214.00000000,point,210.00000000,4.00000000,0.00000000,16.00000000,210.00000000
21498,2011-09-26,275.00000000,point,190.00000000,85.00000000,0.00000000,340.00000000,190.00000000
21915,2011-09-26,192.00000000,point,231.00000000,0.00000000,39.00000000,39.00000000,192.00000000
21928,2011-09-26,349.00000000,point,253.00000000,96.00000000,0.00000000,384.00000000,253.00000000
21929,2011-09-26,112.00000000,point,212.00000000,0.00000000,100.00000000,100.00000000,112.00000000
21931,2011-09-26,260.00000000,point,283.00000000,0.00000000,23.00000000,23.00000000,260.00000000
21975,2011-09-26,136.00000000,point,230.00000000,0.00000000,94.00000000,94.00000000,136.00000000
21977,2011-09-26,189.00000000,point,461.00000000,0.00000000,272.00000000,272.00000000,189.00000000
21980,2011-09-26,73.00000000,point,98.00000000,0.00000000,25.00000000,25.00000000,73.00000000
21981,2011-09-26,44.00000000,point,59.00000000,0.00000000,15.00000000,15.00000000,44.00000000
21982,2011-09-26,35.00000000,point,100.00000000,0.00000000,65.00000000,65.00000000,35.00000000
21984,2011-09-26,78.00000000,point,40.00000000,38.00000000,0.00000000,152.00000000,40.00000000
21985,2011-09-26,111.00000000,point,137.00000000,0.00000000,26.00000000,26.00000000,111.00000000
22086,2011-09-26,347.00000000,point,335.00000000,12.00000000,0.00000000,48.00000000,335.00000000
22151,2011-09-26,110.00000000,point,233.00000000,0.00000000,123.00000000,123.00000000,110.00000000
22178,2011-09-26,84.00000000,point,427.00000000,0.00000000,343.00000000,343.00000000,84.00000000
22197,2011-09-26,1663.00000000,point,602.00000000,1061.00000000,0.00000000,4244.00000000,602.00000000
22355,2011-09-26,170.00000000,point,313.00000000,0.00000000,143.00000000,143.00000000,170.00000000
22386,2011-09-26,665.00000000,point,435.00000000,230.00000000,0.00000000,920.00000000,435.00000000
22411,2011-09-26,489.00000000,point,291.00000000,198.00000000,0.00000000,792.00000000,291.00000000
22423,2011-09-26,136.00000000,point,267.00000000,0.00000000,131.00000000,131.00000000,136.00000000
22469,2011-09-26,226.00000000,point,226.00000000,0.00000000,0.00000000,0.00000000,226.00000000
22492,2011-09-26,288.00000000,point,271.00000000,17.00000000,0.00000000,68.00000000,271.00000000
22616,2011-09-26,577.00000000,point,322.00000000,255.00000000,0.00000000,1020.00000000,322.00000000
71459,2011-09-26,276.00000000,point,162.00000000,114.00000000,0.00000000,456.00000000,162.00000000
72741,2011-09-26,129.00000000,point,110.00000000,19.00000000,0.00000000,76.00000000,110.00000000
84077,2011-09-26,768.00000000,point,696.00000000,72.00000000,0.00000000,288.00000000,696.00000000
84212,2011-09-26,24.00000000,point,14.00000000,10.00000000,0.00000000,40.00000000,14.00000000
84270,2011-09-26,0.00000000,point,1.00000000,0.00000000,1.00000000,1.00000000,0.00000000
84347,2011-09-26,40.00000000,point,186.00000000,0.00000000,146.00000000,146.00000000,40.00000000
84568,2011-09-26,9.00000000,point,73.00000000,0.00000000,64.00000000,64.00000000,9.00000000
84598,2011-09-26,12.00000000,point,46.00000000,0.00000000,34.00000000,34.00000000,12.00000000
84755,2011-09-26,48.00000000,point,308.00000000,0.00000000,260.00000000,260.00000000,48.00000000
84879,2011-09-26,791.00000000,point,843.00000000,0.00000000,52.00000000,52.00000000,791.00000000
84946,2011-09-26,378.00000000,point,349.00000000,29.00000000,0.00000000,116.00000000,349.00000000
84970S,2011-09-26,202.00000000,point,226.00000000,0.00000000,24.00000000,24.00000000,202.00000000
84991,2011-09-26,220.00000000,point,367.00000000,0.00000000,147.00000000,147.00000000,220.00000000
84992,2011-09-26,110.00000000,point,177.00000000,0.00000000,67.00000000,67.00000000,110.00000000
85099B,2011-09-26,889.00000000,point,927.00000000,0.00000000,38.00000000,38.00000000,889.00000000
85099C,2011-09-26,398.00000000,point,322.00000000,76.00000000,0.00000000,304.00000000,322.00000000
85099F,2011-09-26,204.00000000,point,285.00000000,0.00000000,81.00000000,81.00000000,204.00000000
85123A,2011-09-26,404.00000000,point,729.00000000,0.00000000,325.00000000,325.00000000,404.00000000
15036,2011-10-03,721.00000000,point,82.00000000,639.00000000,0.00000000,2556.00000000,82.00000000
16014,2011-10-03,0.00000000,point,7.00000000,0.00000000,7.00000000,7.00000000,0.00000000
17003,2011-10-03,376.00000000,point,355.00000000,21.00000000,0.00000000,84.00000000,355.00000000
20725,2011-10-03,278.00000000,point,301.00000000,0.00000000,23.00000000,23.00000000,278.00000000
20727,2011-10-03,208.00000000,point,210.00000000,0.00000000,2.00000000,2.00000000,208.00000000
21080,2011-10-03,92.00000000,point,199.00000000,0.00000000,107.00000000,107.00000000,92.00000000
21212,2011-10-03,405.00000000,point,651.00000000,0.00000000,246.00000000,246.00000000,405.00000000
21213,2011-10-03,202.00000000,point,332.00000000,0.00000000,130.00000000,130.00000000,202.00000000
21232,2011-10-03,67.00000000,point,256.00000000,0.00000000,189.00000000,189.00000000,67.00000000
21498,2011-10-03,125.00000000,point,197.00000000,0.00000000,72.00000000,72.00000000,125.00000000
21915,2011-10-03,1771.00000000,point,219.00000000,1552.00000000,0.00000000,6208.00000000,219.00000000
21928,2011-10-03,156.00000000,point,261.00000000,0.00000000,105.00000000,105.00000000,156.00000000
21929,2011-10-03,461.00000000,point,197.00000000,264.00000000,0.00000000,1056.00000000,197.00000000
21931,2011-10-03,444.00000000,point,258.00000000,186.00000000,0.00000000,744.00000000,258.00000000
21975,2011-10-03,107.00000000,point,226.00000000,0.00000000,119.00000000,119.00000000,107.00000000
21977,2011-10-03,829.00000000,point,470.00000000,359.00000000,0.00000000,1436.00000000,470.00000000
21980,2011-10-03,528.00000000,point,141.00000000,387.00000000,0.00000000,1548.00000000,141.00000000
21981,2011-10-03,5.00000000,point,57.00000000,0.00000000,52.00000000,52.00000000,5.00000000
21982,2011-10-03,8.00000000,point,101.00000000,0.00000000,93.00000000,93.00000000,8.00000000
21984,2011-10-03,76.00000000,point,59.00000000,17.00000000,0.00000000,68.00000000,59.00000000
21985,2011-10-03,182.00000000,point,169.00000000,13.00000000,0.00000000,52.00000000,169.00000000
22086,2011-10-03,953.00000000,point,396.00000000,557.00000000,0.00000000,2228.00000000,396.00000000
22151,2011-10-03,54.00000000,point,264.00000000,0.00000000,210.00000000,210.00000000,54.00000000
22178,2011-10-03,1459.00000000,point,356.00000000,1103.00000000,0.00000000,4412.00000000,356.00000000
22197,2011-10-03,799.00000000,point,772.00000000,27.00000000,0.00000000,108.00000000,772.00000000
22355,2011-10-03,354.00000000,point,311.00000000,43.00000000,0.00000000,172.00000000,311.00000000
22386,2011-10-03,1539.00000000,point,464.00000000,1075.00000000,0.00000000,4300.00000000,464.00000000
22411,2011-10-03,183.00000000,point,270.00000000,0.00000000,87.00000000,87.00000000,183.00000000
22423,2011-10-03,297.00000000,point,287.00000000,10.00000000,0.00000000,40.00000000,287.00000000
22469,2011-10-03,254.00000000,point,202.00000000,52.00000000,0.00000000,208.00000000,202.00000000
22492,2011-10-03,724.00000000,point,307.00000000,417.00000000,0.00000000,1668.00000000,307.00000000
22616,2011-10-03,465.00000000,point,327.00000000,138.00000000,0.00000000,552.00000000,327.00000000
71459,2011-10-03,168.00000000,point,214.00000000,0.00000000,46.00000000,46.00000000,168.00000000
72741,2011-10-03,99.00000000,point,158.00000000,0.00000000,59.00000000,59.00000000,99.00000000
84077,2011-10-03,893.00000000,point,770.00000000,123.00000000,0.00000000,492.00000000,770.00000000
84212,2011-10-03,480.00000000,point,19.00000000,461.00000000,0.00000000,1844.00000000,19.00000000
84270,2011-10-03,0.00000000,point,1.00000000,0.00000000,1.00000000,1.00000000,0.00000000
84347,2011-10-03,178.00000000,point,100.00000000,78.00000000,0.00000000,312.00000000,100.00000000
84568,2011-10-03,0.00000000,point,279.00000000,0.00000000,279.00000000,279.00000000,0.00000000
84598,2011-10-03,20.00000000,point,27.00000000,0.00000000,7.00000000,7.00000000,20.00000000
84755,2011-10-03,288.00000000,point,164.00000000,124.00000000,0.00000000,496.00000000,164.00000000
84879,2011-10-03,573.00000000,point,762.00000000,0.00000000,189.00000000,189.00000000,573.00000000
84946,2011-10-03,342.00000000,point,407.00000000,0.00000000,65.00000000,65.00000000,342.00000000
84970S,2011-10-03,40.00000000,point,232.00000000,0.00000000,192.00000000,192.00000000,40.00000000
84991,2011-10-03,157.00000000,point,346.00000000,0.00000000,189.00000000,189.00000000,157.00000000
84992,2011-10-03,161.00000000,point,218.00000000,0.00000000,57.00000000,57.00000000,161.00000000
85099B,2011-10-03,2636.00000000,point,927.00000000,1709.00000000,0.00000000,6836.00000000,927.00000000
85099C,2011-10-03,276.00000000,point,339.00000000,0.00000000,63.00000000,63.00000000,276.00000000
85099F,2011-10-03,1172.00000000,point,284.00000000,888.00000000,0.00000000,3552.00000000,284.00000000
85123A,2011-10-03,156.00000000,point,731.00000000,0.00000000,575.00000000,575.00000000,156.00000000
15036,2011-10-10,224.00000000,point,208.00000000,16.00000000,0.00000000,64.00000000,208.00000000
16014,2011-10-10,20.00000000,point,11.00000000,9.00000000,0.00000000,36.00000000,11.00000000
17003,2011-10-10,72.00000000,point,340.00000000,0.00000000,268.00000000,268.00000000,72.00000000
20725,2011-10-10,373.00000000,point,301.00000000,72.00000000,0.00000000,288.00000000,301.00000000
20727,2011-10-10,336.00000000,point,210.00000000,126.00000000,0.00000000,504.00000000,210.00000000
21080,2011-10-10,47.00000000,point,205.00000000,0.00000000,158.00000000,158.00000000,47.00000000
21212,2011-10-10,163.00000000,point,690.00000000,0.00000000,527.00000000,527.00000000,163.00000000
21213,2011-10-10,125.00000000,point,319.00000000,0.00000000,194.00000000,194.00000000,125.00000000
21232,2011-10-10,370.00000000,point,193.00000000,177.00000000,0.00000000,708.00000000,193.00000000
21498,2011-10-10,150.00000000,point,196.00000000,0.00000000,46.00000000,46.00000000,150.00000000
21915,2011-10-10,180.00000000,point,255.00000000,0.00000000,75.00000000,75.00000000,180.00000000
21928,2011-10-10,79.00000000,point,270.00000000,0.00000000,191.00000000,191.00000000,79.00000000
21929,2011-10-10,71.00000000,point,254.00000000,0.00000000,183.00000000,183.00000000,71.00000000
21931,2011-10-10,243.00000000,point,307.00000000,0.00000000,64.00000000,64.00000000,243.00000000
21975,2011-10-10,19.00000000,point,218.00000000,0.00000000,199.00000000,199.00000000,19.00000000
21977,2011-10-10,150.00000000,point,521.00000000,0.00000000,371.00000000,371.00000000,150.00000000
21980,2011-10-10,60.00000000,point,129.00000000,0.00000000,69.00000000,69.00000000,60.00000000
21981,2011-10-10,16.00000000,point,46.00000000,0.00000000,30.00000000,30.00000000,16.00000000
21982,2011-10-10,112.00000000,point,90.00000000,22.00000000,0.00000000,88.00000000,90.00000000
21984,2011-10-10,85.00000000,point,59.00000000,26.00000000,0.00000000,104.00000000,59.00000000
21985,2011-10-10,114.00000000,point,140.00000000,0.00000000,26.00000000,26.00000000,114.00000000
22086,2011-10-10,816.00000000,point,380.00000000,436.00000000,0.00000000,1744.00000000,380.00000000
22151,2011-10-10,77.00000000,point,234.00000000,0.00000000,157.00000000,157.00000000,77.00000000
22178,2011-10-10,297.00000000,point,422.00000000,0.00000000,125.00000000,125.00000000,297.00000000
22197,2011-10-10,748.00000000,point,744.00000000,4.00000000,0.00000000,16.00000000,744.00000000
22355,2011-10-10,230.00000000,point,341.00000000,0.00000000,111.00000000,111.00000000,230.00000000
22386,2011-10-10,397.00000000,point,552.00000000,0.00000000,155.00000000,155.00000000,397.00000000
22411,2011-10-10,230.00000000,point,305.00000000,0.00000000,75.00000000,75.00000000,230.00000000
22423,2011-10-10,127.00000000,point,298.00000000,0.00000000,171.00000000,171.00000000,127.00000000
22469,2011-10-10,88.00000000,point,267.00000000,0.00000000,179.00000000,179.00000000,88.00000000
22492,2011-10-10,185.00000000,point,323.00000000,0.00000000,138.00000000,138.00000000,185.00000000
22616,2011-10-10,41.00000000,point,340.00000000,0.00000000,299.00000000,299.00000000,41.00000000
71459,2011-10-10,129.00000000,point,213.00000000,0.00000000,84.00000000,84.00000000,129.00000000
72741,2011-10-10,144.00000000,point,157.00000000,0.00000000,13.00000000,13.00000000,144.00000000
84077,2011-10-10,634.00000000,point,856.00000000,0.00000000,222.00000000,222.00000000,634.00000000
84212,2011-10-10,0.00000000,point,18.00000000,0.00000000,18.00000000,18.00000000,0.00000000
84270,2011-10-10,0.00000000,point,1.00000000,0.00000000,1.00000000,1.00000000,0.00000000
84347,2011-10-10,469.00000000,point,329.00000000,140.00000000,0.00000000,560.00000000,329.00000000
84568,2011-10-10,18.00000000,point,80.00000000,0.00000000,62.00000000,62.00000000,18.00000000
84598,2011-10-10,6.00000000,point,36.00000000,0.00000000,30.00000000,30.00000000,6.00000000
84755,2011-10-10,48.00000000,point,205.00000000,0.00000000,157.00000000,157.00000000,48.00000000
84879,2011-10-10,412.00000000,point,778.00000000,0.00000000,366.00000000,366.00000000,412.00000000
84946,2011-10-10,475.00000000,point,381.00000000,94.00000000,0.00000000,376.00000000,381.00000000
84970S,2011-10-10,266.00000000,point,230.00000000,36.00000000,0.00000000,144.00000000,230.00000000
84991,2011-10-10,73.00000000,point,368.00000000,0.00000000,295.00000000,295.00000000,73.00000000
84992,2011-10-10,33.00000000,point,184.00000000,0.00000000,151.00000000,151.00000000,33.00000000
85099B,2011-10-10,847.00000000,point,799.00000000,48.00000000,0.00000000,192.00000000,799.00000000
85099C,2011-10-10,210.00000000,point,336.00000000,0.00000000,126.00000000,126.00000000,210.00000000
85099F,2011-10-10,151.00000000,point,321.00000000,0.00000000,170.00000000,170.00000000,151.00000000
85123A,2011-10-10,599.00000000,point,671.00000000,0.00000000,72.00000000,72.00000000,599.00000000
15036,2011-10-17,122.00000000,point,164.00000000,0.00000000,42.00000000,42.00000000,122.00000000
16014,2011-10-17,20.00000000,point,17.00000000,3.00000000,0.00000000,12.00000000,17.00000000
17003,2011-10-17,204.00000000,point,154.00000000,50.00000000,0.00000000,200.00000000,154.00000000
20725,2011-10-17,146.00000000,point,228.00000000,0.00000000,82.00000000,82.00000000,146.00000000
20727,2011-10-17,138.00000000,point,153.00000000,0.00000000,15.00000000,15.00000000,138.00000000
21080,2011-10-17,156.00000000,point,100.00000000,56.00000000,0.00000000,224.00000000,100.00000000
21212,2011-10-17,143.00000000,point,432.00000000,0.00000000,289.00000000,289.00000000,143.00000000
21213,2011-10-17,336.00000000,point,190.00000000,146.00000000,0.00000000,584.00000000,190.00000000
21232,2011-10-17,139.00000000,point,208.00000000,0.00000000,69.00000000,69.00000000,139.00000000
21498,2011-10-17,100.00000000,point,156.00000000,0.00000000,56.00000000,56.00000000,100.00000000
21915,2011-10-17,487.00000000,point,136.00000000,351.00000000,0.00000000,1404.00000000,136.00000000
21928,2011-10-17,173.00000000,point,157.00000000,16.00000000,0.00000000,64.00000000,157.00000000
21929,2011-10-17,84.00000000,point,120.00000000,0.00000000,36.00000000,36.00000000,84.00000000
21931,2011-10-17,140.00000000,point,210.00000000,0.00000000,70.00000000,70.00000000,140.00000000
21975,2011-10-17,103.00000000,point,62.00000000,41.00000000,0.00000000,164.00000000,62.00000000
21977,2011-10-17,112.00000000,point,288.00000000,0.00000000,176.00000000,176.00000000,112.00000000
21980,2011-10-17,84.00000000,point,90.00000000,0.00000000,6.00000000,6.00000000,84.00000000
21981,2011-10-17,20.00000000,point,37.00000000,0.00000000,17.00000000,17.00000000,20.00000000
21982,2011-10-17,41.00000000,point,80.00000000,0.00000000,39.00000000,39.00000000,41.00000000
21984,2011-10-17,2.00000000,point,40.00000000,0.00000000,38.00000000,38.00000000,2.00000000
21985,2011-10-17,49.00000000,point,104.00000000,0.00000000,55.00000000,55.00000000,49.00000000
22086,2011-10-17,698.00000000,point,284.00000000,414.00000000,0.00000000,1656.00000000,284.00000000
22151,2011-10-17,170.00000000,point,201.00000000,0.00000000,31.00000000,31.00000000,170.00000000
22178,2011-10-17,199.00000000,point,331.00000000,0.00000000,132.00000000,132.00000000,199.00000000
22197,2011-10-17,613.00000000,point,653.00000000,0.00000000,40.00000000,40.00000000,613.00000000
22355,2011-10-17,256.00000000,point,253.00000000,3.00000000,0.00000000,12.00000000,253.00000000
22386,2011-10-17,334.00000000,point,329.00000000,5.00000000,0.00000000,20.00000000,329.00000000
22411,2011-10-17,80.00000000,point,209.00000000,0.00000000,129.00000000,129.00000000,80.00000000
22423,2011-10-17,89.00000000,point,229.00000000,0.00000000,140.00000000,140.00000000,89.00000000
22469,2011-10-17,283.00000000,point,117.00000000,166.00000000,0.00000000,664.00000000,117.00000000
22492,2011-10-17,74.00000000,point,246.00000000,0.00000000,172.00000000,172.00000000,74.00000000
22616,2011-10-17,666.00000000,point,163.00000000,503.00000000,0.00000000,2012.00000000,163.00000000
71459,2011-10-17,52.00000000,point,150.00000000,0.00000000,98.00000000,98.00000000,52.00000000
72741,2011-10-17,267.00000000,point,161.00000000,106.00000000,0.00000000,424.00000000,161.00000000
84077,2011-10-17,975.00000000,point,600.00000000,375.00000000,0.00000000,1500.00000000,600.00000000
84212,2011-10-17,0.00000000,point,35.00000000,0.00000000,35.00000000,35.00000000,0.00000000
84270,2011-10-17,0.00000000,point,1.00000000,0.00000000,1.00000000,1.00000000,0.00000000
84347,2011-10-17,400.00000000,point,384.00000000,16.00000000,0.00000000,64.00000000,384.00000000
84568,2011-10-17,24.00000000,point,79.00000000,0.00000000,55.00000000,55.00000000,24.00000000
84598,2011-10-17,16.00000000,point,34.00000000,0.00000000,18.00000000,18.00000000,16.00000000
84755,2011-10-17,196.00000000,point,88.00000000,108.00000000,0.00000000,432.00000000,88.00000000
84879,2011-10-17,732.00000000,point,532.00000000,200.00000000,0.00000000,800.00000000,532.00000000
84946,2011-10-17,412.00000000,point,330.00000000,82.00000000,0.00000000,328.00000000,330.00000000
84970S,2011-10-17,66.00000000,point,175.00000000,0.00000000,109.00000000,109.00000000,66.00000000
84991,2011-10-17,129.00000000,point,190.00000000,0.00000000,61.00000000,61.00000000,129.00000000
84992,2011-10-17,104.00000000,point,111.00000000,0.00000000,7.00000000,7.00000000,104.00000000
85099B,2011-10-17,725.00000000,point,687.00000000,38.00000000,0.00000000,152.00000000,687.00000000
85099C,2011-10-17,200.00000000,point,261.00000000,0.00000000,61.00000000,61.00000000,200.00000000
85099F,2011-10-17,433.00000000,point,184.00000000,249.00000000,0.00000000,996.00000000,184.00000000
85123A,2011-10-17,152.00000000,point,590.00000000,0.00000000,438.00000000,438.00000000,152.00000000
15036,2011-10-24,101.00000000,point,188.00000000,0.00000000,87.00000000,87.00000000,101.00000000
16014,2011-10-24,0.00000000,point,25.00000000,0.00000000,25.00000000,25.00000000,0.00000000
17003,2011-10-24,1684.00000000,point,186.00000000,1498.00000000,0.00000000,5992.00000000,186.00000000
20725,2011-10-24,234.00000000,point,211.00000000,23.00000000,0.00000000,92.00000000,211.00000000
20727,2011-10-24,132.00000000,point,150.00000000,0.00000000,18.00000000,18.00000000,132.00000000
21080,2011-10-24,88.00000000,point,158.00000000,0.00000000,70.00000000,70.00000000,88.00000000
21212,2011-10-24,449.00000000,point,325.00000000,124.00000000,0.00000000,496.00000000,325.00000000
21213,2011-10-24,361.00000000,point,218.00000000,143.00000000,0.00000000,572.00000000,218.00000000
21232,2011-10-24,137.00000000,point,198.00000000,0.00000000,61.00000000,61.00000000,137.00000000
21498,2011-10-24,325.00000000,point,140.00000000,185.00000000,0.00000000,740.00000000,140.00000000
21915,2011-10-24,217.00000000,point,164.00000000,53.00000000,0.00000000,212.00000000,164.00000000
21928,2011-10-24,125.00000000,point,182.00000000,0.00000000,57.00000000,57.00000000,125.00000000
21929,2011-10-24,67.00000000,point,132.00000000,0.00000000,65.00000000,65.00000000,67.00000000
21931,2011-10-24,342.00000000,point,201.00000000,141.00000000,0.00000000,564.00000000,201.00000000
21975,2011-10-24,38.00000000,point,123.00000000,0.00000000,85.00000000,85.00000000,38.00000000
21977,2011-10-24,97.00000000,point,297.00000000,0.00000000,200.00000000,200.00000000,97.00000000
21980,2011-10-24,110.00000000,point,91.00000000,19.00000000,0.00000000,76.00000000,91.00000000
21981,2011-10-24,53.00000000,point,29.00000000,24.00000000,0.00000000,96.00000000,29.00000000
21982,2011-10-24,107.00000000,point,102.00000000,5.00000000,0.00000000,20.00000000,102.00000000
21984,2011-10-24,38.00000000,point,14.00000000,24.00000000,0.00000000,96.00000000,14.00000000
21985,2011-10-24,55.00000000,point,82.00000000,0.00000000,27.00000000,27.00000000,55.00000000
22086,2011-10-24,752.00000000,point,349.00000000,403.00000000,0.00000000,1612.00000000,349.00000000
22151,2011-10-24,173.00000000,point,189.00000000,0.00000000,16.00000000,16.00000000,173.00000000
22178,2011-10-24,1240.00000000,point,359.00000000,881.00000000,0.00000000,3524.00000000,359.00000000
22197,2011-10-24,2771.00000000,point,657.00000000,2114.00000000,0.00000000,8456.00000000,657.00000000
22355,2011-10-24,535.00000000,point,253.00000000,282.00000000,0.00000000,1128.00000000,253.00000000
22386,2011-10-24,443.00000000,point,344.00000000,99.00000000,0.00000000,396.00000000,344.00000000
22411,2011-10-24,156.00000000,point,169.00000000,0.00000000,13.00000000,13.00000000,156.00000000
22423,2011-10-24,121.00000000,point,204.00000000,0.00000000,83.00000000,83.00000000,121.00000000
22469,2011-10-24,369.00000000,point,170.00000000,199.00000000,0.00000000,796.00000000,170.00000000
22492,2011-10-24,612.00000000,point,211.00000000,401.00000000,0.00000000,1604.00000000,211.00000000
22616,2011-10-24,173.00000000,point,303.00000000,0.00000000,130.00000000,130.00000000,173.00000000
71459,2011-10-24,96.00000000,point,93.00000000,3.00000000,0.00000000,12.00000000,93.00000000
72741,2011-10-24,54.00000000,point,118.00000000,0.00000000,64.00000000,64.00000000,54.00000000
84077,2011-10-24,5328.00000000,point,634.00000000,4694.00000000,0.00000000,18776.00000000,634.00000000
84212,2011-10-24,54.00000000,point,28.00000000,26.00000000,0.00000000,104.00000000,28.00000000
84270,2011-10-24,0.00000000,point,1.00000000,0.00000000,1.00000000,1.00000000,0.00000000
84347,2011-10-24,669.00000000,point,234.00000000,435.00000000,0.00000000,1740.00000000,234.00000000
84568,2011-10-24,0.00000000,point,41.00000000,0.00000000,41.00000000,41.00000000,0.00000000
84598,2011-10-24,0.00000000,point,14.00000000,0.00000000,14.00000000,14.00000000,0.00000000
84755,2011-10-24,112.00000000,point,135.00000000,0.00000000,23.00000000,23.00000000,112.00000000
84879,2011-10-24,745.00000000,point,554.00000000,191.00000000,0.00000000,764.00000000,554.00000000
84946,2011-10-24,216.00000000,point,350.00000000,0.00000000,134.00000000,134.00000000,216.00000000
84970S,2011-10-24,76.00000000,point,133.00000000,0.00000000,57.00000000,57.00000000,76.00000000
84991,2011-10-24,341.00000000,point,201.00000000,140.00000000,0.00000000,560.00000000,201.00000000
84992,2011-10-24,275.00000000,point,157.00000000,118.00000000,0.00000000,472.00000000,157.00000000
85099B,2011-10-24,590.00000000,point,714.00000000,0.00000000,124.00000000,124.00000000,590.00000000
85099C,2011-10-24,391.00000000,point,246.00000000,145.00000000,0.00000000,580.00000000,246.00000000
85099F,2011-10-24,30.00000000,point,209.00000000,0.00000000,179.00000000,179.00000000,30.00000000
85123A,2011-10-24,369.00000000,point,418.00000000,0.00000000,49.00000000,49.00000000,369.00000000
15036,2011-10-31,83.00000000,point,162.00000000,0.00000000,79.00000000,79.00000000,83.00000000
16014,2011-10-31,3021.00000000,point,11.00000000,3010.00000000,0.00000000,12040.00000000,11.00000000
17003,2011-10-31,100.00000000,point,300.00000000,0.00000000,200.00000000,200.00000000,100.00000000
20725,2011-10-31,223.00000000,point,262.00000000,0.00000000,39.00000000,39.00000000,223.00000000
20727,2011-10-31,108.00000000,point,182.00000000,0.00000000,74.00000000,74.00000000,108.00000000
21080,2011-10-31,98.00000000,point,165.00000000,0.00000000,67.00000000,67.00000000,98.00000000
21212,2011-10-31,777.00000000,point,438.00000000,339.00000000,0.00000000,1356.00000000,438.00000000
21213,2011-10-31,131.00000000,point,237.00000000,0.00000000,106.00000000,106.00000000,131.00000000
21232,2011-10-31,201.00000000,point,190.00000000,11.00000000,0.00000000,44.00000000,190.00000000
21498,2011-10-31,325.00000000,point,149.00000000,176.00000000,0.00000000,704.00000000,149.00000000
21915,2011-10-31,2640.00000000,point,148.00000000,2492.00000000,0.00000000,9968.00000000,148.00000000
21928,2011-10-31,207.00000000,point,211.00000000,0.00000000,4.00000000,4.00000000,207.00000000
21929,2011-10-31,69.00000000,point,120.00000000,0.00000000,51.00000000,51.00000000,69.00000000
21931,2011-10-31,245.00000000,point,229.00000000,16.00000000,0.00000000,64.00000000,229.00000000
21975,2011-10-31,102.00000000,point,141.00000000,0.00000000,39.00000000,39.00000000,102.00000000
21977,2011-10-31,61.00000000,point,293.00000000,0.00000000,232.00000000,232.00000000,61.00000000
21980,2011-10-31,112.00000000,point,90.00000000,22.00000000,0.00000000,88.00000000,90.00000000
21981,2011-10-31,96.00000000,point,60.00000000,36.00000000,0.00000000,144.00000000,60.00000000
21982,2011-10-31,613.00000000,point,91.00000000,522.00000000,0.00000000,2088.00000000,91.00000000
21984,2011-10-31,51.00000000,point,29.00000000,22.00000000,0.00000000,88.00000000,29.00000000
21985,2011-10-31,135.00000000,point,106.00000000,29.00000000,0.00000000,116.00000000,106.00000000
22086,2011-10-31,1717.00000000,point,431.00000000,1286.00000000,0.00000000,5144.00000000,431.00000000
22151,2011-10-31,155.00000000,point,219.00000000,0.00000000,64.00000000,64.00000000,155.00000000
22178,2011-10-31,353.00000000,point,466.00000000,0.00000000,113.00000000,113.00000000,353.00000000
22197,2011-10-31,1029.00000000,point,574.00000000,455.00000000,0.00000000,1820.00000000,574.00000000
22355,2011-10-31,274.00000000,point,325.00000000,0.00000000,51.00000000,51.00000000,274.00000000
22386,2011-10-31,292.00000000,point,454.00000000,0.00000000,162.00000000,162.00000000,292.00000000
22411,2011-10-31,91.00000000,point,202.00000000,0.00000000,111.00000000,111.00000000,91.00000000
22423,2011-10-31,236.00000000,point,226.00000000,10.00000000,0.00000000,40.00000000,226.00000000
22469,2011-10-31,1006.00000000,point,199.00000000,807.00000000,0.00000000,3228.00000000,199.00000000
22492,2011-10-31,118.00000000,point,284.00000000,0.00000000,166.00000000,166.00000000,118.00000000
22616,2011-10-31,702.00000000,point,316.00000000,386.00000000,0.00000000,1544.00000000,316.00000000
71459,2011-10-31,100.00000000,point,173.00000000,0.00000000,73.00000000,73.00000000,100.00000000
72741,2011-10-31,24.00000000,point,85.00000000,0.00000000,61.00000000,61.00000000,24.00000000
84077,2011-10-31,974.00000000,point,623.00000000,351.00000000,0.00000000,1404.00000000,623.00000000
84212,2011-10-31,0.00000000,point,32.00000000,0.00000000,32.00000000,32.00000000,0.00000000
84270,2011-10-31,0.00000000,point,1.00000000,0.00000000,1.00000000,1.00000000,0.00000000
84347,2011-10-31,319.00000000,point,393.00000000,0.00000000,74.00000000,74.00000000,319.00000000
84568,2011-10-31,30.00000000,point,65.00000000,0.00000000,35.00000000,35.00000000,30.00000000
84598,2011-10-31,32.00000000,point,20.00000000,12.00000000,0.00000000,48.00000000,20.00000000
84755,2011-10-31,108.00000000,point,162.00000000,0.00000000,54.00000000,54.00000000,108.00000000
84879,2011-10-31,912.00000000,point,642.00000000,270.00000000,0.00000000,1080.00000000,642.00000000
84946,2011-10-31,823.00000000,point,358.00000000,465.00000000,0.00000000,1860.00000000,358.00000000
84970S,2011-10-31,93.00000000,point,189.00000000,0.00000000,96.00000000,96.00000000,93.00000000
84991,2011-10-31,215.00000000,point,245.00000000,0.00000000,30.00000000,30.00000000,215.00000000
84992,2011-10-31,42.00000000,point,178.00000000,0.00000000,136.00000000,136.00000000,42.00000000
85099B,2011-10-31,823.00000000,point,877.00000000,0.00000000,54.00000000,54.00000000,823.00000000
85099C,2011-10-31,80.00000000,point,242.00000000,0.00000000,162.00000000,162.00000000,80.00000000
85099F,2011-10-31,193.00000000,point,212.00000000,0.00000000,19.00000000,19.00000000,193.00000000
85123A,2011-10-31,1689.00000000,point,560.00000000,1129.00000000,0.00000000,4516.00000000,560.00000000
15036,2011-11-07,107.00000000,point,133.00000000,0.00000000,26.00000000,26.00000000,107.00000000
16014,2011-11-07,10.00000000,point,6.00000000,4.00000000,0.00000000,16.00000000,6.00000000
17003,2011-11-07,109.00000000,point,285.00000000,0.00000000,176.00000000,176.00000000,109.00000000
20725,2011-11-07,526.00000000,point,280.00000000,246.00000000,0.00000000,984.00000000,280.00000000
20727,2011-11-07,244.00000000,point,194.00000000,50.00000000,0.00000000,200.00000000,194.00000000
21080,2011-11-07,195.00000000,point,169.00000000,26.00000000,0.00000000,104.00000000,169.00000000
21212,2011-11-07,326.00000000,point,558.00000000,0.00000000,232.00000000,232.00000000,326.00000000
21213,2011-11-07,111.00000000,point,217.00000000,0.00000000,106.00000000,106.00000000,111.00000000
21232,2011-11-07,134.00000000,point,255.00000000,0.00000000,121.00000000,121.00000000,134.00000000
21498,2011-11-07,200.00000000,point,198.00000000,2.00000000,0.00000000,8.00000000,198.00000000
21915,2011-11-07,661.00000000,point,161.00000000,500.00000000,0.00000000,2000.00000000,161.00000000
21928,2011-11-07,313.00000000,point,231.00000000,82.00000000,0.00000000,328.00000000,231.00000000
21929,2011-11-07,407.00000000,point,158.00000000,249.00000000,0.00000000,996.00000000,158.00000000
21931,2011-11-07,504.00000000,point,272.00000000,232.00000000,0.00000000,928.00000000,272.00000000
21975,2011-11-07,125.00000000,point,155.00000000,0.00000000,30.00000000,30.00000000,125.00000000
21977,2011-11-07,152.00000000,point,189.00000000,0.00000000,37.00000000,37.00000000,152.00000000
21980,2011-11-07,46.00000000,point,102.00000000,0.00000000,56.00000000,56.00000000,46.00000000
21981,2011-11-07,45.00000000,point,62.00000000,0.00000000,17.00000000,17.00000000,45.00000000
21982,2011-11-07,71.00000000,point,119.00000000,0.00000000,48.00000000,48.00000000,71.00000000
21984,2011-11-07,24.00000000,point,40.00000000,0.00000000,16.00000000,16.00000000,24.00000000
21985,2011-11-07,29.00000000,point,125.00000000,0.00000000,96.00000000,96.00000000,29.00000000
22086,2011-11-07,1273.00000000,point,508.00000000,765.00000000,0.00000000,3060.00000000,508.00000000
22151,2011-11-07,60.00000000,point,210.00000000,0.00000000,150.00000000,150.00000000,60.00000000
22178,2011-11-07,192.00000000,point,513.00000000,0.00000000,321.00000000,321.00000000,192.00000000
22197,2011-11-07,3828.00000000,point,922.00000000,2906.00000000,0.00000000,11624.00000000,922.00000000
22355,2011-11-07,320.00000000,point,339.00000000,0.00000000,19.00000000,19.00000000,320.00000000
22386,2011-11-07,516.00000000,point,419.00000000,97.00000000,0.00000000,388.00000000,419.00000000
22411,2011-11-07,617.00000000,point,238.00000000,379.00000000,0.00000000,1516.00000000,238.00000000
22423,2011-11-07,157.00000000,point,275.00000000,0.00000000,118.00000000,118.00000000,157.00000000
22469,2011-11-07,267.00000000,point,255.00000000,12.00000000,0.00000000,48.00000000,255.00000000
22492,2011-11-07,392.00000000,point,231.00000000,161.00000000,0.00000000,644.00000000,231.00000000
22616,2011-11-07,254.00000000,point,376.00000000,0.00000000,122.00000000,122.00000000,254.00000000
71459,2011-11-07,232.00000000,point,202.00000000,30.00000000,0.00000000,120.00000000,202.00000000
72741,2011-11-07,111.00000000,point,72.00000000,39.00000000,0.00000000,156.00000000,72.00000000
84077,2011-11-07,1119.00000000,point,885.00000000,234.00000000,0.00000000,936.00000000,885.00000000
84212,2011-11-07,53.00000000,point,32.00000000,21.00000000,0.00000000,84.00000000,32.00000000
84270,2011-11-07,0.00000000,point,1.00000000,0.00000000,1.00000000,1.00000000,0.00000000
84347,2011-11-07,582.00000000,point,332.00000000,250.00000000,0.00000000,1000.00000000,332.00000000
84568,2011-11-07,43.00000000,point,144.00000000,0.00000000,101.00000000,101.00000000,43.00000000
84598,2011-11-07,24.00000000,point,36.00000000,0.00000000,12.00000000,12.00000000,24.00000000
84755,2011-11-07,308.00000000,point,134.00000000,174.00000000,0.00000000,696.00000000,134.00000000
84879,2011-11-07,1732.00000000,point,742.00000000,990.00000000,0.00000000,3960.00000000,742.00000000
84946,2011-11-07,1043.00000000,point,455.00000000,588.00000000,0.00000000,2352.00000000,455.00000000
84970S,2011-11-07,54.00000000,point,202.00000000,0.00000000,148.00000000,148.00000000,54.00000000
84991,2011-11-07,190.00000000,point,243.00000000,0.00000000,53.00000000,53.00000000,190.00000000
84992,2011-11-07,135.00000000,point,164.00000000,0.00000000,29.00000000,29.00000000,135.00000000
85099B,2011-11-07,2159.00000000,point,750.00000000,1409.00000000,0.00000000,5636.00000000,750.00000000
85099C,2011-11-07,353.00000000,point,289.00000000,64.00000000,0.00000000,256.00000000,289.00000000
85099F,2011-11-07,301.00000000,point,197.00000000,104.00000000,0.00000000,416.00000000,197.00000000
85123A,2011-11-07,524.00000000,point,771.00000000,0.00000000,247.00000000,247.00000000,524.00000000
15036,2011-11-14,104.00000000,point,152.00000000,0.00000000,48.00000000,48.00000000,104.00000000
16014,2011-11-14,0.00000000,point,1.00000000,0.00000000,1.00000000,1.00000000,0.00000000
17003,2011-11-14,315.00000000,point,319.00000000,0.00000000,4.00000000,4.00000000,315.00000000
20725,2011-11-14,448.00000000,point,311.00000000,137.00000000,0.00000000,548.00000000,311.00000000
20727,2011-11-14,364.00000000,point,163.00000000,201.00000000,0.00000000,804.00000000,163.00000000
21080,2011-11-14,156.00000000,point,183.00000000,0.00000000,27.00000000,27.00000000,156.00000000
21212,2011-11-14,396.00000000,point,534.00000000,0.00000000,138.00000000,138.00000000,396.00000000
21213,2011-11-14,163.00000000,point,257.00000000,0.00000000,94.00000000,94.00000000,163.00000000
21232,2011-11-14,732.00000000,point,217.00000000,515.00000000,0.00000000,2060.00000000,217.00000000
21498,2011-11-14,250.00000000,point,191.00000000,59.00000000,0.00000000,236.00000000,191.00000000
21915,2011-11-14,351.00000000,point,279.00000000,72.00000000,0.00000000,288.00000000,279.00000000
21928,2011-11-14,99.00000000,point,245.00000000,0.00000000,146.00000000,146.00000000,99.00000000
21929,2011-11-14,81.00000000,point,190.00000000,0.00000000,109.00000000,109.00000000,81.00000000
21931,2011-11-14,149.00000000,point,281.00000000,0.00000000,132.00000000,132.00000000,149.00000000
21975,2011-11-14,149.00000000,point,160.00000000,0.00000000,11.00000000,11.00000000,149.00000000
21977,2011-11-14,127.00000000,point,278.00000000,0.00000000,151.00000000,151.00000000,127.00000000
21980,2011-11-14,50.00000000,point,88.00000000,0.00000000,38.00000000,38.00000000,50.00000000
21981,2011-11-14,34.00000000,point,53.00000000,0.00000000,19.00000000,19.00000000,34.00000000
21982,2011-11-14,166.00000000,point,110.00000000,56.00000000,0.00000000,224.00000000,110.00000000
21984,2011-11-14,12.00000000,point,43.00000000,0.00000000,31.00000000,31.00000000,12.00000000
21985,2011-11-14,128.00000000,point,102.00000000,26.00000000,0.00000000,104.00000000,102.00000000
22086,2011-11-14,2147.00000000,point,545.00000000,1602.00000000,0.00000000,6408.00000000,545.00000000
22151,2011-11-14,124.00000000,point,179.00000000,0.00000000,55.00000000,55.00000000,124.00000000
22178,2011-11-14,449.00000000,point,460.00000000,0.00000000,11.00000000,11.00000000,449.00000000
22197,2011-11-14,3118.00000000,point,687.00000000,2431.00000000,0.00000000,9724.00000000,687.00000000
22355,2011-11-14,430.00000000,point,339.00000000,91.00000000,0.00000000,364.00000000,339.00000000
22386,2011-11-14,471.00000000,point,451.00000000,20.00000000,0.00000000,80.00000000,451.00000000
22411,2011-11-14,280.00000000,point,223.00000000,57.00000000,0.00000000,228.00000000,223.00000000
22423,2011-11-14,147.00000000,point,275.00000000,0.00000000,128.00000000,128.00000000,147.00000000
22469,2011-11-14,349.00000000,point,266.00000000,83.00000000,0.00000000,332.00000000,266.00000000
22492,2011-11-14,535.00000000,point,287.00000000,248.00000000,0.00000000,992.00000000,287.00000000
22616,2011-11-14,1205.00000000,point,389.00000000,816.00000000,0.00000000,3264.00000000,389.00000000
71459,2011-11-14,360.00000000,point,195.00000000,165.00000000,0.00000000,660.00000000,195.00000000
72741,2011-11-14,179.00000000,point,112.00000000,67.00000000,0.00000000,268.00000000,112.00000000
84077,2011-11-14,834.00000000,point,1029.00000000,0.00000000,195.00000000,195.00000000,834.00000000
84212,2011-11-14,2.00000000,point,40.00000000,0.00000000,38.00000000,38.00000000,2.00000000
84270,2011-11-14,0.00000000,point,1.00000000,0.00000000,1.00000000,1.00000000,0.00000000
84347,2011-11-14,735.00000000,point,418.00000000,317.00000000,0.00000000,1268.00000000,418.00000000
84568,2011-11-14,319.00000000,point,167.00000000,152.00000000,0.00000000,608.00000000,167.00000000
84598,2011-11-14,26.00000000,point,56.00000000,0.00000000,30.00000000,30.00000000,26.00000000
84755,2011-11-14,144.00000000,point,189.00000000,0.00000000,45.00000000,45.00000000,144.00000000
84879,2011-11-14,1086.00000000,point,809.00000000,277.00000000,0.00000000,1108.00000000,809.00000000
84946,2011-11-14,809.00000000,point,529.00000000,280.00000000,0.00000000,1120.00000000,529.00000000
84970S,2011-11-14,84.00000000,point,163.00000000,0.00000000,79.00000000,79.00000000,84.00000000
84991,2011-11-14,283.00000000,point,268.00000000,15.00000000,0.00000000,60.00000000,268.00000000
84992,2011-11-14,64.00000000,point,152.00000000,0.00000000,88.00000000,88.00000000,64.00000000
85099B,2011-11-14,1562.00000000,point,997.00000000,565.00000000,0.00000000,2260.00000000,997.00000000
85099C,2011-11-14,620.00000000,point,253.00000000,367.00000000,0.00000000,1468.00000000,253.00000000
85099F,2011-11-14,196.00000000,point,221.00000000,0.00000000,25.00000000,25.00000000,196.00000000
85123A,2011-11-14,1172.00000000,point,760.00000000,412.00000000,0.00000000,1648.00000000,760.00000000
15036,2011-11-21,237.00000000,point,185.00000000,52.00000000,0.00000000,208.00000000,185.00000000
16014,2011-11-21,514.00000000,point,3.00000000,511.00000000,0.00000000,2044.00000000,3.00000000
17003,2011-11-21,474.00000000,point,243.00000000,231.00000000,0.00000000,924.00000000,243.00000000
20725,2011-11-21,256.00000000,point,288.00000000,0.00000000,32.00000000,32.00000000,256.00000000
20727,2011-11-21,248.00000000,point,150.00000000,98.00000000,0.00000000,392.00000000,150.00000000
21080,2011-11-21,246.00000000,point,155.00000000,91.00000000,0.00000000,364.00000000,155.00000000
21212,2011-11-21,269.00000000,point,480.00000000,0.00000000,211.00000000,211.00000000,269.00000000
21213,2011-11-21,64.00000000,point,211.00000000,0.00000000,147.00000000,147.00000000,64.00000000
21232,2011-11-21,165.00000000,point,233.00000000,0.00000000,68.00000000,68.00000000,165.00000000
21498,2011-11-21,225.00000000,point,172.00000000,53.00000000,0.00000000,212.00000000,172.00000000
21915,2011-11-21,22.00000000,point,166.00000000,0.00000000,144.00000000,144.00000000,22.00000000
21928,2011-11-21,71.00000000,point,168.00000000,0.00000000,97.00000000,97.00000000,71.00000000
21929,2011-11-21,53.00000000,point,139.00000000,0.00000000,86.00000000,86.00000000,53.00000000
21931,2011-11-21,209.00000000,point,246.00000000,0.00000000,37.00000000,37.00000000,209.00000000
21975,2011-11-21,236.00000000,point,144.00000000,92.00000000,0.00000000,368.00000000,144.00000000
21977,2011-11-21,365.00000000,point,254.00000000,111.00000000,0.00000000,444.00000000,254.00000000
21980,2011-11-21,43.00000000,point,91.00000000,0.00000000,48.00000000,48.00000000,43.00000000
21981,2011-11-21,29.00000000,point,31.00000000,0.00000000,2.00000000,2.00000000,29.00000000
21982,2011-11-21,96.00000000,point,145.00000000,0.00000000,49.00000000,49.00000000,96.00000000
21984,2011-11-21,55.00000000,point,35.00000000,20.00000000,0.00000000,80.00000000,35.00000000
21985,2011-11-21,88.00000000,point,140.00000000,0.00000000,52.00000000,52.00000000,88.00000000
22086,2011-11-21,1659.00000000,point,516.00000000,1143.00000000,0.00000000,4572.00000000,516.00000000
22151,2011-11-21,262.00000000,point,171.00000000,91.00000000,0.00000000,364.00000000,171.00000000
22178,2011-11-21,342.00000000,point,455.00000000,0.00000000,113.00000000,113.00000000,342.00000000
22197,2011-11-21,2855.00000000,point,674.00000000,2181.00000000,0.00000000,8724.00000000,674.00000000
22355,2011-11-21,661.00000000,point,348.00000000,313.00000000,0.00000000,1252.00000000,348.00000000
22386,2011-11-21,253.00000000,point,324.00000000,0.00000000,71.00000000,71.00000000,253.00000000
22411,2011-11-21,355.00000000,point,235.00000000,120.00000000,0.00000000,480.00000000,235.00000000
22423,2011-11-21,184.00000000,point,264.00000000,0.00000000,80.00000000,80.00000000,184.00000000
22469,2011-11-21,213.00000000,point,285.00000000,0.00000000,72.00000000,72.00000000,213.00000000
22492,2011-11-21,366.00000000,point,315.00000000,51.00000000,0.00000000,204.00000000,315.00000000
22616,2011-11-21,64.00000000,point,420.00000000,0.00000000,356.00000000,356.00000000,64.00000000
71459,2011-11-21,60.00000000,point,160.00000000,0.00000000,100.00000000,100.00000000,60.00000000
72741,2011-11-21,276.00000000,point,121.00000000,155.00000000,0.00000000,620.00000000,121.00000000
84077,2011-11-21,867.00000000,point,1056.00000000,0.00000000,189.00000000,189.00000000,867.00000000
84212,2011-11-21,30.00000000,point,39.00000000,0.00000000,9.00000000,9.00000000,30.00000000
84270,2011-11-21,0.00000000,point,1.00000000,0.00000000,1.00000000,1.00000000,0.00000000
84347,2011-11-21,1144.00000000,point,425.00000000,719.00000000,0.00000000,2876.00000000,425.00000000
84568,2011-11-21,362.00000000,point,67.00000000,295.00000000,0.00000000,1180.00000000,67.00000000
84598,2011-11-21,21.00000000,point,32.00000000,0.00000000,11.00000000,11.00000000,21.00000000
84755,2011-11-21,348.00000000,point,129.00000000,219.00000000,0.00000000,876.00000000,129.00000000
84879,2011-11-21,946.00000000,point,707.00000000,239.00000000,0.00000000,956.00000000,707.00000000
84946,2011-11-21,541.00000000,point,550.00000000,0.00000000,9.00000000,9.00000000,541.00000000
84970S,2011-11-21,203.00000000,point,193.00000000,10.00000000,0.00000000,40.00000000,193.00000000
84991,2011-11-21,333.00000000,point,249.00000000,84.00000000,0.00000000,336.00000000,249.00000000
84992,2011-11-21,55.00000000,point,158.00000000,0.00000000,103.00000000,103.00000000,55.00000000
85099B,2011-11-21,727.00000000,point,937.00000000,0.00000000,210.00000000,210.00000000,727.00000000
85099C,2011-11-21,203.00000000,point,281.00000000,0.00000000,78.00000000,78.00000000,203.00000000
85099F,2011-11-21,42.00000000,point,146.00000000,0.00000000,104.00000000,104.00000000,42.00000000
85123A,2011-11-21,557.00000000,point,702.00000000,0.00000000,145.00000000,145.00000000,557.00000000
15036,2011-11-28,143.00000000,point,141.00000000,2.00000000,0.00000000,8.00000000,141.00000000
16014,2011-11-28,11.00000000,point,6.00000000,5.00000000,0.00000000,20.00000000,6.00000000
17003,2011-11-28,130.00000000,point,213.00000000,0.00000000,83.00000000,83.00000000,130.00000000
20725,2011-11-28,321.00000000,point,274.00000000,47.00000000,0.00000000,188.00000000,274.00000000
20727,2011-11-28,281.00000000,point,163.00000000,118.00000000,0.00000000,472.00000000,163.00000000
21080,2011-11-28,106.00000000,point,138.00000000,0.00000000,32.00000000,32.00000000,106.00000000
21212,2011-11-28,426.00000000,point,457.00000000,0.00000000,31.00000000,31.00000000,426.00000000
21213,2011-11-28,186.00000000,point,152.00000000,34.00000000,0.00000000,136.00000000,152.00000000
21232,2011-11-28,379.00000000,point,224.00000000,155.00000000,0.00000000,620.00000000,224.00000000
21498,2011-11-28,250.00000000,point,169.00000000,81.00000000,0.00000000,324.00000000,169.00000000
21915,2011-11-28,1120.00000000,point,162.00000000,958.00000000,0.00000000,3832.00000000,162.00000000
21928,2011-11-28,215.00000000,point,192.00000000,23.00000000,0.00000000,92.00000000,192.00000000
21929,2011-11-28,107.00000000,point,113.00000000,0.00000000,6.00000000,6.00000000,107.00000000
21931,2011-11-28,257.00000000,point,236.00000000,21.00000000,0.00000000,84.00000000,236.00000000
21975,2011-11-28,100.00000000,point,127.00000000,0.00000000,27.00000000,27.00000000,100.00000000
21977,2011-11-28,239.00000000,point,248.00000000,0.00000000,9.00000000,9.00000000,239.00000000
21980,2011-11-28,30.00000000,point,85.00000000,0.00000000,55.00000000,55.00000000,30.00000000
21981,2011-11-28,13.00000000,point,42.00000000,0.00000000,29.00000000,29.00000000,13.00000000
21982,2011-11-28,27.00000000,point,113.00000000,0.00000000,86.00000000,86.00000000,27.00000000
21984,2011-11-28,14.00000000,point,35.00000000,0.00000000,21.00000000,21.00000000,14.00000000
21985,2011-11-28,105.00000000,point,151.00000000,0.00000000,46.00000000,46.00000000,105.00000000
22086,2011-11-28,1516.00000000,point,612.00000000,904.00000000,0.00000000,3616.00000000,612.00000000
22151,2011-11-28,239.00000000,point,169.00000000,70.00000000,0.00000000,280.00000000,169.00000000
22178,2011-11-28,749.00000000,point,402.00000000,347.00000000,0.00000000,1388.00000000,402.00000000
22197,2011-11-28,3159.00000000,point,610.00000000,2549.00000000,0.00000000,10196.00000000,610.00000000
22355,2011-11-28,692.00000000,point,367.00000000,325.00000000,0.00000000,1300.00000000,367.00000000
22386,2011-11-28,416.00000000,point,327.00000000,89.00000000,0.00000000,356.00000000,327.00000000
22411,2011-11-28,340.00000000,point,221.00000000,119.00000000,0.00000000,476.00000000,221.00000000
22423,2011-11-28,197.00000000,point,287.00000000,0.00000000,90.00000000,90.00000000,197.00000000
22469,2011-11-28,809.00000000,point,297.00000000,512.00000000,0.00000000,2048.00000000,297.00000000
22492,2011-11-28,229.00000000,point,264.00000000,0.00000000,35.00000000,35.00000000,229.00000000
22616,2011-11-28,636.00000000,point,245.00000000,391.00000000,0.00000000,1564.00000000,245.00000000
71459,2011-11-28,124.00000000,point,132.00000000,0.00000000,8.00000000,8.00000000,124.00000000
72741,2011-11-28,237.00000000,point,130.00000000,107.00000000,0.00000000,428.00000000,130.00000000
84077,2011-11-28,689.00000000,point,741.00000000,0.00000000,52.00000000,52.00000000,689.00000000
84212,2011-11-28,480.00000000,point,30.00000000,450.00000000,0.00000000,1800.00000000,30.00000000
84270,2011-11-28,0.00000000,point,1.00000000,0.00000000,1.00000000,1.00000000,0.00000000
84347,2011-11-28,686.00000000,point,538.00000000,148.00000000,0.00000000,592.00000000,538.00000000
84568,2011-11-28,354.00000000,point,53.00000000,301.00000000,0.00000000,1204.00000000,53.00000000
84598,2011-11-28,41.00000000,point,30.00000000,11.00000000,0.00000000,44.00000000,30.00000000
84755,2011-11-28,40.00000000,point,169.00000000,0.00000000,129.00000000,129.00000000,40.00000000
84879,2011-11-28,953.00000000,point,713.00000000,240.00000000,0.00000000,960.00000000,713.00000000
84946,2011-11-28,489.00000000,point,524.00000000,0.00000000,35.00000000,35.00000000,489.00000000
84970S,2011-11-28,265.00000000,point,172.00000000,93.00000000,0.00000000,372.00000000,172.00000000
84991,2011-11-28,112.00000000,point,244.00000000,0.00000000,132.00000000,132.00000000,112.00000000
84992,2011-11-28,161.00000000,point,145.00000000,16.00000000,0.00000000,64.00000000,145.00000000
85099B,2011-11-28,1009.00000000,point,943.00000000,66.00000000,0.00000000,264.00000000,943.00000000
85099C,2011-11-28,384.00000000,point,258.00000000,126.00000000,0.00000000,504.00000000,258.00000000
85099F,2011-11-28,426.00000000,point,150.00000000,276.00000000,0.00000000,1104.00000000,150.00000000
85123A,2011-11-28,654.00000000,point,797.00000000,0.00000000,143.00000000,143.00000000,654.00000000
15036,2011-09-05,155.00000000,point_tuned,192.00000000,0.00000000,37.00000000,37.00000000,155.00000000
16014,2011-09-05,1000.00000000,point_tuned,3.00000000,997.00000000,0.00000000,3988.00000000,3.00000000
17003,2011-09-05,180.00000000,point_tuned,362.00000000,0.00000000,182.00000000,182.00000000,180.00000000
20725,2011-09-05,303.00000000,point_tuned,425.00000000,0.00000000,122.00000000,122.00000000,303.00000000
20727,2011-09-05,227.00000000,point_tuned,251.00000000,0.00000000,24.00000000,24.00000000,227.00000000
21080,2011-09-05,186.00000000,point_tuned,217.00000000,0.00000000,31.00000000,31.00000000,186.00000000
21212,2011-09-05,352.00000000,point_tuned,650.00000000,0.00000000,298.00000000,298.00000000,352.00000000
21213,2011-09-05,775.00000000,point_tuned,305.00000000,470.00000000,0.00000000,1880.00000000,305.00000000
21232,2011-09-05,287.00000000,point_tuned,258.00000000,29.00000000,0.00000000,116.00000000,258.00000000
21498,2011-09-05,275.00000000,point_tuned,152.00000000,123.00000000,0.00000000,492.00000000,152.00000000
21915,2011-09-05,130.00000000,point_tuned,214.00000000,0.00000000,84.00000000,84.00000000,130.00000000
21928,2011-09-05,126.00000000,point_tuned,331.00000000,0.00000000,205.00000000,205.00000000,126.00000000
21929,2011-09-05,144.00000000,point_tuned,218.00000000,0.00000000,74.00000000,74.00000000,144.00000000
21931,2011-09-05,276.00000000,point_tuned,363.00000000,0.00000000,87.00000000,87.00000000,276.00000000
21975,2011-09-05,383.00000000,point_tuned,140.00000000,243.00000000,0.00000000,972.00000000,140.00000000
21977,2011-09-05,520.00000000,point_tuned,486.00000000,34.00000000,0.00000000,136.00000000,486.00000000
21980,2011-09-05,218.00000000,point_tuned,93.00000000,125.00000000,0.00000000,500.00000000,93.00000000
21981,2011-09-05,135.00000000,point_tuned,97.00000000,38.00000000,0.00000000,152.00000000,97.00000000
21982,2011-09-05,186.00000000,point_tuned,80.00000000,106.00000000,0.00000000,424.00000000,80.00000000
21984,2011-09-05,74.00000000,point_tuned,41.00000000,33.00000000,0.00000000,132.00000000,41.00000000
21985,2011-09-05,98.00000000,point_tuned,152.00000000,0.00000000,54.00000000,54.00000000,98.00000000
22086,2011-09-05,495.00000000,point_tuned,275.00000000,220.00000000,0.00000000,880.00000000,275.00000000
22151,2011-09-05,577.00000000,point_tuned,317.00000000,260.00000000,0.00000000,1040.00000000,317.00000000
22178,2011-09-05,218.00000000,point_tuned,471.00000000,0.00000000,253.00000000,253.00000000,218.00000000
22197,2011-09-05,344.00000000,point_tuned,922.00000000,0.00000000,578.00000000,578.00000000,344.00000000
22355,2011-09-05,229.00000000,point_tuned,362.00000000,0.00000000,133.00000000,133.00000000,229.00000000
22386,2011-09-05,617.00000000,point_tuned,420.00000000,197.00000000,0.00000000,788.00000000,420.00000000
22411,2011-09-05,284.00000000,point_tuned,316.00000000,0.00000000,32.00000000,32.00000000,284.00000000
22423,2011-09-05,105.00000000,point_tuned,273.00000000,0.00000000,168.00000000,168.00000000,105.00000000
22469,2011-09-05,237.00000000,point_tuned,190.00000000,47.00000000,0.00000000,188.00000000,190.00000000
22492,2011-09-05,84.00000000,point_tuned,256.00000000,0.00000000,172.00000000,172.00000000,84.00000000
22616,2011-09-05,76.00000000,point_tuned,402.00000000,0.00000000,326.00000000,326.00000000,76.00000000
71459,2011-09-05,244.00000000,point_tuned,269.00000000,0.00000000,25.00000000,25.00000000,244.00000000
72741,2011-09-05,90.00000000,point_tuned,131.00000000,0.00000000,41.00000000,41.00000000,90.00000000
84077,2011-09-05,336.00000000,point_tuned,667.00000000,0.00000000,331.00000000,331.00000000,336.00000000
84212,2011-09-05,504.00000000,point_tuned,22.00000000,482.00000000,0.00000000,1928.00000000,22.00000000
84270,2011-09-05,0.00000000,point_tuned,2.00000000,0.00000000,2.00000000,2.00000000,0.00000000
84347,2011-09-05,38.00000000,point_tuned,32.00000000,6.00000000,0.00000000,24.00000000,32.00000000
84568,2011-09-05,45.00000000,point_tuned,93.00000000,0.00000000,48.00000000,48.00000000,45.00000000
84598,2011-09-05,21.00000000,point_tuned,70.00000000,0.00000000,49.00000000,49.00000000,21.00000000
84755,2011-09-05,284.00000000,point_tuned,387.00000000,0.00000000,103.00000000,103.00000000,284.00000000
84879,2011-09-05,384.00000000,point_tuned,794.00000000,0.00000000,410.00000000,410.00000000,384.00000000
84946,2011-09-05,247.00000000,point_tuned,461.00000000,0.00000000,214.00000000,214.00000000,247.00000000
84970S,2011-09-05,85.00000000,point_tuned,304.00000000,0.00000000,219.00000000,219.00000000,85.00000000
84991,2011-09-05,549.00000000,point_tuned,336.00000000,213.00000000,0.00000000,852.00000000,336.00000000
84992,2011-09-05,87.00000000,point_tuned,213.00000000,0.00000000,126.00000000,126.00000000,87.00000000
85099B,2011-09-05,536.00000000,point_tuned,932.00000000,0.00000000,396.00000000,396.00000000,536.00000000
85099C,2011-09-05,439.00000000,point_tuned,351.00000000,88.00000000,0.00000000,352.00000000,351.00000000
85099F,2011-09-05,189.00000000,point_tuned,352.00000000,0.00000000,163.00000000,163.00000000,189.00000000
85123A,2011-09-05,407.00000000,point_tuned,782.00000000,0.00000000,375.00000000,375.00000000,407.00000000
15036,2011-09-12,52.00000000,point_tuned,191.00000000,0.00000000,139.00000000,139.00000000,52.00000000
16014,2011-09-12,0.00000000,point_tuned,22.00000000,0.00000000,22.00000000,22.00000000,0.00000000
17003,2011-09-12,109.00000000,point_tuned,253.00000000,0.00000000,144.00000000,144.00000000,109.00000000
20725,2011-09-12,299.00000000,point_tuned,371.00000000,0.00000000,72.00000000,72.00000000,299.00000000
20727,2011-09-12,302.00000000,point_tuned,251.00000000,51.00000000,0.00000000,204.00000000,251.00000000
21080,2011-09-12,168.00000000,point_tuned,239.00000000,0.00000000,71.00000000,71.00000000,168.00000000
21212,2011-09-12,931.00000000,point_tuned,719.00000000,212.00000000,0.00000000,848.00000000,719.00000000
21213,2011-09-12,865.00000000,point_tuned,340.00000000,525.00000000,0.00000000,2100.00000000,340.00000000
21232,2011-09-12,133.00000000,point_tuned,267.00000000,0.00000000,134.00000000,134.00000000,133.00000000
21498,2011-09-12,125.00000000,point_tuned,226.00000000,0.00000000,101.00000000,101.00000000,125.00000000
21915,2011-09-12,223.00000000,point_tuned,190.00000000,33.00000000,0.00000000,132.00000000,190.00000000
21928,2011-09-12,202.00000000,point_tuned,243.00000000,0.00000000,41.00000000,41.00000000,202.00000000
21929,2011-09-12,78.00000000,point_tuned,193.00000000,0.00000000,115.00000000,115.00000000,78.00000000
21931,2011-09-12,330.00000000,point_tuned,363.00000000,0.00000000,33.00000000,33.00000000,330.00000000
21975,2011-09-12,799.00000000,point_tuned,233.00000000,566.00000000,0.00000000,2264.00000000,233.00000000
21977,2011-09-12,718.00000000,point_tuned,563.00000000,155.00000000,0.00000000,620.00000000,563.00000000
21980,2011-09-12,89.00000000,point_tuned,133.00000000,0.00000000,44.00000000,44.00000000,89.00000000
21981,2011-09-12,51.00000000,point_tuned,73.00000000,0.00000000,22.00000000,22.00000000,51.00000000
21982,2011-09-12,92.00000000,point_tuned,146.00000000,0.00000000,54.00000000,54.00000000,92.00000000
21984,2011-09-12,90.00000000,point_tuned,54.00000000,36.00000000,0.00000000,144.00000000,54.00000000
21985,2011-09-12,616.00000000,point_tuned,146.00000000,470.00000000,0.00000000,1880.00000000,146.00000000
22086,2011-09-12,479.00000000,point_tuned,383.00000000,96.00000000,0.00000000,384.00000000,383.00000000
22151,2011-09-12,209.00000000,point_tuned,355.00000000,0.00000000,146.00000000,146.00000000,209.00000000
22178,2011-09-12,242.00000000,point_tuned,353.00000000,0.00000000,111.00000000,111.00000000,242.00000000
22197,2011-09-12,546.00000000,point_tuned,612.00000000,0.00000000,66.00000000,66.00000000,546.00000000
22355,2011-09-12,421.00000000,point_tuned,310.00000000,111.00000000,0.00000000,444.00000000,310.00000000
22386,2011-09-12,478.00000000,point_tuned,501.00000000,0.00000000,23.00000000,23.00000000,478.00000000
22411,2011-09-12,335.00000000,point_tuned,324.00000000,11.00000000,0.00000000,44.00000000,324.00000000
22423,2011-09-12,197.00000000,point_tuned,277.00000000,0.00000000,80.00000000,80.00000000,197.00000000
22469,2011-09-12,359.00000000,point_tuned,199.00000000,160.00000000,0.00000000,640.00000000,199.00000000
22492,2011-09-12,325.00000000,point_tuned,242.00000000,83.00000000,0.00000000,332.00000000,242.00000000
22616,2011-09-12,200.00000000,point_tuned,294.00000000,0.00000000,94.00000000,94.00000000,200.00000000
71459,2011-09-12,604.00000000,point_tuned,260.00000000,344.00000000,0.00000000,1376.00000000,260.00000000
72741,2011-09-12,283.00000000,point_tuned,136.00000000,147.00000000,0.00000000,588.00000000,136.00000000
84077,2011-09-12,960.00000000,point_tuned,754.00000000,206.00000000,0.00000000,824.00000000,754.00000000
84212,2011-09-12,0.00000000,point_tuned,48.00000000,0.00000000,48.00000000,48.00000000,0.00000000
84270,2011-09-12,0.00000000,point_tuned,2.00000000,0.00000000,2.00000000,2.00000000,0.00000000
84347,2011-09-12,294.00000000,point_tuned,102.00000000,192.00000000,0.00000000,768.00000000,102.00000000
84568,2011-09-12,32.00000000,point_tuned,66.00000000,0.00000000,34.00000000,34.00000000,32.00000000
84598,2011-09-12,12.00000000,point_tuned,54.00000000,0.00000000,42.00000000,42.00000000,12.00000000
84755,2011-09-12,392.00000000,point_tuned,307.00000000,85.00000000,0.00000000,340.00000000,307.00000000
84879,2011-09-12,740.00000000,point_tuned,869.00000000,0.00000000,129.00000000,129.00000000,740.00000000
84946,2011-09-12,115.00000000,point_tuned,461.00000000,0.00000000,346.00000000,346.00000000,115.00000000
84970S,2011-09-12,85.00000000,point_tuned,290.00000000,0.00000000,205.00000000,205.00000000,85.00000000
84991,2011-09-12,733.00000000,point_tuned,400.00000000,333.00000000,0.00000000,1332.00000000,400.00000000
84992,2011-09-12,655.00000000,point_tuned,193.00000000,462.00000000,0.00000000,1848.00000000,193.00000000
85099B,2011-09-12,741.00000000,point_tuned,952.00000000,0.00000000,211.00000000,211.00000000,741.00000000
85099C,2011-09-12,109.00000000,point_tuned,356.00000000,0.00000000,247.00000000,247.00000000,109.00000000
85099F,2011-09-12,302.00000000,point_tuned,366.00000000,0.00000000,64.00000000,64.00000000,302.00000000
85123A,2011-09-12,657.00000000,point_tuned,881.00000000,0.00000000,224.00000000,224.00000000,657.00000000
15036,2011-09-19,93.00000000,point_tuned,149.00000000,0.00000000,56.00000000,56.00000000,93.00000000
16014,2011-09-19,0.00000000,point_tuned,4.00000000,0.00000000,4.00000000,4.00000000,0.00000000
17003,2011-09-19,857.00000000,point_tuned,444.00000000,413.00000000,0.00000000,1652.00000000,444.00000000
20725,2011-09-19,211.00000000,point_tuned,470.00000000,0.00000000,259.00000000,259.00000000,211.00000000
20727,2011-09-19,312.00000000,point_tuned,327.00000000,0.00000000,15.00000000,15.00000000,312.00000000
21080,2011-09-19,210.00000000,point_tuned,297.00000000,0.00000000,87.00000000,87.00000000,210.00000000
21212,2011-09-19,404.00000000,point_tuned,971.00000000,0.00000000,567.00000000,567.00000000,404.00000000
21213,2011-09-19,251.00000000,point_tuned,522.00000000,0.00000000,271.00000000,271.00000000,251.00000000
21232,2011-09-19,207.00000000,point_tuned,312.00000000,0.00000000,105.00000000,105.00000000,207.00000000
21498,2011-09-19,175.00000000,point_tuned,281.00000000,0.00000000,106.00000000,106.00000000,175.00000000
21915,2011-09-19,197.00000000,point_tuned,337.00000000,0.00000000,140.00000000,140.00000000,197.00000000
21928,2011-09-19,221.00000000,point_tuned,377.00000000,0.00000000,156.00000000,156.00000000,221.00000000
21929,2011-09-19,379.00000000,point_tuned,253.00000000,126.00000000,0.00000000,504.00000000,253.00000000
21931,2011-09-19,278.00000000,point_tuned,435.00000000,0.00000000,157.00000000,157.00000000,278.00000000
21975,2011-09-19,310.00000000,point_tuned,312.00000000,0.00000000,2.00000000,2.00000000,310.00000000
21977,2011-09-19,326.00000000,point_tuned,688.00000000,0.00000000,362.00000000,362.00000000,326.00000000
21980,2011-09-19,63.00000000,point_tuned,122.00000000,0.00000000,59.00000000,59.00000000,63.00000000
21981,2011-09-19,76.00000000,point_tuned,73.00000000,3.00000000,0.00000000,12.00000000,73.00000000
21982,2011-09-19,62.00000000,point_tuned,169.00000000,0.00000000,107.00000000,107.00000000,62.00000000
21984,2011-09-19,62.00000000,point_tuned,73.00000000,0.00000000,11.00000000,11.00000000,62.00000000
21985,2011-09-19,102.00000000,point_tuned,213.00000000,0.00000000,111.00000000,111.00000000,102.00000000
22086,2011-09-19,584.00000000,point_tuned,418.00000000,166.00000000,0.00000000,664.00000000,418.00000000
22151,2011-09-19,140.00000000,point_tuned,298.00000000,0.00000000,158.00000000,158.00000000,140.00000000
22178,2011-09-19,419.00000000,point_tuned,582.00000000,0.00000000,163.00000000,163.00000000,419.00000000
22197,2011-09-19,562.00000000,point_tuned,1203.00000000,0.00000000,641.00000000,641.00000000,562.00000000
22355,2011-09-19,197.00000000,point_tuned,510.00000000,0.00000000,313.00000000,313.00000000,197.00000000
22386,2011-09-19,599.00000000,point_tuned,652.00000000,0.00000000,53.00000000,53.00000000,599.00000000
22411,2011-09-19,422.00000000,point_tuned,397.00000000,25.00000000,0.00000000,100.00000000,397.00000000
22423,2011-09-19,100.00000000,point_tuned,433.00000000,0.00000000,333.00000000,333.00000000,100.00000000
22469,2011-09-19,1019.00000000,point_tuned,339.00000000,680.00000000,0.00000000,2720.00000000,339.00000000
22492,2011-09-19,190.00000000,point_tuned,408.00000000,0.00000000,218.00000000,218.00000000,190.00000000
22616,2011-09-19,267.00000000,point_tuned,502.00000000,0.00000000,235.00000000,235.00000000,267.00000000
71459,2011-09-19,120.00000000,point_tuned,311.00000000,0.00000000,191.00000000,191.00000000,120.00000000
72741,2011-09-19,48.00000000,point_tuned,188.00000000,0.00000000,140.00000000,140.00000000,48.00000000
84077,2011-09-19,539.00000000,point_tuned,1046.00000000,0.00000000,507.00000000,507.00000000,539.00000000
84212,2011-09-19,24.00000000,point_tuned,16.00000000,8.00000000,0.00000000,32.00000000,16.00000000
84270,2011-09-19,0.00000000,point_tuned,1.00000000,0.00000000,1.00000000,1.00000000,0.00000000
84347,2011-09-19,367.00000000,point_tuned,227.00000000,140.00000000,0.00000000,560.00000000,227.00000000
84568,2011-09-19,24.00000000,point_tuned,67.00000000,0.00000000,43.00000000,43.00000000,24.00000000
84598,2011-09-19,20.00000000,point_tuned,35.00000000,0.00000000,15.00000000,15.00000000,20.00000000
84755,2011-09-19,228.00000000,point_tuned,367.00000000,0.00000000,139.00000000,139.00000000,228.00000000
84879,2011-09-19,637.00000000,point_tuned,1071.00000000,0.00000000,434.00000000,434.00000000,637.00000000
84946,2011-09-19,477.00000000,point_tuned,469.00000000,8.00000000,0.00000000,32.00000000,469.00000000
84970S,2011-09-19,89.00000000,point_tuned,377.00000000,0.00000000,288.00000000,288.00000000,89.00000000
84991,2011-09-19,306.00000000,point_tuned,492.00000000,0.00000000,186.00000000,186.00000000,306.00000000
84992,2011-09-19,216.00000000,point_tuned,250.00000000,0.00000000,34.00000000,34.00000000,216.00000000
85099B,2011-09-19,1387.00000000,point_tuned,1299.00000000,88.00000000,0.00000000,352.00000000,1299.00000000
85099C,2011-09-19,440.00000000,point_tuned,410.00000000,30.00000000,0.00000000,120.00000000,410.00000000
85099F,2011-09-19,509.00000000,point_tuned,450.00000000,59.00000000,0.00000000,236.00000000,450.00000000
85123A,2011-09-19,660.00000000,point_tuned,1093.00000000,0.00000000,433.00000000,433.00000000,660.00000000
15036,2011-09-26,30.00000000,point_tuned,215.00000000,0.00000000,185.00000000,185.00000000,30.00000000
16014,2011-09-26,1.00000000,point_tuned,9.00000000,0.00000000,8.00000000,8.00000000,1.00000000
17003,2011-09-26,895.00000000,point_tuned,313.00000000,582.00000000,0.00000000,2328.00000000,313.00000000
20725,2011-09-26,228.00000000,point_tuned,451.00000000,0.00000000,223.00000000,223.00000000,228.00000000
20727,2011-09-26,205.00000000,point_tuned,290.00000000,0.00000000,85.00000000,85.00000000,205.00000000
21080,2011-09-26,151.00000000,point_tuned,290.00000000,0.00000000,139.00000000,139.00000000,151.00000000
21212,2011-09-26,311.00000000,point_tuned,1038.00000000,0.00000000,727.00000000,727.00000000,311.00000000
21213,2011-09-26,194.00000000,point_tuned,503.00000000,0.00000000,309.00000000,309.00000000,194.00000000
21232,2011-09-26,214.00000000,point_tuned,315.00000000,0.00000000,101.00000000,101.00000000,214.00000000
21498,2011-09-26,275.00000000,point_tuned,285.00000000,0.00000000,10.00000000,10.00000000,275.00000000
21915,2011-09-26,192.00000000,point_tuned,346.00000000,0.00000000,154.00000000,154.00000000,192.00000000
21928,2011-09-26,349.00000000,point_tuned,379.00000000,0.00000000,30.00000000,30.00000000,349.00000000
21929,2011-09-26,112.00000000,point_tuned,318.00000000,0.00000000,206.00000000,206.00000000,112.00000000
21931,2011-09-26,260.00000000,point_tuned,424.00000000,0.00000000,164.00000000,164.00000000,260.00000000
21975,2011-09-26,136.00000000,point_tuned,345.00000000,0.00000000,209.00000000,209.00000000,136.00000000
21977,2011-09-26,189.00000000,point_tuned,691.00000000,0.00000000,502.00000000,502.00000000,189.00000000
21980,2011-09-26,73.00000000,point_tuned,147.00000000,0.00000000,74.00000000,74.00000000,73.00000000
21981,2011-09-26,44.00000000,point_tuned,88.00000000,0.00000000,44.00000000,44.00000000,44.00000000
21982,2011-09-26,35.00000000,point_tuned,150.00000000,0.00000000,115.00000000,115.00000000,35.00000000
21984,2011-09-26,78.00000000,point_tuned,60.00000000,18.00000000,0.00000000,72.00000000,60.00000000
21985,2011-09-26,111.00000000,point_tuned,205.00000000,0.00000000,94.00000000,94.00000000,111.00000000
22086,2011-09-26,347.00000000,point_tuned,502.00000000,0.00000000,155.00000000,155.00000000,347.00000000
22151,2011-09-26,110.00000000,point_tuned,349.00000000,0.00000000,239.00000000,239.00000000,110.00000000
22178,2011-09-26,84.00000000,point_tuned,641.00000000,0.00000000,557.00000000,557.00000000,84.00000000
22197,2011-09-26,1663.00000000,point_tuned,903.00000000,760.00000000,0.00000000,3040.00000000,903.00000000
22355,2011-09-26,170.00000000,point_tuned,469.00000000,0.00000000,299.00000000,299.00000000,170.00000000
22386,2011-09-26,665.00000000,point_tuned,653.00000000,12.00000000,0.00000000,48.00000000,653.00000000
22411,2011-09-26,489.00000000,point_tuned,436.00000000,53.00000000,0.00000000,212.00000000,436.00000000
22423,2011-09-26,136.00000000,point_tuned,400.00000000,0.00000000,264.00000000,264.00000000,136.00000000
22469,2011-09-26,226.00000000,point_tuned,339.00000000,0.00000000,113.00000000,113.00000000,226.00000000
22492,2011-09-26,288.00000000,point_tuned,407.00000000,0.00000000,119.00000000,119.00000000,288.00000000
22616,2011-09-26,577.00000000,point_tuned,483.00000000,94.00000000,0.00000000,376.00000000,483.00000000
71459,2011-09-26,276.00000000,point_tuned,243.00000000,33.00000000,0.00000000,132.00000000,243.00000000
72741,2011-09-26,129.00000000,point_tuned,164.00000000,0.00000000,35.00000000,35.00000000,129.00000000
84077,2011-09-26,768.00000000,point_tuned,1044.00000000,0.00000000,276.00000000,276.00000000,768.00000000
84212,2011-09-26,24.00000000,point_tuned,21.00000000,3.00000000,0.00000000,12.00000000,21.00000000
84270,2011-09-26,0.00000000,point_tuned,1.00000000,0.00000000,1.00000000,1.00000000,0.00000000
84347,2011-09-26,40.00000000,point_tuned,278.00000000,0.00000000,238.00000000,238.00000000,40.00000000
84568,2011-09-26,9.00000000,point_tuned,110.00000000,0.00000000,101.00000000,101.00000000,9.00000000
84598,2011-09-26,12.00000000,point_tuned,69.00000000,0.00000000,57.00000000,57.00000000,12.00000000
84755,2011-09-26,48.00000000,point_tuned,462.00000000,0.00000000,414.00000000,414.00000000,48.00000000
84879,2011-09-26,791.00000000,point_tuned,1264.00000000,0.00000000,473.00000000,473.00000000,791.00000000
84946,2011-09-26,378.00000000,point_tuned,524.00000000,0.00000000,146.00000000,146.00000000,378.00000000
84970S,2011-09-26,202.00000000,point_tuned,339.00000000,0.00000000,137.00000000,137.00000000,202.00000000
84991,2011-09-26,220.00000000,point_tuned,550.00000000,0.00000000,330.00000000,330.00000000,220.00000000
84992,2011-09-26,110.00000000,point_tuned,265.00000000,0.00000000,155.00000000,155.00000000,110.00000000
85099B,2011-09-26,889.00000000,point_tuned,1391.00000000,0.00000000,502.00000000,502.00000000,889.00000000
85099C,2011-09-26,398.00000000,point_tuned,482.00000000,0.00000000,84.00000000,84.00000000,398.00000000
85099F,2011-09-26,204.00000000,point_tuned,428.00000000,0.00000000,224.00000000,224.00000000,204.00000000
85123A,2011-09-26,404.00000000,point_tuned,1094.00000000,0.00000000,690.00000000,690.00000000,404.00000000
15036,2011-10-03,721.00000000,point_tuned,123.00000000,598.00000000,0.00000000,2392.00000000,123.00000000
16014,2011-10-03,0.00000000,point_tuned,11.00000000,0.00000000,11.00000000,11.00000000,0.00000000
17003,2011-10-03,376.00000000,point_tuned,533.00000000,0.00000000,157.00000000,157.00000000,376.00000000
20725,2011-10-03,278.00000000,point_tuned,451.00000000,0.00000000,173.00000000,173.00000000,278.00000000
20727,2011-10-03,208.00000000,point_tuned,315.00000000,0.00000000,107.00000000,107.00000000,208.00000000
21080,2011-10-03,92.00000000,point_tuned,298.00000000,0.00000000,206.00000000,206.00000000,92.00000000
21212,2011-10-03,405.00000000,point_tuned,976.00000000,0.00000000,571.00000000,571.00000000,405.00000000
21213,2011-10-03,202.00000000,point_tuned,498.00000000,0.00000000,296.00000000,296.00000000,202.00000000
21232,2011-10-03,67.00000000,point_tuned,383.00000000,0.00000000,316.00000000,316.00000000,67.00000000
21498,2011-10-03,125.00000000,point_tuned,296.00000000,0.00000000,171.00000000,171.00000000,125.00000000
21915,2011-10-03,1771.00000000,point_tuned,328.00000000,1443.00000000,0.00000000,5772.00000000,328.00000000
21928,2011-10-03,156.00000000,point_tuned,391.00000000,0.00000000,235.00000000,235.00000000,156.00000000
21929,2011-10-03,461.00000000,point_tuned,296.00000000,165.00000000,0.00000000,660.00000000,296.00000000
21931,2011-10-03,444.00000000,point_tuned,387.00000000,57.00000000,0.00000000,228.00000000,387.00000000
21975,2011-10-03,107.00000000,point_tuned,339.00000000,0.00000000,232.00000000,232.00000000,107.00000000
21977,2011-10-03,829.00000000,point_tuned,704.00000000,125.00000000,0.00000000,500.00000000,704.00000000
21980,2011-10-03,528.00000000,point_tuned,212.00000000,316.00000000,0.00000000,1264.00000000,212.00000000
21981,2011-10-03,5.00000000,point_tuned,85.00000000,0.00000000,80.00000000,80.00000000,5.00000000
21982,2011-10-03,8.00000000,point_tuned,151.00000000,0.00000000,143.00000000,143.00000000,8.00000000
21984,2011-10-03,76.00000000,point_tuned,88.00000000,0.00000000,12.00000000,12.00000000,76.00000000
21985,2011-10-03,182.00000000,point_tuned,253.00000000,0.00000000,71.00000000,71.00000000,182.00000000
22086,2011-10-03,953.00000000,point_tuned,593.00000000,360.00000000,0.00000000,1440.00000000,593.00000000
22151,2011-10-03,54.00000000,point_tuned,396.00000000,0.00000000,342.00000000,342.00000000,54.00000000
22178,2011-10-03,1459.00000000,point_tuned,534.00000000,925.00000000,0.00000000,3700.00000000,534.00000000
22197,2011-10-03,799.00000000,point_tuned,1158.00000000,0.00000000,359.00000000,359.00000000,799.00000000
22355,2011-10-03,354.00000000,point_tuned,466.00000000,0.00000000,112.00000000,112.00000000,354.00000000
22386,2011-10-03,1539.00000000,point_tuned,696.00000000,843.00000000,0.00000000,3372.00000000,696.00000000
22411,2011-10-03,183.00000000,point_tuned,404.00000000,0.00000000,221.00000000,221.00000000,183.00000000
22423,2011-10-03,297.00000000,point_tuned,431.00000000,0.00000000,134.00000000,134.00000000,297.00000000
22469,2011-10-03,254.00000000,point_tuned,302.00000000,0.00000000,48.00000000,48.00000000,254.00000000
22492,2011-10-03,724.00000000,point_tuned,460.00000000,264.00000000,0.00000000,1056.00000000,460.00000000
22616,2011-10-03,465.00000000,point_tuned,491.00000000,0.00000000,26.00000000,26.00000000,465.00000000
71459,2011-10-03,168.00000000,point_tuned,321.00000000,0.00000000,153.00000000,153.00000000,168.00000000
72741,2011-10-03,99.00000000,point_tuned,237.00000000,0.00000000,138.00000000,138.00000000,99.00000000
84077,2011-10-03,893.00000000,point_tuned,1155.00000000,0.00000000,262.00000000,262.00000000,893.00000000
84212,2011-10-03,480.00000000,point_tuned,28.00000000,452.00000000,0.00000000,1808.00000000,28.00000000
84270,2011-10-03,0.00000000,point_tuned,1.00000000,0.00000000,1.00000000,1.00000000,0.00000000
84347,2011-10-03,178.00000000,point_tuned,149.00000000,29.00000000,0.00000000,116.00000000,149.00000000
84568,2011-10-03,0.00000000,point_tuned,419.00000000,0.00000000,419.00000000,419.00000000,0.00000000
84598,2011-10-03,20.00000000,point_tuned,41.00000000,0.00000000,21.00000000,21.00000000,20.00000000
84755,2011-10-03,288.00000000,point_tuned,245.00000000,43.00000000,0.00000000,172.00000000,245.00000000
84879,2011-10-03,573.00000000,point_tuned,1143.00000000,0.00000000,570.00000000,570.00000000,573.00000000
84946,2011-10-03,342.00000000,point_tuned,610.00000000,0.00000000,268.00000000,268.00000000,342.00000000
84970S,2011-10-03,40.00000000,point_tuned,348.00000000,0.00000000,308.00000000,308.00000000,40.00000000
84991,2011-10-03,157.00000000,point_tuned,518.00000000,0.00000000,361.00000000,361.00000000,157.00000000
84992,2011-10-03,161.00000000,point_tuned,326.00000000,0.00000000,165.00000000,165.00000000,161.00000000
85099B,2011-10-03,2636.00000000,point_tuned,1390.00000000,1246.00000000,0.00000000,4984.00000000,1390.00000000
85099C,2011-10-03,276.00000000,point_tuned,508.00000000,0.00000000,232.00000000,232.00000000,276.00000000
85099F,2011-10-03,1172.00000000,point_tuned,425.00000000,747.00000000,0.00000000,2988.00000000,425.00000000
85123A,2011-10-03,156.00000000,point_tuned,1097.00000000,0.00000000,941.00000000,941.00000000,156.00000000
15036,2011-10-10,224.00000000,point_tuned,311.00000000,0.00000000,87.00000000,87.00000000,224.00000000
16014,2011-10-10,20.00000000,point_tuned,17.00000000,3.00000000,0.00000000,12.00000000,17.00000000
17003,2011-10-10,72.00000000,point_tuned,510.00000000,0.00000000,438.00000000,438.00000000,72.00000000
20725,2011-10-10,373.00000000,point_tuned,451.00000000,0.00000000,78.00000000,78.00000000,373.00000000
20727,2011-10-10,336.00000000,point_tuned,315.00000000,21.00000000,0.00000000,84.00000000,315.00000000
21080,2011-10-10,47.00000000,point_tuned,307.00000000,0.00000000,260.00000000,260.00000000,47.00000000
21212,2011-10-10,163.00000000,point_tuned,1034.00000000,0.00000000,871.00000000,871.00000000,163.00000000
21213,2011-10-10,125.00000000,point_tuned,478.00000000,0.00000000,353.00000000,353.00000000,125.00000000
21232,2011-10-10,370.00000000,point_tuned,289.00000000,81.00000000,0.00000000,324.00000000,289.00000000
21498,2011-10-10,150.00000000,point_tuned,294.00000000,0.00000000,144.00000000,144.00000000,150.00000000
21915,2011-10-10,180.00000000,point_tuned,382.00000000,0.00000000,202.00000000,202.00000000,180.00000000
21928,2011-10-10,79.00000000,point_tuned,405.00000000,0.00000000,326.00000000,326.00000000,79.00000000
21929,2011-10-10,71.00000000,point_tuned,381.00000000,0.00000000,310.00000000,310.00000000,71.00000000
21931,2011-10-10,243.00000000,point_tuned,460.00000000,0.00000000,217.00000000,217.00000000,243.00000000
21975,2011-10-10,19.00000000,point_tuned,327.00000000,0.00000000,308.00000000,308.00000000,19.00000000
21977,2011-10-10,150.00000000,point_tuned,781.00000000,0.00000000,631.00000000,631.00000000,150.00000000
21980,2011-10-10,60.00000000,point_tuned,193.00000000,0.00000000,133.00000000,133.00000000,60.00000000
21981,2011-10-10,16.00000000,point_tuned,69.00000000,0.00000000,53.00000000,53.00000000,16.00000000
21982,2011-10-10,112.00000000,point_tuned,135.00000000,0.00000000,23.00000000,23.00000000,112.00000000
21984,2011-10-10,85.00000000,point_tuned,88.00000000,0.00000000,3.00000000,3.00000000,85.00000000
21985,2011-10-10,114.00000000,point_tuned,210.00000000,0.00000000,96.00000000,96.00000000,114.00000000
22086,2011-10-10,816.00000000,point_tuned,569.00000000,247.00000000,0.00000000,988.00000000,569.00000000
22151,2011-10-10,77.00000000,point_tuned,351.00000000,0.00000000,274.00000000,274.00000000,77.00000000
22178,2011-10-10,297.00000000,point_tuned,633.00000000,0.00000000,336.00000000,336.00000000,297.00000000
22197,2011-10-10,748.00000000,point_tuned,1115.00000000,0.00000000,367.00000000,367.00000000,748.00000000
22355,2011-10-10,230.00000000,point_tuned,512.00000000,0.00000000,282.00000000,282.00000000,230.00000000
22386,2011-10-10,397.00000000,point_tuned,827.00000000,0.00000000,430.00000000,430.00000000,397.00000000
22411,2011-10-10,230.00000000,point_tuned,457.00000000,0.00000000,227.00000000,227.00000000,230.00000000
22423,2011-10-10,127.00000000,point_tuned,446.00000000,0.00000000,319.00000000,319.00000000,127.00000000
22469,2011-10-10,88.00000000,point_tuned,400.00000000,0.00000000,312.00000000,312.00000000,88.00000000
22492,2011-10-10,185.00000000,point_tuned,485.00000000,0.00000000,300.00000000,300.00000000,185.00000000
22616,2011-10-10,41.00000000,point_tuned,509.00000000,0.00000000,468.00000000,468.00000000,41.00000000
71459,2011-10-10,129.00000000,point_tuned,319.00000000,0.00000000,190.00000000,190.00000000,129.00000000
72741,2011-10-10,144.00000000,point_tuned,235.00000000,0.00000000,91.00000000,91.00000000,144.00000000
84077,2011-10-10,634.00000000,point_tuned,1284.00000000,0.00000000,650.00000000,650.00000000,634.00000000
84212,2011-10-10,0.00000000,point_tuned,27.00000000,0.00000000,27.00000000,27.00000000,0.00000000
84270,2011-10-10,0.00000000,point_tuned,1.00000000,0.00000000,1.00000000,1.00000000,0.00000000
84347,2011-10-10,469.00000000,point_tuned,494.00000000,0.00000000,25.00000000,25.00000000,469.00000000
84568,2011-10-10,18.00000000,point_tuned,120.00000000,0.00000000,102.00000000,102.00000000,18.00000000
84598,2011-10-10,6.00000000,point_tuned,54.00000000,0.00000000,48.00000000,48.00000000,6.00000000
84755,2011-10-10,48.00000000,point_tuned,308.00000000,0.00000000,260.00000000,260.00000000,48.00000000
84879,2011-10-10,412.00000000,point_tuned,1167.00000000,0.00000000,755.00000000,755.00000000,412.00000000
84946,2011-10-10,475.00000000,point_tuned,571.00000000,0.00000000,96.00000000,96.00000000,475.00000000
84970S,2011-10-10,266.00000000,point_tuned,344.00000000,0.00000000,78.00000000,78.00000000,266.00000000
84991,2011-10-10,73.00000000,point_tuned,551.00000000,0.00000000,478.00000000,478.00000000,73.00000000
84992,2011-10-10,33.00000000,point_tuned,276.00000000,0.00000000,243.00000000,243.00000000,33.00000000
85099B,2011-10-10,847.00000000,point_tuned,1198.00000000,0.00000000,351.00000000,351.00000000,847.00000000
85099C,2011-10-10,210.00000000,point_tuned,503.00000000,0.00000000,293.00000000,293.00000000,210.00000000
85099F,2011-10-10,151.00000000,point_tuned,481.00000000,0.00000000,330.00000000,330.00000000,151.00000000
85123A,2011-10-10,599.00000000,point_tuned,1007.00000000,0.00000000,408.00000000,408.00000000,599.00000000
15036,2011-10-17,122.00000000,point_tuned,246.00000000,0.00000000,124.00000000,124.00000000,122.00000000
16014,2011-10-17,20.00000000,point_tuned,25.00000000,0.00000000,5.00000000,5.00000000,20.00000000
17003,2011-10-17,204.00000000,point_tuned,230.00000000,0.00000000,26.00000000,26.00000000,204.00000000
20725,2011-10-17,146.00000000,point_tuned,342.00000000,0.00000000,196.00000000,196.00000000,146.00000000
20727,2011-10-17,138.00000000,point_tuned,229.00000000,0.00000000,91.00000000,91.00000000,138.00000000
21080,2011-10-17,156.00000000,point_tuned,150.00000000,6.00000000,0.00000000,24.00000000,150.00000000
21212,2011-10-17,143.00000000,point_tuned,647.00000000,0.00000000,504.00000000,504.00000000,143.00000000
21213,2011-10-17,336.00000000,point_tuned,285.00000000,51.00000000,0.00000000,204.00000000,285.00000000
21232,2011-10-17,139.00000000,point_tuned,312.00000000,0.00000000,173.00000000,173.00000000,139.00000000
21498,2011-10-17,100.00000000,point_tuned,234.00000000,0.00000000,134.00000000,134.00000000,100.00000000
21915,2011-10-17,487.00000000,point_tuned,204.00000000,283.00000000,0.00000000,1132.00000000,204.00000000
21928,2011-10-17,173.00000000,point_tuned,236.00000000,0.00000000,63.00000000,63.00000000,173.00000000
21929,2011-10-17,84.00000000,point_tuned,180.00000000,0.00000000,96.00000000,96.00000000,84.00000000
21931,2011-10-17,140.00000000,point_tuned,315.00000000,0.00000000,175.00000000,175.00000000,140.00000000
21975,2011-10-17,103.00000000,point_tuned,93.00000000,10.00000000,0.00000000,40.00000000,93.00000000
21977,2011-10-17,112.00000000,point_tuned,431.00000000,0.00000000,319.00000000,319.00000000,112.00000000
21980,2011-10-17,84.00000000,point_tuned,135.00000000,0.00000000,51.00000000,51.00000000,84.00000000
21981,2011-10-17,20.00000000,point_tuned,56.00000000,0.00000000,36.00000000,36.00000000,20.00000000
21982,2011-10-17,41.00000000,point_tuned,119.00000000,0.00000000,78.00000000,78.00000000,41.00000000
21984,2011-10-17,2.00000000,point_tuned,60.00000000,0.00000000,58.00000000,58.00000000,2.00000000
21985,2011-10-17,49.00000000,point_tuned,155.00000000,0.00000000,106.00000000,106.00000000,49.00000000
22086,2011-10-17,698.00000000,point_tuned,426.00000000,272.00000000,0.00000000,1088.00000000,426.00000000
22151,2011-10-17,170.00000000,point_tuned,301.00000000,0.00000000,131.00000000,131.00000000,170.00000000
22178,2011-10-17,199.00000000,point_tuned,497.00000000,0.00000000,298.00000000,298.00000000,199.00000000
22197,2011-10-17,613.00000000,point_tuned,980.00000000,0.00000000,367.00000000,367.00000000,613.00000000
22355,2011-10-17,256.00000000,point_tuned,379.00000000,0.00000000,123.00000000,123.00000000,256.00000000
22386,2011-10-17,334.00000000,point_tuned,493.00000000,0.00000000,159.00000000,159.00000000,334.00000000
22411,2011-10-17,80.00000000,point_tuned,313.00000000,0.00000000,233.00000000,233.00000000,80.00000000
22423,2011-10-17,89.00000000,point_tuned,343.00000000,0.00000000,254.00000000,254.00000000,89.00000000
22469,2011-10-17,283.00000000,point_tuned,175.00000000,108.00000000,0.00000000,432.00000000,175.00000000
22492,2011-10-17,74.00000000,point_tuned,369.00000000,0.00000000,295.00000000,295.00000000,74.00000000
22616,2011-10-17,666.00000000,point_tuned,245.00000000,421.00000000,0.00000000,1684.00000000,245.00000000
71459,2011-10-17,52.00000000,point_tuned,225.00000000,0.00000000,173.00000000,173.00000000,52.00000000
72741,2011-10-17,267.00000000,point_tuned,241.00000000,26.00000000,0.00000000,104.00000000,241.00000000
84077,2011-10-17,975.00000000,point_tuned,900.00000000,75.00000000,0.00000000,300.00000000,900.00000000
84212,2011-10-17,0.00000000,point_tuned,52.00000000,0.00000000,52.00000000,52.00000000,0.00000000
84270,2011-10-17,0.00000000,point_tuned,1.00000000,0.00000000,1.00000000,1.00000000,0.00000000
84347,2011-10-17,400.00000000,point_tuned,575.00000000,0.00000000,175.00000000,175.00000000,400.00000000
84568,2011-10-17,24.00000000,point_tuned,119.00000000,0.00000000,95.00000000,95.00000000,24.00000000
84598,2011-10-17,16.00000000,point_tuned,51.00000000,0.00000000,35.00000000,35.00000000,16.00000000
84755,2011-10-17,196.00000000,point_tuned,132.00000000,64.00000000,0.00000000,256.00000000,132.00000000
84879,2011-10-17,732.00000000,point_tuned,798.00000000,0.00000000,66.00000000,66.00000000,732.00000000
84946,2011-10-17,412.00000000,point_tuned,495.00000000,0.00000000,83.00000000,83.00000000,412.00000000
84970S,2011-10-17,66.00000000,point_tuned,263.00000000,0.00000000,197.00000000,197.00000000,66.00000000
84991,2011-10-17,129.00000000,point_tuned,285.00000000,0.00000000,156.00000000,156.00000000,129.00000000
84992,2011-10-17,104.00000000,point_tuned,167.00000000,0.00000000,63.00000000,63.00000000,104.00000000
85099B,2011-10-17,725.00000000,point_tuned,1031.00000000,0.00000000,306.00000000,306.00000000,725.00000000
85099C,2011-10-17,200.00000000,point_tuned,391.00000000,0.00000000,191.00000000,191.00000000,200.00000000
85099F,2011-10-17,433.00000000,point_tuned,276.00000000,157.00000000,0.00000000,628.00000000,276.00000000
85123A,2011-10-17,152.00000000,point_tuned,885.00000000,0.00000000,733.00000000,733.00000000,152.00000000
15036,2011-10-24,101.00000000,point_tuned,282.00000000,0.00000000,181.00000000,181.00000000,101.00000000
16014,2011-10-24,0.00000000,point_tuned,38.00000000,0.00000000,38.00000000,38.00000000,0.00000000
17003,2011-10-24,1684.00000000,point_tuned,279.00000000,1405.00000000,0.00000000,5620.00000000,279.00000000
20725,2011-10-24,234.00000000,point_tuned,317.00000000,0.00000000,83.00000000,83.00000000,234.00000000
20727,2011-10-24,132.00000000,point_tuned,224.00000000,0.00000000,92.00000000,92.00000000,132.00000000
21080,2011-10-24,88.00000000,point_tuned,237.00000000,0.00000000,149.00000000,149.00000000,88.00000000
21212,2011-10-24,449.00000000,point_tuned,487.00000000,0.00000000,38.00000000,38.00000000,449.00000000
21213,2011-10-24,361.00000000,point_tuned,327.00000000,34.00000000,0.00000000,136.00000000,327.00000000
21232,2011-10-24,137.00000000,point_tuned,297.00000000,0.00000000,160.00000000,160.00000000,137.00000000
21498,2011-10-24,325.00000000,point_tuned,209.00000000,116.00000000,0.00000000,464.00000000,209.00000000
21915,2011-10-24,217.00000000,point_tuned,245.00000000,0.00000000,28.00000000,28.00000000,217.00000000
21928,2011-10-24,125.00000000,point_tuned,273.00000000,0.00000000,148.00000000,148.00000000,125.00000000
21929,2011-10-24,67.00000000,point_tuned,197.00000000,0.00000000,130.00000000,130.00000000,67.00000000
21931,2011-10-24,342.00000000,point_tuned,301.00000000,41.00000000,0.00000000,164.00000000,301.00000000
21975,2011-10-24,38.00000000,point_tuned,184.00000000,0.00000000,146.00000000,146.00000000,38.00000000
21977,2011-10-24,97.00000000,point_tuned,445.00000000,0.00000000,348.00000000,348.00000000,97.00000000
21980,2011-10-24,110.00000000,point_tuned,136.00000000,0.00000000,26.00000000,26.00000000,110.00000000
21981,2011-10-24,53.00000000,point_tuned,44.00000000,9.00000000,0.00000000,36.00000000,44.00000000
21982,2011-10-24,107.00000000,point_tuned,153.00000000,0.00000000,46.00000000,46.00000000,107.00000000
21984,2011-10-24,38.00000000,point_tuned,21.00000000,17.00000000,0.00000000,68.00000000,21.00000000
21985,2011-10-24,55.00000000,point_tuned,122.00000000,0.00000000,67.00000000,67.00000000,55.00000000
22086,2011-10-24,752.00000000,point_tuned,524.00000000,228.00000000,0.00000000,912.00000000,524.00000000
22151,2011-10-24,173.00000000,point_tuned,283.00000000,0.00000000,110.00000000,110.00000000,173.00000000
22178,2011-10-24,1240.00000000,point_tuned,539.00000000,701.00000000,0.00000000,2804.00000000,539.00000000
22197,2011-10-24,2771.00000000,point_tuned,985.00000000,1786.00000000,0.00000000,7144.00000000,985.00000000
22355,2011-10-24,535.00000000,point_tuned,379.00000000,156.00000000,0.00000000,624.00000000,379.00000000
22386,2011-10-24,443.00000000,point_tuned,516.00000000,0.00000000,73.00000000,73.00000000,443.00000000
22411,2011-10-24,156.00000000,point_tuned,253.00000000,0.00000000,97.00000000,97.00000000,156.00000000
22423,2011-10-24,121.00000000,point_tuned,306.00000000,0.00000000,185.00000000,185.00000000,121.00000000
22469,2011-10-24,369.00000000,point_tuned,255.00000000,114.00000000,0.00000000,456.00000000,255.00000000
22492,2011-10-24,612.00000000,point_tuned,316.00000000,296.00000000,0.00000000,1184.00000000,316.00000000
22616,2011-10-24,173.00000000,point_tuned,455.00000000,0.00000000,282.00000000,282.00000000,173.00000000
71459,2011-10-24,96.00000000,point_tuned,140.00000000,0.00000000,44.00000000,44.00000000,96.00000000
72741,2011-10-24,54.00000000,point_tuned,176.00000000,0.00000000,122.00000000,122.00000000,54.00000000
84077,2011-10-24,5328.00000000,point_tuned,951.00000000,4377.00000000,0.00000000,17508.00000000,951.00000000
84212,2011-10-24,54.00000000,point_tuned,41.00000000,13.00000000,0.00000000,52.00000000,41.00000000
84270,2011-10-24,0.00000000,point_tuned,1.00000000,0.00000000,1.00000000,1.00000000,0.00000000
84347,2011-10-24,669.00000000,point_tuned,350.00000000,319.00000000,0.00000000,1276.00000000,350.00000000
84568,2011-10-24,0.00000000,point_tuned,62.00000000,0.00000000,62.00000000,62.00000000,0.00000000
84598,2011-10-24,0.00000000,point_tuned,21.00000000,0.00000000,21.00000000,21.00000000,0.00000000
84755,2011-10-24,112.00000000,point_tuned,203.00000000,0.00000000,91.00000000,91.00000000,112.00000000
84879,2011-10-24,745.00000000,point_tuned,831.00000000,0.00000000,86.00000000,86.00000000,745.00000000
84946,2011-10-24,216.00000000,point_tuned,525.00000000,0.00000000,309.00000000,309.00000000,216.00000000
84970S,2011-10-24,76.00000000,point_tuned,200.00000000,0.00000000,124.00000000,124.00000000,76.00000000
84991,2011-10-24,341.00000000,point_tuned,301.00000000,40.00000000,0.00000000,160.00000000,301.00000000
84992,2011-10-24,275.00000000,point_tuned,235.00000000,40.00000000,0.00000000,160.00000000,235.00000000
85099B,2011-10-24,590.00000000,point_tuned,1071.00000000,0.00000000,481.00000000,481.00000000,590.00000000
85099C,2011-10-24,391.00000000,point_tuned,368.00000000,23.00000000,0.00000000,92.00000000,368.00000000
85099F,2011-10-24,30.00000000,point_tuned,314.00000000,0.00000000,284.00000000,284.00000000,30.00000000
85123A,2011-10-24,369.00000000,point_tuned,627.00000000,0.00000000,258.00000000,258.00000000,369.00000000
15036,2011-10-31,83.00000000,point_tuned,242.00000000,0.00000000,159.00000000,159.00000000,83.00000000
16014,2011-10-31,3021.00000000,point_tuned,16.00000000,3005.00000000,0.00000000,12020.00000000,16.00000000
17003,2011-10-31,100.00000000,point_tuned,450.00000000,0.00000000,350.00000000,350.00000000,100.00000000
20725,2011-10-31,223.00000000,point_tuned,393.00000000,0.00000000,170.00000000,170.00000000,223.00000000
20727,2011-10-31,108.00000000,point_tuned,273.00000000,0.00000000,165.00000000,165.00000000,108.00000000
21080,2011-10-31,98.00000000,point_tuned,247.00000000,0.00000000,149.00000000,149.00000000,98.00000000
21212,2011-10-31,777.00000000,point_tuned,656.00000000,121.00000000,0.00000000,484.00000000,656.00000000
21213,2011-10-31,131.00000000,point_tuned,355.00000000,0.00000000,224.00000000,224.00000000,131.00000000
21232,2011-10-31,201.00000000,point_tuned,285.00000000,0.00000000,84.00000000,84.00000000,201.00000000
21498,2011-10-31,325.00000000,point_tuned,223.00000000,102.00000000,0.00000000,408.00000000,223.00000000
21915,2011-10-31,2640.00000000,point_tuned,222.00000000,2418.00000000,0.00000000,9672.00000000,222.00000000
21928,2011-10-31,207.00000000,point_tuned,316.00000000,0.00000000,109.00000000,109.00000000,207.00000000
21929,2011-10-31,69.00000000,point_tuned,180.00000000,0.00000000,111.00000000,111.00000000,69.00000000
21931,2011-10-31,245.00000000,point_tuned,344.00000000,0.00000000,99.00000000,99.00000000,245.00000000
21975,2011-10-31,102.00000000,point_tuned,212.00000000,0.00000000,110.00000000,110.00000000,102.00000000
21977,2011-10-31,61.00000000,point_tuned,440.00000000,0.00000000,379.00000000,379.00000000,61.00000000
21980,2011-10-31,112.00000000,point_tuned,135.00000000,0.00000000,23.00000000,23.00000000,112.00000000
21981,2011-10-31,96.00000000,point_tuned,89.00000000,7.00000000,0.00000000,28.00000000,89.00000000
21982,2011-10-31,613.00000000,point_tuned,137.00000000,476.00000000,0.00000000,1904.00000000,137.00000000
21984,2011-10-31,51.00000000,point_tuned,44.00000000,7.00000000,0.00000000,28.00000000,44.00000000
21985,2011-10-31,135.00000000,point_tuned,159.00000000,0.00000000,24.00000000,24.00000000,135.00000000
22086,2011-10-31,1717.00000000,point_tuned,646.00000000,1071.00000000,0.00000000,4284.00000000,646.00000000
22151,2011-10-31,155.00000000,point_tuned,329.00000000,0.00000000,174.00000000,174.00000000,155.00000000
22178,2011-10-31,353.00000000,point_tuned,698.00000000,0.00000000,345.00000000,345.00000000,353.00000000
22197,2011-10-31,1029.00000000,point_tuned,861.00000000,168.00000000,0.00000000,672.00000000,861.00000000
22355,2011-10-31,274.00000000,point_tuned,487.00000000,0.00000000,213.00000000,213.00000000,274.00000000
22386,2011-10-31,292.00000000,point_tuned,681.00000000,0.00000000,389.00000000,389.00000000,292.00000000
22411,2011-10-31,91.00000000,point_tuned,302.00000000,0.00000000,211.00000000,211.00000000,91.00000000
22423,2011-10-31,236.00000000,point_tuned,338.00000000,0.00000000,102.00000000,102.00000000,236.00000000
22469,2011-10-31,1006.00000000,point_tuned,298.00000000,708.00000000,0.00000000,2832.00000000,298.00000000
22492,2011-10-31,118.00000000,point_tuned,425.00000000,0.00000000,307.00000000,307.00000000,118.00000000
22616,2011-10-31,702.00000000,point_tuned,473.00000000,229.00000000,0.00000000,916.00000000,473.00000000
71459,2011-10-31,100.00000000,point_tuned,259.00000000,0.00000000,159.00000000,159.00000000,100.00000000
72741,2011-10-31,24.00000000,point_tuned,127.00000000,0.00000000,103.00000000,103.00000000,24.00000000
84077,2011-10-31,974.00000000,point_tuned,935.00000000,39.00000000,0.00000000,156.00000000,935.00000000
84212,2011-10-31,0.00000000,point_tuned,48.00000000,0.00000000,48.00000000,48.00000000,0.00000000
84270,2011-10-31,0.00000000,point_tuned,1.00000000,0.00000000,1.00000000,1.00000000,0.00000000
84347,2011-10-31,319.00000000,point_tuned,589.00000000,0.00000000,270.00000000,270.00000000,319.00000000
84568,2011-10-31,30.00000000,point_tuned,97.00000000,0.00000000,67.00000000,67.00000000,30.00000000
84598,2011-10-31,32.00000000,point_tuned,29.00000000,3.00000000,0.00000000,12.00000000,29.00000000
84755,2011-10-31,108.00000000,point_tuned,242.00000000,0.00000000,134.00000000,134.00000000,108.00000000
84879,2011-10-31,912.00000000,point_tuned,963.00000000,0.00000000,51.00000000,51.00000000,912.00000000
84946,2011-10-31,823.00000000,point_tuned,537.00000000,286.00000000,0.00000000,1144.00000000,537.00000000
84970S,2011-10-31,93.00000000,point_tuned,283.00000000,0.00000000,190.00000000,190.00000000,93.00000000
84991,2011-10-31,215.00000000,point_tuned,368.00000000,0.00000000,153.00000000,153.00000000,215.00000000
84992,2011-10-31,42.00000000,point_tuned,267.00000000,0.00000000,225.00000000,225.00000000,42.00000000
85099B,2011-10-31,823.00000000,point_tuned,1315.00000000,0.00000000,492.00000000,492.00000000,823.00000000
85099C,2011-10-31,80.00000000,point_tuned,362.00000000,0.00000000,282.00000000,282.00000000,80.00000000
85099F,2011-10-31,193.00000000,point_tuned,318.00000000,0.00000000,125.00000000,125.00000000,193.00000000
85123A,2011-10-31,1689.00000000,point_tuned,840.00000000,849.00000000,0.00000000,3396.00000000,840.00000000
15036,2011-11-07,107.00000000,point_tuned,199.00000000,0.00000000,92.00000000,92.00000000,107.00000000
16014,2011-11-07,10.00000000,point_tuned,8.00000000,2.00000000,0.00000000,8.00000000,8.00000000
17003,2011-11-07,109.00000000,point_tuned,428.00000000,0.00000000,319.00000000,319.00000000,109.00000000
20725,2011-11-07,526.00000000,point_tuned,420.00000000,106.00000000,0.00000000,424.00000000,420.00000000
20727,2011-11-07,244.00000000,point_tuned,291.00000000,0.00000000,47.00000000,47.00000000,244.00000000
21080,2011-11-07,195.00000000,point_tuned,254.00000000,0.00000000,59.00000000,59.00000000,195.00000000
21212,2011-11-07,326.00000000,point_tuned,836.00000000,0.00000000,510.00000000,510.00000000,326.00000000
21213,2011-11-07,111.00000000,point_tuned,325.00000000,0.00000000,214.00000000,214.00000000,111.00000000
21232,2011-11-07,134.00000000,point_tuned,382.00000000,0.00000000,248.00000000,248.00000000,134.00000000
21498,2011-11-07,200.00000000,point_tuned,297.00000000,0.00000000,97.00000000,97.00000000,200.00000000
21915,2011-11-07,661.00000000,point_tuned,241.00000000,420.00000000,0.00000000,1680.00000000,241.00000000
21928,2011-11-07,313.00000000,point_tuned,347.00000000,0.00000000,34.00000000,34.00000000,313.00000000
21929,2011-11-07,407.00000000,point_tuned,237.00000000,170.00000000,0.00000000,680.00000000,237.00000000
21931,2011-11-07,504.00000000,point_tuned,407.00000000,97.00000000,0.00000000,388.00000000,407.00000000
21975,2011-11-07,125.00000000,point_tuned,232.00000000,0.00000000,107.00000000,107.00000000,125.00000000
21977,2011-11-07,152.00000000,point_tuned,283.00000000,0.00000000,131.00000000,131.00000000,152.00000000
21980,2011-11-07,46.00000000,point_tuned,153.00000000,0.00000000,107.00000000,107.00000000,46.00000000
21981,2011-11-07,45.00000000,point_tuned,93.00000000,0.00000000,48.00000000,48.00000000,45.00000000
21982,2011-11-07,71.00000000,point_tuned,178.00000000,0.00000000,107.00000000,107.00000000,71.00000000
21984,2011-11-07,24.00000000,point_tuned,59.00000000,0.00000000,35.00000000,35.00000000,24.00000000
21985,2011-11-07,29.00000000,point_tuned,187.00000000,0.00000000,158.00000000,158.00000000,29.00000000
22086,2011-11-07,1273.00000000,point_tuned,762.00000000,511.00000000,0.00000000,2044.00000000,762.00000000
22151,2011-11-07,60.00000000,point_tuned,314.00000000,0.00000000,254.00000000,254.00000000,60.00000000
22178,2011-11-07,192.00000000,point_tuned,769.00000000,0.00000000,577.00000000,577.00000000,192.00000000
22197,2011-11-07,3828.00000000,point_tuned,1383.00000000,2445.00000000,0.00000000,9780.00000000,1383.00000000
22355,2011-11-07,320.00000000,point_tuned,509.00000000,0.00000000,189.00000000,189.00000000,320.00000000
22386,2011-11-07,516.00000000,point_tuned,629.00000000,0.00000000,113.00000000,113.00000000,516.00000000
22411,2011-11-07,617.00000000,point_tuned,356.00000000,261.00000000,0.00000000,1044.00000000,356.00000000
22423,2011-11-07,157.00000000,point_tuned,412.00000000,0.00000000,255.00000000,255.00000000,157.00000000
22469,2011-11-07,267.00000000,point_tuned,383.00000000,0.00000000,116.00000000,116.00000000,267.00000000
22492,2011-11-07,392.00000000,point_tuned,347.00000000,45.00000000,0.00000000,180.00000000,347.00000000
22616,2011-11-07,254.00000000,point_tuned,564.00000000,0.00000000,310.00000000,310.00000000,254.00000000
71459,2011-11-07,232.00000000,point_tuned,303.00000000,0.00000000,71.00000000,71.00000000,232.00000000
72741,2011-11-07,111.00000000,point_tuned,107.00000000,4.00000000,0.00000000,16.00000000,107.00000000
84077,2011-11-07,1119.00000000,point_tuned,1328.00000000,0.00000000,209.00000000,209.00000000,1119.00000000
84212,2011-11-07,53.00000000,point_tuned,48.00000000,5.00000000,0.00000000,20.00000000,48.00000000
84270,2011-11-07,0.00000000,point_tuned,1.00000000,0.00000000,1.00000000,1.00000000,0.00000000
84347,2011-11-07,582.00000000,point_tuned,497.00000000,85.00000000,0.00000000,340.00000000,497.00000000
84568,2011-11-07,43.00000000,point_tuned,215.00000000,0.00000000,172.00000000,172.00000000,43.00000000
84598,2011-11-07,24.00000000,point_tuned,54.00000000,0.00000000,30.00000000,30.00000000,24.00000000
84755,2011-11-07,308.00000000,point_tuned,201.00000000,107.00000000,0.00000000,428.00000000,201.00000000
84879,2011-11-07,1732.00000000,point_tuned,1112.00000000,620.00000000,0.00000000,2480.00000000,1112.00000000
84946,2011-11-07,1043.00000000,point_tuned,683.00000000,360.00000000,0.00000000,1440.00000000,683.00000000
84970S,2011-11-07,54.00000000,point_tuned,303.00000000,0.00000000,249.00000000,249.00000000,54.00000000
84991,2011-11-07,190.00000000,point_tuned,364.00000000,0.00000000,174.00000000,174.00000000,190.00000000
84992,2011-11-07,135.00000000,point_tuned,246.00000000,0.00000000,111.00000000,111.00000000,135.00000000
85099B,2011-11-07,2159.00000000,point_tuned,1125.00000000,1034.00000000,0.00000000,4136.00000000,1125.00000000
85099C,2011-11-07,353.00000000,point_tuned,434.00000000,0.00000000,81.00000000,81.00000000,353.00000000
85099F,2011-11-07,301.00000000,point_tuned,296.00000000,5.00000000,0.00000000,20.00000000,296.00000000
85123A,2011-11-07,524.00000000,point_tuned,1156.00000000,0.00000000,632.00000000,632.00000000,524.00000000
15036,2011-11-14,104.00000000,point_tuned,228.00000000,0.00000000,124.00000000,124.00000000,104.00000000
16014,2011-11-14,0.00000000,point_tuned,1.00000000,0.00000000,1.00000000,1.00000000,0.00000000
17003,2011-11-14,315.00000000,point_tuned,478.00000000,0.00000000,163.00000000,163.00000000,315.00000000
20725,2011-11-14,448.00000000,point_tuned,466.00000000,0.00000000,18.00000000,18.00000000,448.00000000
20727,2011-11-14,364.00000000,point_tuned,244.00000000,120.00000000,0.00000000,480.00000000,244.00000000
21080,2011-11-14,156.00000000,point_tuned,274.00000000,0.00000000,118.00000000,118.00000000,156.00000000
21212,2011-11-14,396.00000000,point_tuned,800.00000000,0.00000000,404.00000000,404.00000000,396.00000000
21213,2011-11-14,163.00000000,point_tuned,385.00000000,0.00000000,222.00000000,222.00000000,163.00000000
21232,2011-11-14,732.00000000,point_tuned,326.00000000,406.00000000,0.00000000,1624.00000000,326.00000000
21498,2011-11-14,250.00000000,point_tuned,286.00000000,0.00000000,36.00000000,36.00000000,250.00000000
21915,2011-11-14,351.00000000,point_tuned,419.00000000,0.00000000,68.00000000,68.00000000,351.00000000
21928,2011-11-14,99.00000000,point_tuned,367.00000000,0.00000000,268.00000000,268.00000000,99.00000000
21929,2011-11-14,81.00000000,point_tuned,285.00000000,0.00000000,204.00000000,204.00000000,81.00000000
21931,2011-11-14,149.00000000,point_tuned,421.00000000,0.00000000,272.00000000,272.00000000,149.00000000
21975,2011-11-14,149.00000000,point_tuned,240.00000000,0.00000000,91.00000000,91.00000000,149.00000000
21977,2011-11-14,127.00000000,point_tuned,417.00000000,0.00000000,290.00000000,290.00000000,127.00000000
21980,2011-11-14,50.00000000,point_tuned,132.00000000,0.00000000,82.00000000,82.00000000,50.00000000
21981,2011-11-14,34.00000000,point_tuned,80.00000000,0.00000000,46.00000000,46.00000000,34.00000000
21982,2011-11-14,166.00000000,point_tuned,164.00000000,2.00000000,0.00000000,8.00000000,164.00000000
21984,2011-11-14,12.00000000,point_tuned,65.00000000,0.00000000,53.00000000,53.00000000,12.00000000
21985,2011-11-14,128.00000000,point_tuned,153.00000000,0.00000000,25.00000000,25.00000000,128.00000000
22086,2011-11-14,2147.00000000,point_tuned,818.00000000,1329.00000000,0.00000000,5316.00000000,818.00000000
22151,2011-11-14,124.00000000,point_tuned,268.00000000,0.00000000,144.00000000,144.00000000,124.00000000
22178,2011-11-14,449.00000000,point_tuned,690.00000000,0.00000000,241.00000000,241.00000000,449.00000000
22197,2011-11-14,3118.00000000,point_tuned,1030.00000000,2088.00000000,0.00000000,8352.00000000,1030.00000000
22355,2011-11-14,430.00000000,point_tuned,509.00000000,0.00000000,79.00000000,79.00000000,430.00000000
22386,2011-11-14,471.00000000,point_tuned,676.00000000,0.00000000,205.00000000,205.00000000,471.00000000
22411,2011-11-14,280.00000000,point_tuned,334.00000000,0.00000000,54.00000000,54.00000000,280.00000000
22423,2011-11-14,147.00000000,point_tuned,412.00000000,0.00000000,265.00000000,265.00000000,147.00000000
22469,2011-11-14,349.00000000,point_tuned,398.00000000,0.00000000,49.00000000,49.00000000,349.00000000
22492,2011-11-14,535.00000000,point_tuned,431.00000000,104.00000000,0.00000000,416.00000000,431.00000000
22616,2011-11-14,1205.00000000,point_tuned,583.00000000,622.00000000,0.00000000,2488.00000000,583.00000000
71459,2011-11-14,360.00000000,point_tuned,292.00000000,68.00000000,0.00000000,272.00000000,292.00000000
72741,2011-11-14,179.00000000,point_tuned,168.00000000,11.00000000,0.00000000,44.00000000,168.00000000
84077,2011-11-14,834.00000000,point_tuned,1544.00000000,0.00000000,710.00000000,710.00000000,834.00000000
84212,2011-11-14,2.00000000,point_tuned,59.00000000,0.00000000,57.00000000,57.00000000,2.00000000
84270,2011-11-14,0.00000000,point_tuned,1.00000000,0.00000000,1.00000000,1.00000000,0.00000000
84347,2011-11-14,735.00000000,point_tuned,627.00000000,108.00000000,0.00000000,432.00000000,627.00000000
84568,2011-11-14,319.00000000,point_tuned,250.00000000,69.00000000,0.00000000,276.00000000,250.00000000
84598,2011-11-14,26.00000000,point_tuned,84.00000000,0.00000000,58.00000000,58.00000000,26.00000000
84755,2011-11-14,144.00000000,point_tuned,283.00000000,0.00000000,139.00000000,139.00000000,144.00000000
84879,2011-11-14,1086.00000000,point_tuned,1213.00000000,0.00000000,127.00000000,127.00000000,1086.00000000
84946,2011-11-14,809.00000000,point_tuned,793.00000000,16.00000000,0.00000000,64.00000000,793.00000000
84970S,2011-11-14,84.00000000,point_tuned,245.00000000,0.00000000,161.00000000,161.00000000,84.00000000
84991,2011-11-14,283.00000000,point_tuned,401.00000000,0.00000000,118.00000000,118.00000000,283.00000000
84992,2011-11-14,64.00000000,point_tuned,228.00000000,0.00000000,164.00000000,164.00000000,64.00000000
85099B,2011-11-14,1562.00000000,point_tuned,1495.00000000,67.00000000,0.00000000,268.00000000,1495.00000000
85099C,2011-11-14,620.00000000,point_tuned,379.00000000,241.00000000,0.00000000,964.00000000,379.00000000
85099F,2011-11-14,196.00000000,point_tuned,332.00000000,0.00000000,136.00000000,136.00000000,196.00000000
85123A,2011-11-14,1172.00000000,point_tuned,1140.00000000,32.00000000,0.00000000,128.00000000,1140.00000000
15036,2011-11-21,237.00000000,point_tuned,278.00000000,0.00000000,41.00000000,41.00000000,237.00000000
16014,2011-11-21,514.00000000,point_tuned,4.00000000,510.00000000,0.00000000,2040.00000000,4.00000000
17003,2011-11-21,474.00000000,point_tuned,364.00000000,110.00000000,0.00000000,440.00000000,364.00000000
20725,2011-11-21,256.00000000,point_tuned,431.00000000,0.00000000,175.00000000,175.00000000,256.00000000
20727,2011-11-21,248.00000000,point_tuned,224.00000000,24.00000000,0.00000000,96.00000000,224.00000000
21080,2011-11-21,246.00000000,point_tuned,233.00000000,13.00000000,0.00000000,52.00000000,233.00000000
21212,2011-11-21,269.00000000,point_tuned,719.00000000,0.00000000,450.00000000,450.00000000,269.00000000
21213,2011-11-21,64.00000000,point_tuned,316.00000000,0.00000000,252.00000000,252.00000000,64.00000000
21232,2011-11-21,165.00000000,point_tuned,350.00000000,0.00000000,185.00000000,185.00000000,165.00000000
21498,2011-11-21,225.00000000,point_tuned,258.00000000,0.00000000,33.00000000,33.00000000,225.00000000
21915,2011-11-21,22.00000000,point_tuned,249.00000000,0.00000000,227.00000000,227.00000000,22.00000000
21928,2011-11-21,71.00000000,point_tuned,251.00000000,0.00000000,180.00000000,180.00000000,71.00000000
21929,2011-11-21,53.00000000,point_tuned,208.00000000,0.00000000,155.00000000,155.00000000,53.00000000
21931,2011-11-21,209.00000000,point_tuned,369.00000000,0.00000000,160.00000000,160.00000000,209.00000000
21975,2011-11-21,236.00000000,point_tuned,216.00000000,20.00000000,0.00000000,80.00000000,216.00000000
21977,2011-11-21,365.00000000,point_tuned,381.00000000,0.00000000,16.00000000,16.00000000,365.00000000
21980,2011-11-21,43.00000000,point_tuned,136.00000000,0.00000000,93.00000000,93.00000000,43.00000000
21981,2011-11-21,29.00000000,point_tuned,46.00000000,0.00000000,17.00000000,17.00000000,29.00000000
21982,2011-11-21,96.00000000,point_tuned,217.00000000,0.00000000,121.00000000,121.00000000,96.00000000
21984,2011-11-21,55.00000000,point_tuned,52.00000000,3.00000000,0.00000000,12.00000000,52.00000000
21985,2011-11-21,88.00000000,point_tuned,210.00000000,0.00000000,122.00000000,122.00000000,88.00000000
22086,2011-11-21,1659.00000000,point_tuned,774.00000000,885.00000000,0.00000000,3540.00000000,774.00000000
22151,2011-11-21,262.00000000,point_tuned,256.00000000,6.00000000,0.00000000,24.00000000,256.00000000
22178,2011-11-21,342.00000000,point_tuned,682.00000000,0.00000000,340.00000000,340.00000000,342.00000000
22197,2011-11-21,2855.00000000,point_tuned,1011.00000000,1844.00000000,0.00000000,7376.00000000,1011.00000000
22355,2011-11-21,661.00000000,point_tuned,521.00000000,140.00000000,0.00000000,560.00000000,521.00000000
22386,2011-11-21,253.00000000,point_tuned,485.00000000,0.00000000,232.00000000,232.00000000,253.00000000
22411,2011-11-21,355.00000000,point_tuned,353.00000000,2.00000000,0.00000000,8.00000000,353.00000000
22423,2011-11-21,184.00000000,point_tuned,396.00000000,0.00000000,212.00000000,212.00000000,184.00000000
22469,2011-11-21,213.00000000,point_tuned,428.00000000,0.00000000,215.00000000,215.00000000,213.00000000
22492,2011-11-21,366.00000000,point_tuned,472.00000000,0.00000000,106.00000000,106.00000000,366.00000000
22616,2011-11-21,64.00000000,point_tuned,630.00000000,0.00000000,566.00000000,566.00000000,64.00000000
71459,2011-11-21,60.00000000,point_tuned,240.00000000,0.00000000,180.00000000,180.00000000,60.00000000
72741,2011-11-21,276.00000000,point_tuned,182.00000000,94.00000000,0.00000000,376.00000000,182.00000000
84077,2011-11-21,867.00000000,point_tuned,1584.00000000,0.00000000,717.00000000,717.00000000,867.00000000
84212,2011-11-21,30.00000000,point_tuned,58.00000000,0.00000000,28.00000000,28.00000000,30.00000000
84270,2011-11-21,0.00000000,point_tuned,1.00000000,0.00000000,1.00000000,1.00000000,0.00000000
84347,2011-11-21,1144.00000000,point_tuned,638.00000000,506.00000000,0.00000000,2024.00000000,638.00000000
84568,2011-11-21,362.00000000,point_tuned,100.00000000,262.00000000,0.00000000,1048.00000000,100.00000000
84598,2011-11-21,21.00000000,point_tuned,48.00000000,0.00000000,27.00000000,27.00000000,21.00000000
84755,2011-11-21,348.00000000,point_tuned,193.00000000,155.00000000,0.00000000,620.00000000,193.00000000
84879,2011-11-21,946.00000000,point_tuned,1060.00000000,0.00000000,114.00000000,114.00000000,946.00000000
84946,2011-11-21,541.00000000,point_tuned,825.00000000,0.00000000,284.00000000,284.00000000,541.00000000
84970S,2011-11-21,203.00000000,point_tuned,289.00000000,0.00000000,86.00000000,86.00000000,203.00000000
84991,2011-11-21,333.00000000,point_tuned,374.00000000,0.00000000,41.00000000,41.00000000,333.00000000
84992,2011-11-21,55.00000000,point_tuned,236.00000000,0.00000000,181.00000000,181.00000000,55.00000000
85099B,2011-11-21,727.00000000,point_tuned,1405.00000000,0.00000000,678.00000000,678.00000000,727.00000000
85099C,2011-11-21,203.00000000,point_tuned,422.00000000,0.00000000,219.00000000,219.00000000,203.00000000
85099F,2011-11-21,42.00000000,point_tuned,219.00000000,0.00000000,177.00000000,177.00000000,42.00000000
85123A,2011-11-21,557.00000000,point_tuned,1053.00000000,0.00000000,496.00000000,496.00000000,557.00000000
15036,2011-11-28,143.00000000,point_tuned,211.00000000,0.00000000,68.00000000,68.00000000,143.00000000
16014,2011-11-28,11.00000000,point_tuned,9.00000000,2.00000000,0.00000000,8.00000000,9.00000000
17003,2011-11-28,130.00000000,point_tuned,320.00000000,0.00000000,190.00000000,190.00000000,130.00000000
20725,2011-11-28,321.00000000,point_tuned,411.00000000,0.00000000,90.00000000,90.00000000,321.00000000
20727,2011-11-28,281.00000000,point_tuned,244.00000000,37.00000000,0.00000000,148.00000000,244.00000000
21080,2011-11-28,106.00000000,point_tuned,206.00000000,0.00000000,100.00000000,100.00000000,106.00000000
21212,2011-11-28,426.00000000,point_tuned,685.00000000,0.00000000,259.00000000,259.00000000,426.00000000
21213,2011-11-28,186.00000000,point_tuned,227.00000000,0.00000000,41.00000000,41.00000000,186.00000000
21232,2011-11-28,379.00000000,point_tuned,335.00000000,44.00000000,0.00000000,176.00000000,335.00000000
21498,2011-11-28,250.00000000,point_tuned,253.00000000,0.00000000,3.00000000,3.00000000,250.00000000
21915,2011-11-28,1120.00000000,point_tuned,242.00000000,878.00000000,0.00000000,3512.00000000,242.00000000
21928,2011-11-28,215.00000000,point_tuned,287.00000000,0.00000000,72.00000000,72.00000000,215.00000000
21929,2011-11-28,107.00000000,point_tuned,170.00000000,0.00000000,63.00000000,63.00000000,107.00000000
21931,2011-11-28,257.00000000,point_tuned,354.00000000,0.00000000,97.00000000,97.00000000,257.00000000
21975,2011-11-28,100.00000000,point_tuned,191.00000000,0.00000000,91.00000000,91.00000000,100.00000000
21977,2011-11-28,239.00000000,point_tuned,371.00000000,0.00000000,132.00000000,132.00000000,239.00000000
21980,2011-11-28,30.00000000,point_tuned,128.00000000,0.00000000,98.00000000,98.00000000,30.00000000
21981,2011-11-28,13.00000000,point_tuned,62.00000000,0.00000000,49.00000000,49.00000000,13.00000000
21982,2011-11-28,27.00000000,point_tuned,170.00000000,0.00000000,143.00000000,143.00000000,27.00000000
21984,2011-11-28,14.00000000,point_tuned,52.00000000,0.00000000,38.00000000,38.00000000,14.00000000
21985,2011-11-28,105.00000000,point_tuned,226.00000000,0.00000000,121.00000000,121.00000000,105.00000000
22086,2011-11-28,1516.00000000,point_tuned,917.00000000,599.00000000,0.00000000,2396.00000000,917.00000000
22151,2011-11-28,239.00000000,point_tuned,253.00000000,0.00000000,14.00000000,14.00000000,239.00000000
22178,2011-11-28,749.00000000,point_tuned,603.00000000,146.00000000,0.00000000,584.00000000,603.00000000
22197,2011-11-28,3159.00000000,point_tuned,915.00000000,2244.00000000,0.00000000,8976.00000000,915.00000000
22355,2011-11-28,692.00000000,point_tuned,550.00000000,142.00000000,0.00000000,568.00000000,550.00000000
22386,2011-11-28,416.00000000,point_tuned,491.00000000,0.00000000,75.00000000,75.00000000,416.00000000
22411,2011-11-28,340.00000000,point_tuned,332.00000000,8.00000000,0.00000000,32.00000000,332.00000000
22423,2011-11-28,197.00000000,point_tuned,430.00000000,0.00000000,233.00000000,233.00000000,197.00000000
22469,2011-11-28,809.00000000,point_tuned,446.00000000,363.00000000,0.00000000,1452.00000000,446.00000000
22492,2011-11-28,229.00000000,point_tuned,396.00000000,0.00000000,167.00000000,167.00000000,229.00000000
22616,2011-11-28,636.00000000,point_tuned,367.00000000,269.00000000,0.00000000,1076.00000000,367.00000000
71459,2011-11-28,124.00000000,point_tuned,198.00000000,0.00000000,74.00000000,74.00000000,124.00000000
72741,2011-11-28,237.00000000,point_tuned,195.00000000,42.00000000,0.00000000,168.00000000,195.00000000
84077,2011-11-28,689.00000000,point_tuned,1111.00000000,0.00000000,422.00000000,422.00000000,689.00000000
84212,2011-11-28,480.00000000,point_tuned,45.00000000,435.00000000,0.00000000,1740.00000000,45.00000000
84270,2011-11-28,0.00000000,point_tuned,1.00000000,0.00000000,1.00000000,1.00000000,0.00000000
84347,2011-11-28,686.00000000,point_tuned,807.00000000,0.00000000,121.00000000,121.00000000,686.00000000
84568,2011-11-28,354.00000000,point_tuned,79.00000000,275.00000000,0.00000000,1100.00000000,79.00000000
84598,2011-11-28,41.00000000,point_tuned,45.00000000,0.00000000,4.00000000,4.00000000,41.00000000
84755,2011-11-28,40.00000000,point_tuned,253.00000000,0.00000000,213.00000000,213.00000000,40.00000000
84879,2011-11-28,953.00000000,point_tuned,1070.00000000,0.00000000,117.00000000,117.00000000,953.00000000
84946,2011-11-28,489.00000000,point_tuned,785.00000000,0.00000000,296.00000000,296.00000000,489.00000000
84970S,2011-11-28,265.00000000,point_tuned,257.00000000,8.00000000,0.00000000,32.00000000,257.00000000
84991,2011-11-28,112.00000000,point_tuned,366.00000000,0.00000000,254.00000000,254.00000000,112.00000000
84992,2011-11-28,161.00000000,point_tuned,218.00000000,0.00000000,57.00000000,57.00000000,161.00000000
85099B,2011-11-28,1009.00000000,point_tuned,1414.00000000,0.00000000,405.00000000,405.00000000,1009.00000000
85099C,2011-11-28,384.00000000,point_tuned,387.00000000,0.00000000,3.00000000,3.00000000,384.00000000
85099F,2011-11-28,426.00000000,point_tuned,224.00000000,202.00000000,0.00000000,808.00000000,224.00000000
85123A,2011-11-28,654.00000000,point_tuned,1196.00000000,0.00000000,542.00000000,542.00000000,654.00000000
15036,2011-09-05,155.00000000,quantile_80,653.00000000,0.00000000,498.00000000,498.00000000,155.00000000
16014,2011-09-05,1000.00000000,quantile_80,254.00000000,746.00000000,0.00000000,2984.00000000,254.00000000
17003,2011-09-05,180.00000000,quantile_80,1028.00000000,0.00000000,848.00000000,848.00000000,180.00000000
20725,2011-09-05,303.00000000,quantile_80,464.00000000,0.00000000,161.00000000,161.00000000,303.00000000
20727,2011-09-05,227.00000000,quantile_80,291.00000000,0.00000000,64.00000000,64.00000000,227.00000000
21080,2011-09-05,186.00000000,quantile_80,278.00000000,0.00000000,92.00000000,92.00000000,186.00000000
21212,2011-09-05,352.00000000,quantile_80,826.00000000,0.00000000,474.00000000,474.00000000,352.00000000
21213,2011-09-05,775.00000000,quantile_80,337.00000000,438.00000000,0.00000000,1752.00000000,337.00000000
21232,2011-09-05,287.00000000,quantile_80,259.00000000,28.00000000,0.00000000,112.00000000,259.00000000
21498,2011-09-05,275.00000000,quantile_80,275.00000000,0.00000000,0.00000000,0.00000000,275.00000000
21915,2011-09-05,130.00000000,quantile_80,430.00000000,0.00000000,300.00000000,300.00000000,130.00000000
21928,2011-09-05,126.00000000,quantile_80,357.00000000,0.00000000,231.00000000,231.00000000,126.00000000
21929,2011-09-05,144.00000000,quantile_80,328.00000000,0.00000000,184.00000000,184.00000000,144.00000000
21931,2011-09-05,276.00000000,quantile_80,417.00000000,0.00000000,141.00000000,141.00000000,276.00000000
21975,2011-09-05,383.00000000,quantile_80,224.00000000,159.00000000,0.00000000,636.00000000,224.00000000
21977,2011-09-05,520.00000000,quantile_80,686.00000000,0.00000000,166.00000000,166.00000000,520.00000000
21980,2011-09-05,218.00000000,quantile_80,206.00000000,12.00000000,0.00000000,48.00000000,206.00000000
21981,2011-09-05,135.00000000,quantile_80,157.00000000,0.00000000,22.00000000,22.00000000,135.00000000
21982,2011-09-05,186.00000000,quantile_80,145.00000000,41.00000000,0.00000000,164.00000000,145.00000000
21984,2011-09-05,74.00000000,quantile_80,24.00000000,50.00000000,0.00000000,200.00000000,24.00000000
21985,2011-09-05,98.00000000,quantile_80,188.00000000,0.00000000,90.00000000,90.00000000,98.00000000
22086,2011-09-05,495.00000000,quantile_80,389.00000000,106.00000000,0.00000000,424.00000000,389.00000000
22151,2011-09-05,577.00000000,quantile_80,457.00000000,120.00000000,0.00000000,480.00000000,457.00000000
22178,2011-09-05,218.00000000,quantile_80,643.00000000,0.00000000,425.00000000,425.00000000,218.00000000
22197,2011-09-05,344.00000000,quantile_80,1034.00000000,0.00000000,690.00000000,690.00000000,344.00000000
22355,2011-09-05,229.00000000,quantile_80,389.00000000,0.00000000,160.00000000,160.00000000,229.00000000
22386,2011-09-05,617.00000000,quantile_80,543.00000000,74.00000000,0.00000000,296.00000000,543.00000000
22411,2011-09-05,284.00000000,quantile_80,318.00000000,0.00000000,34.00000000,34.00000000,284.00000000
22423,2011-09-05,105.00000000,quantile_80,286.00000000,0.00000000,181.00000000,181.00000000,105.00000000
22469,2011-09-05,237.00000000,quantile_80,321.00000000,0.00000000,84.00000000,84.00000000,237.00000000
22492,2011-09-05,84.00000000,quantile_80,357.00000000,0.00000000,273.00000000,273.00000000,84.00000000
22616,2011-09-05,76.00000000,quantile_80,701.00000000,0.00000000,625.00000000,625.00000000,76.00000000
71459,2011-09-05,244.00000000,quantile_80,316.00000000,0.00000000,72.00000000,72.00000000,244.00000000
72741,2011-09-05,90.00000000,quantile_80,195.00000000,0.00000000,105.00000000,105.00000000,90.00000000
84077,2011-09-05,336.00000000,quantile_80,965.00000000,0.00000000,629.00000000,629.00000000,336.00000000
84212,2011-09-05,504.00000000,quantile_80,201.00000000,303.00000000,0.00000000,1212.00000000,201.00000000
84270,2011-09-05,0.00000000,quantile_80,60.00000000,0.00000000,60.00000000,60.00000000,0.00000000
84347,2011-09-05,38.00000000,quantile_80,28.00000000,10.00000000,0.00000000,40.00000000,28.00000000
84568,2011-09-05,45.00000000,quantile_80,624.00000000,0.00000000,579.00000000,579.00000000,45.00000000
84598,2011-09-05,21.00000000,quantile_80,226.00000000,0.00000000,205.00000000,205.00000000,21.00000000
84755,2011-09-05,284.00000000,quantile_80,604.00000000,0.00000000,320.00000000,320.00000000,284.00000000
84879,2011-09-05,384.00000000,quantile_80,728.00000000,0.00000000,344.00000000,344.00000000,384.00000000
84946,2011-09-05,247.00000000,quantile_80,474.00000000,0.00000000,227.00000000,227.00000000,247.00000000
84970S,2011-09-05,85.00000000,quantile_80,326.00000000,0.00000000,241.00000000,241.00000000,85.00000000
84991,2011-09-05,549.00000000,quantile_80,364.00000000,185.00000000,0.00000000,740.00000000,364.00000000
84992,2011-09-05,87.00000000,quantile_80,322.00000000,0.00000000,235.00000000,235.00000000,87.00000000
85099B,2011-09-05,536.00000000,quantile_80,1231.00000000,0.00000000,695.00000000,695.00000000,536.00000000
85099C,2011-09-05,439.00000000,quantile_80,371.00000000,68.00000000,0.00000000,272.00000000,371.00000000
85099F,2011-09-05,189.00000000,quantile_80,568.00000000,0.00000000,379.00000000,379.00000000,189.00000000
85123A,2011-09-05,407.00000000,quantile_80,1083.00000000,0.00000000,676.00000000,676.00000000,407.00000000
15036,2011-09-12,52.00000000,quantile_80,659.00000000,0.00000000,607.00000000,607.00000000,52.00000000
16014,2011-09-12,0.00000000,quantile_80,321.00000000,0.00000000,321.00000000,321.00000000,0.00000000
17003,2011-09-12,109.00000000,quantile_80,865.00000000,0.00000000,756.00000000,756.00000000,109.00000000
20725,2011-09-12,299.00000000,quantile_80,424.00000000,0.00000000,125.00000000,125.00000000,299.00000000
20727,2011-09-12,302.00000000,quantile_80,281.00000000,21.00000000,0.00000000,84.00000000,281.00000000
21080,2011-09-12,168.00000000,quantile_80,292.00000000,0.00000000,124.00000000,124.00000000,168.00000000
21212,2011-09-12,931.00000000,quantile_80,856.00000000,75.00000000,0.00000000,300.00000000,856.00000000
21213,2011-09-12,865.00000000,quantile_80,439.00000000,426.00000000,0.00000000,1704.00000000,439.00000000
21232,2011-09-12,133.00000000,quantile_80,275.00000000,0.00000000,142.00000000,142.00000000,133.00000000
21498,2011-09-12,125.00000000,quantile_80,278.00000000,0.00000000,153.00000000,153.00000000,125.00000000
21915,2011-09-12,223.00000000,quantile_80,437.00000000,0.00000000,214.00000000,214.00000000,223.00000000
21928,2011-09-12,202.00000000,quantile_80,346.00000000,0.00000000,144.00000000,144.00000000,202.00000000
21929,2011-09-12,78.00000000,quantile_80,295.00000000,0.00000000,217.00000000,217.00000000,78.00000000
21931,2011-09-12,330.00000000,quantile_80,439.00000000,0.00000000,109.00000000,109.00000000,330.00000000
21975,2011-09-12,799.00000000,quantile_80,247.00000000,552.00000000,0.00000000,2208.00000000,247.00000000
21977,2011-09-12,718.00000000,quantile_80,622.00000000,96.00000000,0.00000000,384.00000000,622.00000000
21980,2011-09-12,89.00000000,quantile_80,176.00000000,0.00000000,87.00000000,87.00000000,89.00000000
21981,2011-09-12,51.00000000,quantile_80,220.00000000,0.00000000,169.00000000,169.00000000,51.00000000
21982,2011-09-12,92.00000000,quantile_80,253.00000000,0.00000000,161.00000000,161.00000000,92.00000000
21984,2011-09-12,90.00000000,quantile_80,99.00000000,0.00000000,9.00000000,9.00000000,90.00000000
21985,2011-09-12,616.00000000,quantile_80,190.00000000,426.00000000,0.00000000,1704.00000000,190.00000000
22086,2011-09-12,479.00000000,quantile_80,503.00000000,0.00000000,24.00000000,24.00000000,479.00000000
22151,2011-09-12,209.00000000,quantile_80,428.00000000,0.00000000,219.00000000,219.00000000,209.00000000
22178,2011-09-12,242.00000000,quantile_80,569.00000000,0.00000000,327.00000000,327.00000000,242.00000000
22197,2011-09-12,546.00000000,quantile_80,830.00000000,0.00000000,284.00000000,284.00000000,546.00000000
22355,2011-09-12,421.00000000,quantile_80,395.00000000,26.00000000,0.00000000,104.00000000,395.00000000
22386,2011-09-12,478.00000000,quantile_80,538.00000000,0.00000000,60.00000000,60.00000000,478.00000000
22411,2011-09-12,335.00000000,quantile_80,358.00000000,0.00000000,23.00000000,23.00000000,335.00000000
22423,2011-09-12,197.00000000,quantile_80,287.00000000,0.00000000,90.00000000,90.00000000,197.00000000
22469,2011-09-12,359.00000000,quantile_80,383.00000000,0.00000000,24.00000000,24.00000000,359.00000000
22492,2011-09-12,325.00000000,quantile_80,281.00000000,44.00000000,0.00000000,176.00000000,281.00000000
22616,2011-09-12,200.00000000,quantile_80,535.00000000,0.00000000,335.00000000,335.00000000,200.00000000
71459,2011-09-12,604.00000000,quantile_80,330.00000000,274.00000000,0.00000000,1096.00000000,330.00000000
72741,2011-09-12,283.00000000,quantile_80,209.00000000,74.00000000,0.00000000,296.00000000,209.00000000
84077,2011-09-12,960.00000000,quantile_80,956.00000000,4.00000000,0.00000000,16.00000000,956.00000000
84212,2011-09-12,0.00000000,quantile_80,294.00000000,0.00000000,294.00000000,294.00000000,0.00000000
84270,2011-09-12,0.00000000,quantile_80,57.00000000,0.00000000,57.00000000,57.00000000,0.00000000
84347,2011-09-12,294.00000000,quantile_80,76.00000000,218.00000000,0.00000000,872.00000000,76.00000000
84568,2011-09-12,32.00000000,quantile_80,469.00000000,0.00000000,437.00000000,437.00000000,32.00000000
84598,2011-09-12,12.00000000,quantile_80,222.00000000,0.00000000,210.00000000,210.00000000,12.00000000
84755,2011-09-12,392.00000000,quantile_80,504.00000000,0.00000000,112.00000000,112.00000000,392.00000000
84879,2011-09-12,740.00000000,quantile_80,688.00000000,52.00000000,0.00000000,208.00000000,688.00000000
84946,2011-09-12,115.00000000,quantile_80,453.00000000,0.00000000,338.00000000,338.00000000,115.00000000
84970S,2011-09-12,85.00000000,quantile_80,313.00000000,0.00000000,228.00000000,228.00000000,85.00000000
84991,2011-09-12,733.00000000,quantile_80,425.00000000,308.00000000,0.00000000,1232.00000000,425.00000000
84992,2011-09-12,655.00000000,quantile_80,338.00000000,317.00000000,0.00000000,1268.00000000,338.00000000
85099B,2011-09-12,741.00000000,quantile_80,1227.00000000,0.00000000,486.00000000,486.00000000,741.00000000
85099C,2011-09-12,109.00000000,quantile_80,383.00000000,0.00000000,274.00000000,274.00000000,109.00000000
85099F,2011-09-12,302.00000000,quantile_80,548.00000000,0.00000000,246.00000000,246.00000000,302.00000000
85123A,2011-09-12,657.00000000,quantile_80,1060.00000000,0.00000000,403.00000000,403.00000000,657.00000000
15036,2011-09-19,93.00000000,quantile_80,521.00000000,0.00000000,428.00000000,428.00000000,93.00000000
16014,2011-09-19,0.00000000,quantile_80,300.00000000,0.00000000,300.00000000,300.00000000,0.00000000
17003,2011-09-19,857.00000000,quantile_80,979.00000000,0.00000000,122.00000000,122.00000000,857.00000000
20725,2011-09-19,211.00000000,quantile_80,504.00000000,0.00000000,293.00000000,293.00000000,211.00000000
20727,2011-09-19,312.00000000,quantile_80,321.00000000,0.00000000,9.00000000,9.00000000,312.00000000
21080,2011-09-19,210.00000000,quantile_80,305.00000000,0.00000000,95.00000000,95.00000000,210.00000000
21212,2011-09-19,404.00000000,quantile_80,1026.00000000,0.00000000,622.00000000,622.00000000,404.00000000
21213,2011-09-19,251.00000000,quantile_80,506.00000000,0.00000000,255.00000000,255.00000000,251.00000000
21232,2011-09-19,207.00000000,quantile_80,243.00000000,0.00000000,36.00000000,36.00000000,207.00000000
21498,2011-09-19,175.00000000,quantile_80,281.00000000,0.00000000,106.00000000,106.00000000,175.00000000
21915,2011-09-19,197.00000000,quantile_80,467.00000000,0.00000000,270.00000000,270.00000000,197.00000000
21928,2011-09-19,221.00000000,quantile_80,365.00000000,0.00000000,144.00000000,144.00000000,221.00000000
21929,2011-09-19,379.00000000,quantile_80,308.00000000,71.00000000,0.00000000,284.00000000,308.00000000
21931,2011-09-19,278.00000000,quantile_80,448.00000000,0.00000000,170.00000000,170.00000000,278.00000000
21975,2011-09-19,310.00000000,quantile_80,366.00000000,0.00000000,56.00000000,56.00000000,310.00000000
21977,2011-09-19,326.00000000,quantile_80,640.00000000,0.00000000,314.00000000,314.00000000,326.00000000
21980,2011-09-19,63.00000000,quantile_80,207.00000000,0.00000000,144.00000000,144.00000000,63.00000000
21981,2011-09-19,76.00000000,quantile_80,153.00000000,0.00000000,77.00000000,77.00000000,76.00000000
21982,2011-09-19,62.00000000,quantile_80,205.00000000,0.00000000,143.00000000,143.00000000,62.00000000
21984,2011-09-19,62.00000000,quantile_80,151.00000000,0.00000000,89.00000000,89.00000000,62.00000000
21985,2011-09-19,102.00000000,quantile_80,202.00000000,0.00000000,100.00000000,100.00000000,102.00000000
22086,2011-09-19,584.00000000,quantile_80,669.00000000,0.00000000,85.00000000,85.00000000,584.00000000
22151,2011-09-19,140.00000000,quantile_80,461.00000000,0.00000000,321.00000000,321.00000000,140.00000000
22178,2011-09-19,419.00000000,quantile_80,648.00000000,0.00000000,229.00000000,229.00000000,419.00000000
22197,2011-09-19,562.00000000,quantile_80,1036.00000000,0.00000000,474.00000000,474.00000000,562.00000000
22355,2011-09-19,197.00000000,quantile_80,430.00000000,0.00000000,233.00000000,233.00000000,197.00000000
22386,2011-09-19,599.00000000,quantile_80,552.00000000,47.00000000,0.00000000,188.00000000,552.00000000
22411,2011-09-19,422.00000000,quantile_80,380.00000000,42.00000000,0.00000000,168.00000000,380.00000000
22423,2011-09-19,100.00000000,quantile_80,361.00000000,0.00000000,261.00000000,261.00000000,100.00000000
22469,2011-09-19,1019.00000000,quantile_80,474.00000000,545.00000000,0.00000000,2180.00000000,474.00000000
22492,2011-09-19,190.00000000,quantile_80,394.00000000,0.00000000,204.00000000,204.00000000,190.00000000
22616,2011-09-19,267.00000000,quantile_80,751.00000000,0.00000000,484.00000000,484.00000000,267.00000000
71459,2011-09-19,120.00000000,quantile_80,380.00000000,0.00000000,260.00000000,260.00000000,120.00000000
72741,2011-09-19,48.00000000,quantile_80,264.00000000,0.00000000,216.00000000,216.00000000,48.00000000
84077,2011-09-19,539.00000000,quantile_80,1183.00000000,0.00000000,644.00000000,644.00000000,539.00000000
84212,2011-09-19,24.00000000,quantile_80,247.00000000,0.00000000,223.00000000,223.00000000,24.00000000
84270,2011-09-19,0.00000000,quantile_80,94.00000000,0.00000000,94.00000000,94.00000000,0.00000000
84347,2011-09-19,367.00000000,quantile_80,390.00000000,0.00000000,23.00000000,23.00000000,367.00000000
84568,2011-09-19,24.00000000,quantile_80,399.00000000,0.00000000,375.00000000,375.00000000,24.00000000
84598,2011-09-19,20.00000000,quantile_80,209.00000000,0.00000000,189.00000000,189.00000000,20.00000000
84755,2011-09-19,228.00000000,quantile_80,560.00000000,0.00000000,332.00000000,332.00000000,228.00000000
84879,2011-09-19,637.00000000,quantile_80,885.00000000,0.00000000,248.00000000,248.00000000,637.00000000
84946,2011-09-19,477.00000000,quantile_80,386.00000000,91.00000000,0.00000000,364.00000000,386.00000000
84970S,2011-09-19,89.00000000,quantile_80,318.00000000,0.00000000,229.00000000,229.00000000,89.00000000
84991,2011-09-19,306.00000000,quantile_80,532.00000000,0.00000000,226.00000000,226.00000000,306.00000000
84992,2011-09-19,216.00000000,quantile_80,247.00000000,0.00000000,31.00000000,31.00000000,216.00000000
85099B,2011-09-19,1387.00000000,quantile_80,1226.00000000,161.00000000,0.00000000,644.00000000,1226.00000000
85099C,2011-09-19,440.00000000,quantile_80,392.00000000,48.00000000,0.00000000,192.00000000,392.00000000
85099F,2011-09-19,509.00000000,quantile_80,520.00000000,0.00000000,11.00000000,11.00000000,509.00000000
85123A,2011-09-19,660.00000000,quantile_80,1104.00000000,0.00000000,444.00000000,444.00000000,660.00000000
15036,2011-09-26,30.00000000,quantile_80,754.00000000,0.00000000,724.00000000,724.00000000,30.00000000
16014,2011-09-26,1.00000000,quantile_80,308.00000000,0.00000000,307.00000000,307.00000000,1.00000000
17003,2011-09-26,895.00000000,quantile_80,864.00000000,31.00000000,0.00000000,124.00000000,864.00000000
20725,2011-09-26,228.00000000,quantile_80,481.00000000,0.00000000,253.00000000,253.00000000,228.00000000
20727,2011-09-26,205.00000000,quantile_80,277.00000000,0.00000000,72.00000000,72.00000000,205.00000000
21080,2011-09-26,151.00000000,quantile_80,311.00000000,0.00000000,160.00000000,160.00000000,151.00000000
21212,2011-09-26,311.00000000,quantile_80,1038.00000000,0.00000000,727.00000000,727.00000000,311.00000000
21213,2011-09-26,194.00000000,quantile_80,502.00000000,0.00000000,308.00000000,308.00000000,194.00000000
21232,2011-09-26,214.00000000,quantile_80,267.00000000,0.00000000,53.00000000,53.00000000,214.00000000
21498,2011-09-26,275.00000000,quantile_80,270.00000000,5.00000000,0.00000000,20.00000000,270.00000000
21915,2011-09-26,192.00000000,quantile_80,498.00000000,0.00000000,306.00000000,306.00000000,192.00000000
21928,2011-09-26,349.00000000,quantile_80,374.00000000,0.00000000,25.00000000,25.00000000,349.00000000
21929,2011-09-26,112.00000000,quantile_80,328.00000000,0.00000000,216.00000000,216.00000000,112.00000000
21931,2011-09-26,260.00000000,quantile_80,455.00000000,0.00000000,195.00000000,195.00000000,260.00000000
21975,2011-09-26,136.00000000,quantile_80,353.00000000,0.00000000,217.00000000,217.00000000,136.00000000
21977,2011-09-26,189.00000000,quantile_80,712.00000000,0.00000000,523.00000000,523.00000000,189.00000000
21980,2011-09-26,73.00000000,quantile_80,100.00000000,0.00000000,27.00000000,27.00000000,73.00000000
21981,2011-09-26,44.00000000,quantile_80,176.00000000,0.00000000,132.00000000,132.00000000,44.00000000
21982,2011-09-26,35.00000000,quantile_80,144.00000000,0.00000000,109.00000000,109.00000000,35.00000000
21984,2011-09-26,78.00000000,quantile_80,72.00000000,6.00000000,0.00000000,24.00000000,72.00000000
21985,2011-09-26,111.00000000,quantile_80,190.00000000,0.00000000,79.00000000,79.00000000,111.00000000
22086,2011-09-26,347.00000000,quantile_80,828.00000000,0.00000000,481.00000000,481.00000000,347.00000000
22151,2011-09-26,110.00000000,quantile_80,441.00000000,0.00000000,331.00000000,331.00000000,110.00000000
22178,2011-09-26,84.00000000,quantile_80,666.00000000,0.00000000,582.00000000,582.00000000,84.00000000
22197,2011-09-26,1663.00000000,quantile_80,822.00000000,841.00000000,0.00000000,3364.00000000,822.00000000
22355,2011-09-26,170.00000000,quantile_80,434.00000000,0.00000000,264.00000000,264.00000000,170.00000000
22386,2011-09-26,665.00000000,quantile_80,576.00000000,89.00000000,0.00000000,356.00000000,576.00000000
22411,2011-09-26,489.00000000,quantile_80,448.00000000,41.00000000,0.00000000,164.00000000,448.00000000
22423,2011-09-26,136.00000000,quantile_80,325.00000000,0.00000000,189.00000000,189.00000000,136.00000000
22469,2011-09-26,226.00000000,quantile_80,498.00000000,0.00000000,272.00000000,272.00000000,226.00000000
22492,2011-09-26,288.00000000,quantile_80,435.00000000,0.00000000,147.00000000,147.00000000,288.00000000
22616,2011-09-26,577.00000000,quantile_80,619.00000000,0.00000000,42.00000000,42.00000000,577.00000000
71459,2011-09-26,276.00000000,quantile_80,290.00000000,0.00000000,14.00000000,14.00000000,276.00000000
72741,2011-09-26,129.00000000,quantile_80,186.00000000,0.00000000,57.00000000,57.00000000,129.00000000
84077,2011-09-26,768.00000000,quantile_80,1234.00000000,0.00000000,466.00000000,466.00000000,768.00000000
84212,2011-09-26,24.00000000,quantile_80,222.00000000,0.00000000,198.00000000,198.00000000,24.00000000
84270,2011-09-26,0.00000000,quantile_80,88.00000000,0.00000000,88.00000000,88.00000000,0.00000000
84347,2011-09-26,40.00000000,quantile_80,481.00000000,0.00000000,441.00000000,441.00000000,40.00000000
84568,2011-09-26,9.00000000,quantile_80,469.00000000,0.00000000,460.00000000,460.00000000,9.00000000
84598,2011-09-26,12.00000000,quantile_80,236.00000000,0.00000000,224.00000000,224.00000000,12.00000000
84755,2011-09-26,48.00000000,quantile_80,522.00000000,0.00000000,474.00000000,474.00000000,48.00000000
84879,2011-09-26,791.00000000,quantile_80,825.00000000,0.00000000,34.00000000,34.00000000,791.00000000
84946,2011-09-26,378.00000000,quantile_80,430.00000000,0.00000000,52.00000000,52.00000000,378.00000000
84970S,2011-09-26,202.00000000,quantile_80,234.00000000,0.00000000,32.00000000,32.00000000,202.00000000
84991,2011-09-26,220.00000000,quantile_80,564.00000000,0.00000000,344.00000000,344.00000000,220.00000000
84992,2011-09-26,110.00000000,quantile_80,281.00000000,0.00000000,171.00000000,171.00000000,110.00000000
85099B,2011-09-26,889.00000000,quantile_80,1335.00000000,0.00000000,446.00000000,446.00000000,889.00000000
85099C,2011-09-26,398.00000000,quantile_80,371.00000000,27.00000000,0.00000000,108.00000000,371.00000000
85099F,2011-09-26,204.00000000,quantile_80,540.00000000,0.00000000,336.00000000,336.00000000,204.00000000
85123A,2011-09-26,404.00000000,quantile_80,1075.00000000,0.00000000,671.00000000,671.00000000,404.00000000
15036,2011-10-03,721.00000000,quantile_80,620.00000000,101.00000000,0.00000000,404.00000000,620.00000000
16014,2011-10-03,0.00000000,quantile_80,378.00000000,0.00000000,378.00000000,378.00000000,0.00000000
17003,2011-10-03,376.00000000,quantile_80,1157.00000000,0.00000000,781.00000000,781.00000000,376.00000000
20725,2011-10-03,278.00000000,quantile_80,437.00000000,0.00000000,159.00000000,159.00000000,278.00000000
20727,2011-10-03,208.00000000,quantile_80,306.00000000,0.00000000,98.00000000,98.00000000,208.00000000
21080,2011-10-03,92.00000000,quantile_80,330.00000000,0.00000000,238.00000000,238.00000000,92.00000000
21212,2011-10-03,405.00000000,quantile_80,1053.00000000,0.00000000,648.00000000,648.00000000,405.00000000
21213,2011-10-03,202.00000000,quantile_80,611.00000000,0.00000000,409.00000000,409.00000000,202.00000000
21232,2011-10-03,67.00000000,quantile_80,325.00000000,0.00000000,258.00000000,258.00000000,67.00000000
21498,2011-10-03,125.00000000,quantile_80,305.00000000,0.00000000,180.00000000,180.00000000,125.00000000
21915,2011-10-03,1771.00000000,quantile_80,475.00000000,1296.00000000,0.00000000,5184.00000000,475.00000000
21928,2011-10-03,156.00000000,quantile_80,390.00000000,0.00000000,234.00000000,234.00000000,156.00000000
21929,2011-10-03,461.00000000,quantile_80,330.00000000,131.00000000,0.00000000,524.00000000,330.00000000
21931,2011-10-03,444.00000000,quantile_80,449.00000000,0.00000000,5.00000000,5.00000000,444.00000000
21975,2011-10-03,107.00000000,quantile_80,368.00000000,0.00000000,261.00000000,261.00000000,107.00000000
21977,2011-10-03,829.00000000,quantile_80,840.00000000,0.00000000,11.00000000,11.00000000,829.00000000
21980,2011-10-03,528.00000000,quantile_80,168.00000000,360.00000000,0.00000000,1440.00000000,168.00000000
21981,2011-10-03,5.00000000,quantile_80,168.00000000,0.00000000,163.00000000,163.00000000,5.00000000
21982,2011-10-03,8.00000000,quantile_80,129.00000000,0.00000000,121.00000000,121.00000000,8.00000000
21984,2011-10-03,76.00000000,quantile_80,83.00000000,0.00000000,7.00000000,7.00000000,76.00000000
21985,2011-10-03,182.00000000,quantile_80,204.00000000,0.00000000,22.00000000,22.00000000,182.00000000
22086,2011-10-03,953.00000000,quantile_80,948.00000000,5.00000000,0.00000000,20.00000000,948.00000000
22151,2011-10-03,54.00000000,quantile_80,410.00000000,0.00000000,356.00000000,356.00000000,54.00000000
22178,2011-10-03,1459.00000000,quantile_80,538.00000000,921.00000000,0.00000000,3684.00000000,538.00000000
22197,2011-10-03,799.00000000,quantile_80,1154.00000000,0.00000000,355.00000000,355.00000000,799.00000000
22355,2011-10-03,354.00000000,quantile_80,414.00000000,0.00000000,60.00000000,60.00000000,354.00000000
22386,2011-10-03,1539.00000000,quantile_80,583.00000000,956.00000000,0.00000000,3824.00000000,583.00000000
22411,2011-10-03,183.00000000,quantile_80,437.00000000,0.00000000,254.00000000,254.00000000,183.00000000
22423,2011-10-03,297.00000000,quantile_80,334.00000000,0.00000000,37.00000000,37.00000000,297.00000000
22469,2011-10-03,254.00000000,quantile_80,525.00000000,0.00000000,271.00000000,271.00000000,254.00000000
22492,2011-10-03,724.00000000,quantile_80,459.00000000,265.00000000,0.00000000,1060.00000000,459.00000000
22616,2011-10-03,465.00000000,quantile_80,767.00000000,0.00000000,302.00000000,302.00000000,465.00000000
71459,2011-10-03,168.00000000,quantile_80,407.00000000,0.00000000,239.00000000,239.00000000,168.00000000
72741,2011-10-03,99.00000000,quantile_80,244.00000000,0.00000000,145.00000000,145.00000000,99.00000000
84077,2011-10-03,893.00000000,quantile_80,1222.00000000,0.00000000,329.00000000,329.00000000,893.00000000
84212,2011-10-03,480.00000000,quantile_80,241.00000000,239.00000000,0.00000000,956.00000000,241.00000000
84270,2011-10-03,0.00000000,quantile_80,74.00000000,0.00000000,74.00000000,74.00000000,0.00000000
84347,2011-10-03,178.00000000,quantile_80,280.00000000,0.00000000,102.00000000,102.00000000,178.00000000
84568,2011-10-03,0.00000000,quantile_80,462.00000000,0.00000000,462.00000000,462.00000000,0.00000000
84598,2011-10-03,20.00000000,quantile_80,228.00000000,0.00000000,208.00000000,208.00000000,20.00000000
84755,2011-10-03,288.00000000,quantile_80,335.00000000,0.00000000,47.00000000,47.00000000,288.00000000
84879,2011-10-03,573.00000000,quantile_80,1071.00000000,0.00000000,498.00000000,498.00000000,573.00000000
84946,2011-10-03,342.00000000,quantile_80,535.00000000,0.00000000,193.00000000,193.00000000,342.00000000
84970S,2011-10-03,40.00000000,quantile_80,316.00000000,0.00000000,276.00000000,276.00000000,40.00000000
84991,2011-10-03,157.00000000,quantile_80,644.00000000,0.00000000,487.00000000,487.00000000,157.00000000
84992,2011-10-03,161.00000000,quantile_80,301.00000000,0.00000000,140.00000000,140.00000000,161.00000000
85099B,2011-10-03,2636.00000000,quantile_80,1240.00000000,1396.00000000,0.00000000,5584.00000000,1240.00000000
85099C,2011-10-03,276.00000000,quantile_80,436.00000000,0.00000000,160.00000000,160.00000000,276.00000000
85099F,2011-10-03,1172.00000000,quantile_80,553.00000000,619.00000000,0.00000000,2476.00000000,553.00000000
85123A,2011-10-03,156.00000000,quantile_80,1129.00000000,0.00000000,973.00000000,973.00000000,156.00000000
15036,2011-10-10,224.00000000,quantile_80,935.00000000,0.00000000,711.00000000,711.00000000,224.00000000
16014,2011-10-10,20.00000000,quantile_80,305.00000000,0.00000000,285.00000000,285.00000000,20.00000000
17003,2011-10-10,72.00000000,quantile_80,1138.00000000,0.00000000,1066.00000000,1066.00000000,72.00000000
20725,2011-10-10,373.00000000,quantile_80,425.00000000,0.00000000,52.00000000,52.00000000,373.00000000
20727,2011-10-10,336.00000000,quantile_80,299.00000000,37.00000000,0.00000000,148.00000000,299.00000000
21080,2011-10-10,47.00000000,quantile_80,333.00000000,0.00000000,286.00000000,286.00000000,47.00000000
21212,2011-10-10,163.00000000,quantile_80,1034.00000000,0.00000000,871.00000000,871.00000000,163.00000000
21213,2011-10-10,125.00000000,quantile_80,510.00000000,0.00000000,385.00000000,385.00000000,125.00000000
21232,2011-10-10,370.00000000,quantile_80,233.00000000,137.00000000,0.00000000,548.00000000,233.00000000
21498,2011-10-10,150.00000000,quantile_80,294.00000000,0.00000000,144.00000000,144.00000000,150.00000000
21915,2011-10-10,180.00000000,quantile_80,535.00000000,0.00000000,355.00000000,355.00000000,180.00000000
21928,2011-10-10,79.00000000,quantile_80,372.00000000,0.00000000,293.00000000,293.00000000,79.00000000
21929,2011-10-10,71.00000000,quantile_80,346.00000000,0.00000000,275.00000000,275.00000000,71.00000000
21931,2011-10-10,243.00000000,quantile_80,479.00000000,0.00000000,236.00000000,236.00000000,243.00000000
21975,2011-10-10,19.00000000,quantile_80,348.00000000,0.00000000,329.00000000,329.00000000,19.00000000
21977,2011-10-10,150.00000000,quantile_80,788.00000000,0.00000000,638.00000000,638.00000000,150.00000000
21980,2011-10-10,60.00000000,quantile_80,205.00000000,0.00000000,145.00000000,145.00000000,60.00000000
21981,2011-10-10,16.00000000,quantile_80,158.00000000,0.00000000,142.00000000,142.00000000,16.00000000
21982,2011-10-10,112.00000000,quantile_80,180.00000000,0.00000000,68.00000000,68.00000000,112.00000000
21984,2011-10-10,85.00000000,quantile_80,81.00000000,4.00000000,0.00000000,16.00000000,81.00000000
21985,2011-10-10,114.00000000,quantile_80,212.00000000,0.00000000,98.00000000,98.00000000,114.00000000
22086,2011-10-10,816.00000000,quantile_80,1013.00000000,0.00000000,197.00000000,197.00000000,816.00000000
22151,2011-10-10,77.00000000,quantile_80,388.00000000,0.00000000,311.00000000,311.00000000,77.00000000
22178,2011-10-10,297.00000000,quantile_80,685.00000000,0.00000000,388.00000000,388.00000000,297.00000000
22197,2011-10-10,748.00000000,quantile_80,1006.00000000,0.00000000,258.00000000,258.00000000,748.00000000
22355,2011-10-10,230.00000000,quantile_80,412.00000000,0.00000000,182.00000000,182.00000000,230.00000000
22386,2011-10-10,397.00000000,quantile_80,628.00000000,0.00000000,231.00000000,231.00000000,397.00000000
22411,2011-10-10,230.00000000,quantile_80,433.00000000,0.00000000,203.00000000,203.00000000,230.00000000
22423,2011-10-10,127.00000000,quantile_80,326.00000000,0.00000000,199.00000000,199.00000000,127.00000000
22469,2011-10-10,88.00000000,quantile_80,519.00000000,0.00000000,431.00000000,431.00000000,88.00000000
22492,2011-10-10,185.00000000,quantile_80,458.00000000,0.00000000,273.00000000,273.00000000,185.00000000
22616,2011-10-10,41.00000000,quantile_80,794.00000000,0.00000000,753.00000000,753.00000000,41.00000000
71459,2011-10-10,129.00000000,quantile_80,439.00000000,0.00000000,310.00000000,310.00000000,129.00000000
72741,2011-10-10,144.00000000,quantile_80,199.00000000,0.00000000,55.00000000,55.00000000,144.00000000
84077,2011-10-10,634.00000000,quantile_80,1288.00000000,0.00000000,654.00000000,654.00000000,634.00000000
84212,2011-10-10,0.00000000,quantile_80,282.00000000,0.00000000,282.00000000,282.00000000,0.00000000
84270,2011-10-10,0.00000000,quantile_80,57.00000000,0.00000000,57.00000000,57.00000000,0.00000000
84347,2011-10-10,469.00000000,quantile_80,455.00000000,14.00000000,0.00000000,56.00000000,455.00000000
84568,2011-10-10,18.00000000,quantile_80,375.00000000,0.00000000,357.00000000,357.00000000,18.00000000
84598,2011-10-10,6.00000000,quantile_80,224.00000000,0.00000000,218.00000000,218.00000000,6.00000000
84755,2011-10-10,48.00000000,quantile_80,386.00000000,0.00000000,338.00000000,338.00000000,48.00000000
84879,2011-10-10,412.00000000,quantile_80,1059.00000000,0.00000000,647.00000000,647.00000000,412.00000000
84946,2011-10-10,475.00000000,quantile_80,504.00000000,0.00000000,29.00000000,29.00000000,475.00000000
84970S,2011-10-10,266.00000000,quantile_80,321.00000000,0.00000000,55.00000000,55.00000000,266.00000000
84991,2011-10-10,73.00000000,quantile_80,548.00000000,0.00000000,475.00000000,475.00000000,73.00000000
84992,2011-10-10,33.00000000,quantile_80,253.00000000,0.00000000,220.00000000,220.00000000,33.00000000
85099B,2011-10-10,847.00000000,quantile_80,1401.00000000,0.00000000,554.00000000,554.00000000,847.00000000
85099C,2011-10-10,210.00000000,quantile_80,437.00000000,0.00000000,227.00000000,227.00000000,210.00000000
85099F,2011-10-10,151.00000000,quantile_80,578.00000000,0.00000000,427.00000000,427.00000000,151.00000000
85123A,2011-10-10,599.00000000,quantile_80,1081.00000000,0.00000000,482.00000000,482.00000000,599.00000000
15036,2011-10-17,122.00000000,quantile_80,793.00000000,0.00000000,671.00000000,671.00000000,122.00000000
16014,2011-10-17,20.00000000,quantile_80,307.00000000,0.00000000,287.00000000,287.00000000,20.00000000
17003,2011-10-17,204.00000000,quantile_80,831.00000000,0.00000000,627.00000000,627.00000000,204.00000000
20725,2011-10-17,146.00000000,quantile_80,362.00000000,0.00000000,216.00000000,216.00000000,146.00000000
20727,2011-10-17,138.00000000,quantile_80,270.00000000,0.00000000,132.00000000,132.00000000,138.00000000
21080,2011-10-17,156.00000000,quantile_80,300.00000000,0.00000000,144.00000000,144.00000000,156.00000000
21212,2011-10-17,143.00000000,quantile_80,929.00000000,0.00000000,786.00000000,786.00000000,143.00000000
21213,2011-10-17,336.00000000,quantile_80,435.00000000,0.00000000,99.00000000,99.00000000,336.00000000
21232,2011-10-17,139.00000000,quantile_80,292.00000000,0.00000000,153.00000000,153.00000000,139.00000000
21498,2011-10-17,100.00000000,quantile_80,287.00000000,0.00000000,187.00000000,187.00000000,100.00000000
21915,2011-10-17,487.00000000,quantile_80,419.00000000,68.00000000,0.00000000,272.00000000,419.00000000
21928,2011-10-17,173.00000000,quantile_80,343.00000000,0.00000000,170.00000000,170.00000000,173.00000000
21929,2011-10-17,84.00000000,quantile_80,303.00000000,0.00000000,219.00000000,219.00000000,84.00000000
21931,2011-10-17,140.00000000,quantile_80,419.00000000,0.00000000,279.00000000,279.00000000,140.00000000
21975,2011-10-17,103.00000000,quantile_80,330.00000000,0.00000000,227.00000000,227.00000000,103.00000000
21977,2011-10-17,112.00000000,quantile_80,739.00000000,0.00000000,627.00000000,627.00000000,112.00000000
21980,2011-10-17,84.00000000,quantile_80,129.00000000,0.00000000,45.00000000,45.00000000,84.00000000
21981,2011-10-17,20.00000000,quantile_80,152.00000000,0.00000000,132.00000000,132.00000000,20.00000000
21982,2011-10-17,41.00000000,quantile_80,299.00000000,0.00000000,258.00000000,258.00000000,41.00000000
21984,2011-10-17,2.00000000,quantile_80,96.00000000,0.00000000,94.00000000,94.00000000,2.00000000
21985,2011-10-17,49.00000000,quantile_80,162.00000000,0.00000000,113.00000000,113.00000000,49.00000000
22086,2011-10-17,698.00000000,quantile_80,981.00000000,0.00000000,283.00000000,283.00000000,698.00000000
22151,2011-10-17,170.00000000,quantile_80,358.00000000,0.00000000,188.00000000,188.00000000,170.00000000
22178,2011-10-17,199.00000000,quantile_80,678.00000000,0.00000000,479.00000000,479.00000000,199.00000000
22197,2011-10-17,613.00000000,quantile_80,1250.00000000,0.00000000,637.00000000,637.00000000,613.00000000
22355,2011-10-17,256.00000000,quantile_80,402.00000000,0.00000000,146.00000000,146.00000000,256.00000000
22386,2011-10-17,334.00000000,quantile_80,506.00000000,0.00000000,172.00000000,172.00000000,334.00000000
22411,2011-10-17,80.00000000,quantile_80,355.00000000,0.00000000,275.00000000,275.00000000,80.00000000
22423,2011-10-17,89.00000000,quantile_80,298.00000000,0.00000000,209.00000000,209.00000000,89.00000000
22469,2011-10-17,283.00000000,quantile_80,341.00000000,0.00000000,58.00000000,58.00000000,283.00000000
22492,2011-10-17,74.00000000,quantile_80,408.00000000,0.00000000,334.00000000,334.00000000,74.00000000
22616,2011-10-17,666.00000000,quantile_80,708.00000000,0.00000000,42.00000000,42.00000000,666.00000000
71459,2011-10-17,52.00000000,quantile_80,284.00000000,0.00000000,232.00000000,232.00000000,52.00000000
72741,2011-10-17,267.00000000,quantile_80,185.00000000,82.00000000,0.00000000,328.00000000,185.00000000
84077,2011-10-17,975.00000000,quantile_80,1085.00000000,0.00000000,110.00000000,110.00000000,975.00000000
84212,2011-10-17,0.00000000,quantile_80,208.00000000,0.00000000,208.00000000,208.00000000,0.00000000
84270,2011-10-17,0.00000000,quantile_80,50.00000000,0.00000000,50.00000000,50.00000000,0.00000000
84347,2011-10-17,400.00000000,quantile_80,526.00000000,0.00000000,126.00000000,126.00000000,400.00000000
84568,2011-10-17,24.00000000,quantile_80,362.00000000,0.00000000,338.00000000,338.00000000,24.00000000
84598,2011-10-17,16.00000000,quantile_80,151.00000000,0.00000000,135.00000000,135.00000000,16.00000000
84755,2011-10-17,196.00000000,quantile_80,239.00000000,0.00000000,43.00000000,43.00000000,196.00000000
84879,2011-10-17,732.00000000,quantile_80,997.00000000,0.00000000,265.00000000,265.00000000,732.00000000
84946,2011-10-17,412.00000000,quantile_80,561.00000000,0.00000000,149.00000000,149.00000000,412.00000000
84970S,2011-10-17,66.00000000,quantile_80,301.00000000,0.00000000,235.00000000,235.00000000,66.00000000
84991,2011-10-17,129.00000000,quantile_80,347.00000000,0.00000000,218.00000000,218.00000000,129.00000000
84992,2011-10-17,104.00000000,quantile_80,303.00000000,0.00000000,199.00000000,199.00000000,104.00000000
85099B,2011-10-17,725.00000000,quantile_80,1165.00000000,0.00000000,440.00000000,440.00000000,725.00000000
85099C,2011-10-17,200.00000000,quantile_80,393.00000000,0.00000000,193.00000000,193.00000000,200.00000000
85099F,2011-10-17,433.00000000,quantile_80,409.00000000,24.00000000,0.00000000,96.00000000,409.00000000
85123A,2011-10-17,152.00000000,quantile_80,1102.00000000,0.00000000,950.00000000,950.00000000,152.00000000
15036,2011-10-24,101.00000000,quantile_80,933.00000000,0.00000000,832.00000000,832.00000000,101.00000000
16014,2011-10-24,0.00000000,quantile_80,319.00000000,0.00000000,319.00000000,319.00000000,0.00000000
17003,2011-10-24,1684.00000000,quantile_80,841.00000000,843.00000000,0.00000000,3372.00000000,841.00000000
20725,2011-10-24,234.00000000,quantile_80,362.00000000,0.00000000,128.00000000,128.00000000,234.00000000
20727,2011-10-24,132.00000000,quantile_80,222.00000000,0.00000000,90.00000000,90.00000000,132.00000000
21080,2011-10-24,88.00000000,quantile_80,296.00000000,0.00000000,208.00000000,208.00000000,88.00000000
21212,2011-10-24,449.00000000,quantile_80,663.00000000,0.00000000,214.00000000,214.00000000,449.00000000
21213,2011-10-24,361.00000000,quantile_80,483.00000000,0.00000000,122.00000000,122.00000000,361.00000000
21232,2011-10-24,137.00000000,quantile_80,241.00000000,0.00000000,104.00000000,104.00000000,137.00000000
21498,2011-10-24,325.00000000,quantile_80,293.00000000,32.00000000,0.00000000,128.00000000,293.00000000
21915,2011-10-24,217.00000000,quantile_80,407.00000000,0.00000000,190.00000000,190.00000000,217.00000000
21928,2011-10-24,125.00000000,quantile_80,359.00000000,0.00000000,234.00000000,234.00000000,125.00000000
21929,2011-10-24,67.00000000,quantile_80,291.00000000,0.00000000,224.00000000,224.00000000,67.00000000
21931,2011-10-24,342.00000000,quantile_80,304.00000000,38.00000000,0.00000000,152.00000000,304.00000000
21975,2011-10-24,38.00000000,quantile_80,329.00000000,0.00000000,291.00000000,291.00000000,38.00000000
21977,2011-10-24,97.00000000,quantile_80,679.00000000,0.00000000,582.00000000,582.00000000,97.00000000
21980,2011-10-24,110.00000000,quantile_80,173.00000000,0.00000000,63.00000000,63.00000000,110.00000000
21981,2011-10-24,53.00000000,quantile_80,165.00000000,0.00000000,112.00000000,112.00000000,53.00000000
21982,2011-10-24,107.00000000,quantile_80,159.00000000,0.00000000,52.00000000,52.00000000,107.00000000
21984,2011-10-24,38.00000000,quantile_80,104.00000000,0.00000000,66.00000000,66.00000000,38.00000000
21985,2011-10-24,55.00000000,quantile_80,152.00000000,0.00000000,97.00000000,97.00000000,55.00000000
22086,2011-10-24,752.00000000,quantile_80,1003.00000000,0.00000000,251.00000000,251.00000000,752.00000000
22151,2011-10-24,173.00000000,quantile_80,372.00000000,0.00000000,199.00000000,199.00000000,173.00000000
22178,2011-10-24,1240.00000000,quantile_80,732.00000000,508.00000000,0.00000000,2032.00000000,732.00000000
22197,2011-10-24,2771.00000000,quantile_80,1356.00000000,1415.00000000,0.00000000,5660.00000000,1356.00000000
22355,2011-10-24,535.00000000,quantile_80,404.00000000,131.00000000,0.00000000,524.00000000,404.00000000
22386,2011-10-24,443.00000000,quantile_80,547.00000000,0.00000000,104.00000000,104.00000000,443.00000000
22411,2011-10-24,156.00000000,quantile_80,294.00000000,0.00000000,138.00000000,138.00000000,156.00000000
22423,2011-10-24,121.00000000,quantile_80,315.00000000,0.00000000,194.00000000,194.00000000,121.00000000
22469,2011-10-24,369.00000000,quantile_80,469.00000000,0.00000000,100.00000000,100.00000000,369.00000000
22492,2011-10-24,612.00000000,quantile_80,273.00000000,339.00000000,0.00000000,1356.00000000,273.00000000
22616,2011-10-24,173.00000000,quantile_80,851.00000000,0.00000000,678.00000000,678.00000000,173.00000000
71459,2011-10-24,96.00000000,quantile_80,235.00000000,0.00000000,139.00000000,139.00000000,96.00000000
72741,2011-10-24,54.00000000,quantile_80,281.00000000,0.00000000,227.00000000,227.00000000,54.00000000
84077,2011-10-24,5328.00000000,quantile_80,1354.00000000,3974.00000000,0.00000000,15896.00000000,1354.00000000
84212,2011-10-24,54.00000000,quantile_80,196.00000000,0.00000000,142.00000000,142.00000000,54.00000000
84270,2011-10-24,0.00000000,quantile_80,68.00000000,0.00000000,68.00000000,68.00000000,0.00000000
84347,2011-10-24,669.00000000,quantile_80,505.00000000,164.00000000,0.00000000,656.00000000,505.00000000
84568,2011-10-24,0.00000000,quantile_80,290.00000000,0.00000000,290.00000000,290.00000000,0.00000000
84598,2011-10-24,0.00000000,quantile_80,153.00000000,0.00000000,153.00000000,153.00000000,0.00000000
84755,2011-10-24,112.00000000,quantile_80,327.00000000,0.00000000,215.00000000,215.00000000,112.00000000
84879,2011-10-24,745.00000000,quantile_80,1051.00000000,0.00000000,306.00000000,306.00000000,745.00000000
84946,2011-10-24,216.00000000,quantile_80,563.00000000,0.00000000,347.00000000,347.00000000,216.00000000
84970S,2011-10-24,76.00000000,quantile_80,256.00000000,0.00000000,180.00000000,180.00000000,76.00000000
84991,2011-10-24,341.00000000,quantile_80,348.00000000,0.00000000,7.00000000,7.00000000,341.00000000
84992,2011-10-24,275.00000000,quantile_80,323.00000000,0.00000000,48.00000000,48.00000000,275.00000000
85099B,2011-10-24,590.00000000,quantile_80,1199.00000000,0.00000000,609.00000000,609.00000000,590.00000000
85099C,2011-10-24,391.00000000,quantile_80,389.00000000,2.00000000,0.00000000,8.00000000,389.00000000
85099F,2011-10-24,30.00000000,quantile_80,528.00000000,0.00000000,498.00000000,498.00000000,30.00000000
85123A,2011-10-24,369.00000000,quantile_80,1009.00000000,0.00000000,640.00000000,640.00000000,369.00000000
15036,2011-10-31,83.00000000,quantile_80,801.00000000,0.00000000,718.00000000,718.00000000,83.00000000
16014,2011-10-31,3021.00000000,quantile_80,299.00000000,2722.00000000,0.00000000,10888.00000000,299.00000000
17003,2011-10-31,100.00000000,quantile_80,1165.00000000,0.00000000,1065.00000000,1065.00000000,100.00000000
20725,2011-10-31,223.00000000,quantile_80,404.00000000,0.00000000,181.00000000,181.00000000,223.00000000
20727,2011-10-31,108.00000000,quantile_80,241.00000000,0.00000000,133.00000000,133.00000000,108.00000000
21080,2011-10-31,98.00000000,quantile_80,325.00000000,0.00000000,227.00000000,227.00000000,98.00000000
21212,2011-10-31,777.00000000,quantile_80,785.00000000,0.00000000,8.00000000,8.00000000,777.00000000
21213,2011-10-31,131.00000000,quantile_80,478.00000000,0.00000000,347.00000000,347.00000000,131.00000000
21232,2011-10-31,201.00000000,quantile_80,252.00000000,0.00000000,51.00000000,51.00000000,201.00000000
21498,2011-10-31,325.00000000,quantile_80,269.00000000,56.00000000,0.00000000,224.00000000,269.00000000
21915,2011-10-31,2640.00000000,quantile_80,729.00000000,1911.00000000,0.00000000,7644.00000000,729.00000000
21928,2011-10-31,207.00000000,quantile_80,328.00000000,0.00000000,121.00000000,121.00000000,207.00000000
21929,2011-10-31,69.00000000,quantile_80,291.00000000,0.00000000,222.00000000,222.00000000,69.00000000
21931,2011-10-31,245.00000000,quantile_80,398.00000000,0.00000000,153.00000000,153.00000000,245.00000000
21975,2011-10-31,102.00000000,quantile_80,379.00000000,0.00000000,277.00000000,277.00000000,102.00000000
21977,2011-10-31,61.00000000,quantile_80,628.00000000,0.00000000,567.00000000,567.00000000,61.00000000
21980,2011-10-31,112.00000000,quantile_80,204.00000000,0.00000000,92.00000000,92.00000000,112.00000000
21981,2011-10-31,96.00000000,quantile_80,163.00000000,0.00000000,67.00000000,67.00000000,96.00000000
21982,2011-10-31,613.00000000,quantile_80,220.00000000,393.00000000,0.00000000,1572.00000000,220.00000000
21984,2011-10-31,51.00000000,quantile_80,131.00000000,0.00000000,80.00000000,80.00000000,51.00000000
21985,2011-10-31,135.00000000,quantile_80,203.00000000,0.00000000,68.00000000,68.00000000,135.00000000
22086,2011-10-31,1717.00000000,quantile_80,1109.00000000,608.00000000,0.00000000,2432.00000000,1109.00000000
22151,2011-10-31,155.00000000,quantile_80,429.00000000,0.00000000,274.00000000,274.00000000,155.00000000
22178,2011-10-31,353.00000000,quantile_80,869.00000000,0.00000000,516.00000000,516.00000000,353.00000000
22197,2011-10-31,1029.00000000,quantile_80,1227.00000000,0.00000000,198.00000000,198.00000000,1029.00000000
22355,2011-10-31,274.00000000,quantile_80,456.00000000,0.00000000,182.00000000,182.00000000,274.00000000
22386,2011-10-31,292.00000000,quantile_80,648.00000000,0.00000000,356.00000000,356.00000000,292.00000000
22411,2011-10-31,91.00000000,quantile_80,297.00000000,0.00000000,206.00000000,206.00000000,91.00000000
22423,2011-10-31,236.00000000,quantile_80,282.00000000,0.00000000,46.00000000,46.00000000,236.00000000
22469,2011-10-31,1006.00000000,quantile_80,522.00000000,484.00000000,0.00000000,1936.00000000,522.00000000
22492,2011-10-31,118.00000000,quantile_80,419.00000000,0.00000000,301.00000000,301.00000000,118.00000000
22616,2011-10-31,702.00000000,quantile_80,943.00000000,0.00000000,241.00000000,241.00000000,702.00000000
71459,2011-10-31,100.00000000,quantile_80,279.00000000,0.00000000,179.00000000,179.00000000,100.00000000
72741,2011-10-31,24.00000000,quantile_80,171.00000000,0.00000000,147.00000000,147.00000000,24.00000000
84077,2011-10-31,974.00000000,quantile_80,1609.00000000,0.00000000,635.00000000,635.00000000,974.00000000
84212,2011-10-31,0.00000000,quantile_80,210.00000000,0.00000000,210.00000000,210.00000000,0.00000000
84270,2011-10-31,0.00000000,quantile_80,29.00000000,0.00000000,29.00000000,29.00000000,0.00000000
84347,2011-10-31,319.00000000,quantile_80,769.00000000,0.00000000,450.00000000,450.00000000,319.00000000
84568,2011-10-31,30.00000000,quantile_80,205.00000000,0.00000000,175.00000000,175.00000000,30.00000000
84598,2011-10-31,32.00000000,quantile_80,186.00000000,0.00000000,154.00000000,154.00000000,32.00000000
84755,2011-10-31,108.00000000,quantile_80,314.00000000,0.00000000,206.00000000,206.00000000,108.00000000
84879,2011-10-31,912.00000000,quantile_80,1024.00000000,0.00000000,112.00000000,112.00000000,912.00000000
84946,2011-10-31,823.00000000,quantile_80,587.00000000,236.00000000,0.00000000,944.00000000,587.00000000
84970S,2011-10-31,93.00000000,quantile_80,293.00000000,0.00000000,200.00000000,200.00000000,93.00000000
84991,2011-10-31,215.00000000,quantile_80,418.00000000,0.00000000,203.00000000,203.00000000,215.00000000
84992,2011-10-31,42.00000000,quantile_80,344.00000000,0.00000000,302.00000000,302.00000000,42.00000000
85099B,2011-10-31,823.00000000,quantile_80,1606.00000000,0.00000000,783.00000000,783.00000000,823.00000000
85099C,2011-10-31,80.00000000,quantile_80,416.00000000,0.00000000,336.00000000,336.00000000,80.00000000
85099F,2011-10-31,193.00000000,quantile_80,432.00000000,0.00000000,239.00000000,239.00000000,193.00000000
85123A,2011-10-31,1689.00000000,quantile_80,1004.00000000,685.00000000,0.00000000,2740.00000000,1004.00000000
15036,2011-11-07,107.00000000,quantile_80,706.00000000,0.00000000,599.00000000,599.00000000,107.00000000
16014,2011-11-07,10.00000000,quantile_80,207.00000000,0.00000000,197.00000000,197.00000000,10.00000000
17003,2011-11-07,109.00000000,quantile_80,1072.00000000,0.00000000,963.00000000,963.00000000,109.00000000
20725,2011-11-07,526.00000000,quantile_80,436.00000000,90.00000000,0.00000000,360.00000000,436.00000000
20727,2011-11-07,244.00000000,quantile_80,255.00000000,0.00000000,11.00000000,11.00000000,244.00000000
21080,2011-11-07,195.00000000,quantile_80,332.00000000,0.00000000,137.00000000,137.00000000,195.00000000
21212,2011-11-07,326.00000000,quantile_80,1045.00000000,0.00000000,719.00000000,719.00000000,326.00000000
21213,2011-11-07,111.00000000,quantile_80,410.00000000,0.00000000,299.00000000,299.00000000,111.00000000
21232,2011-11-07,134.00000000,quantile_80,335.00000000,0.00000000,201.00000000,201.00000000,134.00000000
21498,2011-11-07,200.00000000,quantile_80,384.00000000,0.00000000,184.00000000,184.00000000,200.00000000
21915,2011-11-07,661.00000000,quantile_80,586.00000000,75.00000000,0.00000000,300.00000000,586.00000000
21928,2011-11-07,313.00000000,quantile_80,417.00000000,0.00000000,104.00000000,104.00000000,313.00000000
21929,2011-11-07,407.00000000,quantile_80,320.00000000,87.00000000,0.00000000,348.00000000,320.00000000
21931,2011-11-07,504.00000000,quantile_80,487.00000000,17.00000000,0.00000000,68.00000000,487.00000000
21975,2011-11-07,125.00000000,quantile_80,381.00000000,0.00000000,256.00000000,256.00000000,125.00000000
21977,2011-11-07,152.00000000,quantile_80,527.00000000,0.00000000,375.00000000,375.00000000,152.00000000
21980,2011-11-07,46.00000000,quantile_80,205.00000000,0.00000000,159.00000000,159.00000000,46.00000000
21981,2011-11-07,45.00000000,quantile_80,173.00000000,0.00000000,128.00000000,128.00000000,45.00000000
21982,2011-11-07,71.00000000,quantile_80,354.00000000,0.00000000,283.00000000,283.00000000,71.00000000
21984,2011-11-07,24.00000000,quantile_80,162.00000000,0.00000000,138.00000000,138.00000000,24.00000000
21985,2011-11-07,29.00000000,quantile_80,196.00000000,0.00000000,167.00000000,167.00000000,29.00000000
22086,2011-11-07,1273.00000000,quantile_80,1353.00000000,0.00000000,80.00000000,80.00000000,1273.00000000
22151,2011-11-07,60.00000000,quantile_80,376.00000000,0.00000000,316.00000000,316.00000000,60.00000000
22178,2011-11-07,192.00000000,quantile_80,927.00000000,0.00000000,735.00000000,735.00000000,192.00000000
22197,2011-11-07,3828.00000000,quantile_80,1443.00000000,2385.00000000,0.00000000,9540.00000000,1443.00000000
22355,2011-11-07,320.00000000,quantile_80,511.00000000,0.00000000,191.00000000,191.00000000,320.00000000
22386,2011-11-07,516.00000000,quantile_80,640.00000000,0.00000000,124.00000000,124.00000000,516.00000000
22411,2011-11-07,617.00000000,quantile_80,306.00000000,311.00000000,0.00000000,1244.00000000,306.00000000
22423,2011-11-07,157.00000000,quantile_80,392.00000000,0.00000000,235.00000000,235.00000000,157.00000000
22469,2011-11-07,267.00000000,quantile_80,592.00000000,0.00000000,325.00000000,325.00000000,267.00000000
22492,2011-11-07,392.00000000,quantile_80,390.00000000,2.00000000,0.00000000,8.00000000,390.00000000
22616,2011-11-07,254.00000000,quantile_80,940.00000000,0.00000000,686.00000000,686.00000000,254.00000000
71459,2011-11-07,232.00000000,quantile_80,347.00000000,0.00000000,115.00000000,115.00000000,232.00000000
72741,2011-11-07,111.00000000,quantile_80,165.00000000,0.00000000,54.00000000,54.00000000,111.00000000
84077,2011-11-07,1119.00000000,quantile_80,1602.00000000,0.00000000,483.00000000,483.00000000,1119.00000000
84212,2011-11-07,53.00000000,quantile_80,287.00000000,0.00000000,234.00000000,234.00000000,53.00000000
84270,2011-11-07,0.00000000,quantile_80,34.00000000,0.00000000,34.00000000,34.00000000,0.00000000
84347,2011-11-07,582.00000000,quantile_80,914.00000000,0.00000000,332.00000000,332.00000000,582.00000000
84568,2011-11-07,43.00000000,quantile_80,327.00000000,0.00000000,284.00000000,284.00000000,43.00000000
84598,2011-11-07,24.00000000,quantile_80,226.00000000,0.00000000,202.00000000,202.00000000,24.00000000
84755,2011-11-07,308.00000000,quantile_80,259.00000000,49.00000000,0.00000000,196.00000000,259.00000000
84879,2011-11-07,1732.00000000,quantile_80,1121.00000000,611.00000000,0.00000000,2444.00000000,1121.00000000
84946,2011-11-07,1043.00000000,quantile_80,744.00000000,299.00000000,0.00000000,1196.00000000,744.00000000
84970S,2011-11-07,54.00000000,quantile_80,327.00000000,0.00000000,273.00000000,273.00000000,54.00000000
84991,2011-11-07,190.00000000,quantile_80,412.00000000,0.00000000,222.00000000,222.00000000,190.00000000
84992,2011-11-07,135.00000000,quantile_80,364.00000000,0.00000000,229.00000000,229.00000000,135.00000000
85099B,2011-11-07,2159.00000000,quantile_80,1385.00000000,774.00000000,0.00000000,3096.00000000,1385.00000000
85099C,2011-11-07,353.00000000,quantile_80,454.00000000,0.00000000,101.00000000,101.00000000,353.00000000
85099F,2011-11-07,301.00000000,quantile_80,548.00000000,0.00000000,247.00000000,247.00000000,301.00000000
85123A,2011-11-07,524.00000000,quantile_80,1337.00000000,0.00000000,813.00000000,813.00000000,524.00000000
15036,2011-11-14,104.00000000,quantile_80,746.00000000,0.00000000,642.00000000,642.00000000,104.00000000
16014,2011-11-14,0.00000000,quantile_80,182.00000000,0.00000000,182.00000000,182.00000000,0.00000000
17003,2011-11-14,315.00000000,quantile_80,1150.00000000,0.00000000,835.00000000,835.00000000,315.00000000
20725,2011-11-14,448.00000000,quantile_80,495.00000000,0.00000000,47.00000000,47.00000000,448.00000000
20727,2011-11-14,364.00000000,quantile_80,271.00000000,93.00000000,0.00000000,372.00000000,271.00000000
21080,2011-11-14,156.00000000,quantile_80,335.00000000,0.00000000,179.00000000,179.00000000,156.00000000
21212,2011-11-14,396.00000000,quantile_80,1039.00000000,0.00000000,643.00000000,643.00000000,396.00000000
21213,2011-11-14,163.00000000,quantile_80,405.00000000,0.00000000,242.00000000,242.00000000,163.00000000
21232,2011-11-14,732.00000000,quantile_80,242.00000000,490.00000000,0.00000000,1960.00000000,242.00000000
21498,2011-11-14,250.00000000,quantile_80,355.00000000,0.00000000,105.00000000,105.00000000,250.00000000
21915,2011-11-14,351.00000000,quantile_80,649.00000000,0.00000000,298.00000000,298.00000000,351.00000000
21928,2011-11-14,99.00000000,quantile_80,384.00000000,0.00000000,285.00000000,285.00000000,99.00000000
21929,2011-11-14,81.00000000,quantile_80,340.00000000,0.00000000,259.00000000,259.00000000,81.00000000
21931,2011-11-14,149.00000000,quantile_80,448.00000000,0.00000000,299.00000000,299.00000000,149.00000000
21975,2011-11-14,149.00000000,quantile_80,359.00000000,0.00000000,210.00000000,210.00000000,149.00000000
21977,2011-11-14,127.00000000,quantile_80,721.00000000,0.00000000,594.00000000,594.00000000,127.00000000
21980,2011-11-14,50.00000000,quantile_80,133.00000000,0.00000000,83.00000000,83.00000000,50.00000000
21981,2011-11-14,34.00000000,quantile_80,157.00000000,0.00000000,123.00000000,123.00000000,34.00000000
21982,2011-11-14,166.00000000,quantile_80,203.00000000,0.00000000,37.00000000,37.00000000,166.00000000
21984,2011-11-14,12.00000000,quantile_80,110.00000000,0.00000000,98.00000000,98.00000000,12.00000000
21985,2011-11-14,128.00000000,quantile_80,190.00000000,0.00000000,62.00000000,62.00000000,128.00000000
22086,2011-11-14,2147.00000000,quantile_80,1288.00000000,859.00000000,0.00000000,3436.00000000,1288.00000000
22151,2011-11-14,124.00000000,quantile_80,347.00000000,0.00000000,223.00000000,223.00000000,124.00000000
22178,2011-11-14,449.00000000,quantile_80,796.00000000,0.00000000,347.00000000,347.00000000,449.00000000
22197,2011-11-14,3118.00000000,quantile_80,1482.00000000,1636.00000000,0.00000000,6544.00000000,1482.00000000
22355,2011-11-14,430.00000000,quantile_80,470.00000000,0.00000000,40.00000000,40.00000000,430.00000000
22386,2011-11-14,471.00000000,quantile_80,685.00000000,0.00000000,214.00000000,214.00000000,471.00000000
22411,2011-11-14,280.00000000,quantile_80,320.00000000,0.00000000,40.00000000,40.00000000,280.00000000
22423,2011-11-14,147.00000000,quantile_80,368.00000000,0.00000000,221.00000000,221.00000000,147.00000000
22469,2011-11-14,349.00000000,quantile_80,531.00000000,0.00000000,182.00000000,182.00000000,349.00000000
22492,2011-11-14,535.00000000,quantile_80,470.00000000,65.00000000,0.00000000,260.00000000,470.00000000
22616,2011-11-14,1205.00000000,quantile_80,1133.00000000,72.00000000,0.00000000,288.00000000,1133.00000000
71459,2011-11-14,360.00000000,quantile_80,405.00000000,0.00000000,45.00000000,45.00000000,360.00000000
72741,2011-11-14,179.00000000,quantile_80,238.00000000,0.00000000,59.00000000,59.00000000,179.00000000
84077,2011-11-14,834.00000000,quantile_80,1611.00000000,0.00000000,777.00000000,777.00000000,834.00000000
84212,2011-11-14,2.00000000,quantile_80,236.00000000,0.00000000,234.00000000,234.00000000,2.00000000
84270,2011-11-14,0.00000000,quantile_80,25.00000000,0.00000000,25.00000000,25.00000000,0.00000000
84347,2011-11-14,735.00000000,quantile_80,987.00000000,0.00000000,252.00000000,252.00000000,735.00000000
84568,2011-11-14,319.00000000,quantile_80,345.00000000,0.00000000,26.00000000,26.00000000,319.00000000
84598,2011-11-14,26.00000000,quantile_80,314.00000000,0.00000000,288.00000000,288.00000000,26.00000000
84755,2011-11-14,144.00000000,quantile_80,376.00000000,0.00000000,232.00000000,232.00000000,144.00000000
84879,2011-11-14,1086.00000000,quantile_80,1126.00000000,0.00000000,40.00000000,40.00000000,1086.00000000
84946,2011-11-14,809.00000000,quantile_80,742.00000000,67.00000000,0.00000000,268.00000000,742.00000000
84970S,2011-11-14,84.00000000,quantile_80,349.00000000,0.00000000,265.00000000,265.00000000,84.00000000
84991,2011-11-14,283.00000000,quantile_80,466.00000000,0.00000000,183.00000000,183.00000000,283.00000000
84992,2011-11-14,64.00000000,quantile_80,379.00000000,0.00000000,315.00000000,315.00000000,64.00000000
85099B,2011-11-14,1562.00000000,quantile_80,1400.00000000,162.00000000,0.00000000,648.00000000,1400.00000000
85099C,2011-11-14,620.00000000,quantile_80,400.00000000,220.00000000,0.00000000,880.00000000,400.00000000
85099F,2011-11-14,196.00000000,quantile_80,540.00000000,0.00000000,344.00000000,344.00000000,196.00000000
85123A,2011-11-14,1172.00000000,quantile_80,1296.00000000,0.00000000,124.00000000,124.00000000,1172.00000000
15036,2011-11-21,237.00000000,quantile_80,823.00000000,0.00000000,586.00000000,586.00000000,237.00000000
16014,2011-11-21,514.00000000,quantile_80,214.00000000,300.00000000,0.00000000,1200.00000000,214.00000000
17003,2011-11-21,474.00000000,quantile_80,1508.00000000,0.00000000,1034.00000000,1034.00000000,474.00000000
20725,2011-11-21,256.00000000,quantile_80,490.00000000,0.00000000,234.00000000,234.00000000,256.00000000
20727,2011-11-21,248.00000000,quantile_80,240.00000000,8.00000000,0.00000000,32.00000000,240.00000000
21080,2011-11-21,246.00000000,quantile_80,302.00000000,0.00000000,56.00000000,56.00000000,246.00000000
21212,2011-11-21,269.00000000,quantile_80,1052.00000000,0.00000000,783.00000000,783.00000000,269.00000000
21213,2011-11-21,64.00000000,quantile_80,372.00000000,0.00000000,308.00000000,308.00000000,64.00000000
21232,2011-11-21,165.00000000,quantile_80,340.00000000,0.00000000,175.00000000,175.00000000,165.00000000
21498,2011-11-21,225.00000000,quantile_80,357.00000000,0.00000000,132.00000000,132.00000000,225.00000000
21915,2011-11-21,22.00000000,quantile_80,629.00000000,0.00000000,607.00000000,607.00000000,22.00000000
21928,2011-11-21,71.00000000,quantile_80,309.00000000,0.00000000,238.00000000,238.00000000,71.00000000
21929,2011-11-21,53.00000000,quantile_80,280.00000000,0.00000000,227.00000000,227.00000000,53.00000000
21931,2011-11-21,209.00000000,quantile_80,342.00000000,0.00000000,133.00000000,133.00000000,209.00000000
21975,2011-11-21,236.00000000,quantile_80,249.00000000,0.00000000,13.00000000,13.00000000,236.00000000
21977,2011-11-21,365.00000000,quantile_80,652.00000000,0.00000000,287.00000000,287.00000000,365.00000000
21980,2011-11-21,43.00000000,quantile_80,168.00000000,0.00000000,125.00000000,125.00000000,43.00000000
21981,2011-11-21,29.00000000,quantile_80,148.00000000,0.00000000,119.00000000,119.00000000,29.00000000
21982,2011-11-21,96.00000000,quantile_80,379.00000000,0.00000000,283.00000000,283.00000000,96.00000000
21984,2011-11-21,55.00000000,quantile_80,126.00000000,0.00000000,71.00000000,71.00000000,55.00000000
21985,2011-11-21,88.00000000,quantile_80,193.00000000,0.00000000,105.00000000,105.00000000,88.00000000
22086,2011-11-21,1659.00000000,quantile_80,1360.00000000,299.00000000,0.00000000,1196.00000000,1360.00000000
22151,2011-11-21,262.00000000,quantile_80,316.00000000,0.00000000,54.00000000,54.00000000,262.00000000
22178,2011-11-21,342.00000000,quantile_80,872.00000000,0.00000000,530.00000000,530.00000000,342.00000000
22197,2011-11-21,2855.00000000,quantile_80,1568.00000000,1287.00000000,0.00000000,5148.00000000,1568.00000000
22355,2011-11-21,661.00000000,quantile_80,541.00000000,120.00000000,0.00000000,480.00000000,541.00000000
22386,2011-11-21,253.00000000,quantile_80,556.00000000,0.00000000,303.00000000,303.00000000,253.00000000
22411,2011-11-21,355.00000000,quantile_80,319.00000000,36.00000000,0.00000000,144.00000000,319.00000000
22423,2011-11-21,184.00000000,quantile_80,319.00000000,0.00000000,135.00000000,135.00000000,184.00000000
22469,2011-11-21,213.00000000,quantile_80,595.00000000,0.00000000,382.00000000,382.00000000,213.00000000
22492,2011-11-21,366.00000000,quantile_80,478.00000000,0.00000000,112.00000000,112.00000000,366.00000000
22616,2011-11-21,64.00000000,quantile_80,928.00000000,0.00000000,864.00000000,864.00000000,64.00000000
71459,2011-11-21,60.00000000,quantile_80,428.00000000,0.00000000,368.00000000,368.00000000,60.00000000
72741,2011-11-21,276.00000000,quantile_80,278.00000000,0.00000000,2.00000000,2.00000000,276.00000000
84077,2011-11-21,867.00000000,quantile_80,1894.00000000,0.00000000,1027.00000000,1027.00000000,867.00000000
84212,2011-11-21,30.00000000,quantile_80,222.00000000,0.00000000,192.00000000,192.00000000,30.00000000
84270,2011-11-21,0.00000000,quantile_80,25.00000000,0.00000000,25.00000000,25.00000000,0.00000000
84347,2011-11-21,1144.00000000,quantile_80,951.00000000,193.00000000,0.00000000,772.00000000,951.00000000
84568,2011-11-21,362.00000000,quantile_80,594.00000000,0.00000000,232.00000000,232.00000000,362.00000000
84598,2011-11-21,21.00000000,quantile_80,259.00000000,0.00000000,238.00000000,238.00000000,21.00000000
84755,2011-11-21,348.00000000,quantile_80,252.00000000,96.00000000,0.00000000,384.00000000,252.00000000
84879,2011-11-21,946.00000000,quantile_80,1062.00000000,0.00000000,116.00000000,116.00000000,946.00000000
84946,2011-11-21,541.00000000,quantile_80,794.00000000,0.00000000,253.00000000,253.00000000,541.00000000
84970S,2011-11-21,203.00000000,quantile_80,323.00000000,0.00000000,120.00000000,120.00000000,203.00000000
84991,2011-11-21,333.00000000,quantile_80,371.00000000,0.00000000,38.00000000,38.00000000,333.00000000
84992,2011-11-21,55.00000000,quantile_80,344.00000000,0.00000000,289.00000000,289.00000000,55.00000000
85099B,2011-11-21,727.00000000,quantile_80,1485.00000000,0.00000000,758.00000000,758.00000000,727.00000000
85099C,2011-11-21,203.00000000,quantile_80,416.00000000,0.00000000,213.00000000,213.00000000,203.00000000
85099F,2011-11-21,42.00000000,quantile_80,462.00000000,0.00000000,420.00000000,420.00000000,42.00000000
85123A,2011-11-21,557.00000000,quantile_80,1358.00000000,0.00000000,801.00000000,801.00000000,557.00000000
15036,2011-11-28,143.00000000,quantile_80,637.00000000,0.00000000,494.00000000,494.00000000,143.00000000
16014,2011-11-28,11.00000000,quantile_80,179.00000000,0.00000000,168.00000000,168.00000000,11.00000000
17003,2011-11-28,130.00000000,quantile_80,865.00000000,0.00000000,735.00000000,735.00000000,130.00000000
20725,2011-11-28,321.00000000,quantile_80,423.00000000,0.00000000,102.00000000,102.00000000,321.00000000
20727,2011-11-28,281.00000000,quantile_80,262.00000000,19.00000000,0.00000000,76.00000000,262.00000000
21080,2011-11-28,106.00000000,quantile_80,304.00000000,0.00000000,198.00000000,198.00000000,106.00000000
21212,2011-11-28,426.00000000,quantile_80,937.00000000,0.00000000,511.00000000,511.00000000,426.00000000
21213,2011-11-28,186.00000000,quantile_80,242.00000000,0.00000000,56.00000000,56.00000000,186.00000000
21232,2011-11-28,379.00000000,quantile_80,345.00000000,34.00000000,0.00000000,136.00000000,345.00000000
21498,2011-11-28,250.00000000,quantile_80,326.00000000,0.00000000,76.00000000,76.00000000,250.00000000
21915,2011-11-28,1120.00000000,quantile_80,832.00000000,288.00000000,0.00000000,1152.00000000,832.00000000
21928,2011-11-28,215.00000000,quantile_80,262.00000000,0.00000000,47.00000000,47.00000000,215.00000000
21929,2011-11-28,107.00000000,quantile_80,210.00000000,0.00000000,103.00000000,103.00000000,107.00000000
21931,2011-11-28,257.00000000,quantile_80,375.00000000,0.00000000,118.00000000,118.00000000,257.00000000
21975,2011-11-28,100.00000000,quantile_80,221.00000000,0.00000000,121.00000000,121.00000000,100.00000000
21977,2011-11-28,239.00000000,quantile_80,542.00000000,0.00000000,303.00000000,303.00000000,239.00000000
21980,2011-11-28,30.00000000,quantile_80,100.00000000,0.00000000,70.00000000,70.00000000,30.00000000
21981,2011-11-28,13.00000000,quantile_80,141.00000000,0.00000000,128.00000000,128.00000000,13.00000000
21982,2011-11-28,27.00000000,quantile_80,288.00000000,0.00000000,261.00000000,261.00000000,27.00000000
21984,2011-11-28,14.00000000,quantile_80,127.00000000,0.00000000,113.00000000,113.00000000,14.00000000
21985,2011-11-28,105.00000000,quantile_80,175.00000000,0.00000000,70.00000000,70.00000000,105.00000000
22086,2011-11-28,1516.00000000,quantile_80,1441.00000000,75.00000000,0.00000000,300.00000000,1441.00000000
22151,2011-11-28,239.00000000,quantile_80,333.00000000,0.00000000,94.00000000,94.00000000,239.00000000
22178,2011-11-28,749.00000000,quantile_80,620.00000000,129.00000000,0.00000000,516.00000000,620.00000000
22197,2011-11-28,3159.00000000,quantile_80,1128.00000000,2031.00000000,0.00000000,8124.00000000,1128.00000000
22355,2011-11-28,692.00000000,quantile_80,573.00000000,119.00000000,0.00000000,476.00000000,573.00000000
22386,2011-11-28,416.00000000,quantile_80,531.00000000,0.00000000,115.00000000,115.00000000,416.00000000
22411,2011-11-28,340.00000000,quantile_80,280.00000000,60.00000000,0.00000000,240.00000000,280.00000000
22423,2011-11-28,197.00000000,quantile_80,348.00000000,0.00000000,151.00000000,151.00000000,197.00000000
22469,2011-11-28,809.00000000,quantile_80,515.00000000,294.00000000,0.00000000,1176.00000000,515.00000000
22492,2011-11-28,229.00000000,quantile_80,489.00000000,0.00000000,260.00000000,260.00000000,229.00000000
22616,2011-11-28,636.00000000,quantile_80,827.00000000,0.00000000,191.00000000,191.00000000,636.00000000
71459,2011-11-28,124.00000000,quantile_80,306.00000000,0.00000000,182.00000000,182.00000000,124.00000000
72741,2011-11-28,237.00000000,quantile_80,297.00000000,0.00000000,60.00000000,60.00000000,237.00000000
84077,2011-11-28,689.00000000,quantile_80,1294.00000000,0.00000000,605.00000000,605.00000000,689.00000000
84212,2011-11-28,480.00000000,quantile_80,263.00000000,217.00000000,0.00000000,868.00000000,263.00000000
84270,2011-11-28,0.00000000,quantile_80,1.00000000,0.00000000,1.00000000,1.00000000,0.00000000
84347,2011-11-28,686.00000000,quantile_80,952.00000000,0.00000000,266.00000000,266.00000000,686.00000000
84568,2011-11-28,354.00000000,quantile_80,425.00000000,0.00000000,71.00000000,71.00000000,354.00000000
84598,2011-11-28,41.00000000,quantile_80,250.00000000,0.00000000,209.00000000,209.00000000,41.00000000
84755,2011-11-28,40.00000000,quantile_80,375.00000000,0.00000000,335.00000000,335.00000000,40.00000000
84879,2011-11-28,953.00000000,quantile_80,948.00000000,5.00000000,0.00000000,20.00000000,948.00000000
84946,2011-11-28,489.00000000,quantile_80,750.00000000,0.00000000,261.00000000,261.00000000,489.00000000
84970S,2011-11-28,265.00000000,quantile_80,318.00000000,0.00000000,53.00000000,53.00000000,265.00000000
84991,2011-11-28,112.00000000,quantile_80,358.00000000,0.00000000,246.00000000,246.00000000,112.00000000
84992,2011-11-28,161.00000000,quantile_80,283.00000000,0.00000000,122.00000000,122.00000000,161.00000000
85099B,2011-11-28,1009.00000000,quantile_80,1365.00000000,0.00000000,356.00000000,356.00000000,1009.00000000
85099C,2011-11-28,384.00000000,quantile_80,341.00000000,43.00000000,0.00000000,172.00000000,341.00000000
85099F,2011-11-28,426.00000000,quantile_80,323.00000000,103.00000000,0.00000000,412.00000000,323.00000000
85123A,2011-11-28,654.00000000,quantile_80,1227.00000000,0.00000000,573.00000000,573.00000000,654.00000000
