sku,week,units
15036,2009-12-07,91.0
15036,2009-12-14,63.0
15036,2009-12-21,103.0
15036,2009-12-28,0.0
15036,2010-01-04,192.0
15036,2010-01-11,30.0
15036,2010-01-18,118.0
15036,2010-01-25,59.0
15036,2010-02-01,36.0
15036,2010-02-08,98.0
15036,2010-02-15,214.0
15036,2010-02-22,103.0
15036,2010-03-01,194.0
15036,2010-03-08,104.0
15036,2010-03-15,711.0
15036,2010-03-22,117.0
15036,2010-03-29,785.0
15036,2010-04-05,184.0
15036,2010-04-12,96.0
15036,2010-04-19,195.0
15036,2010-04-26,832.0
15036,2010-05-03,228.0
15036,2010-05-10,1179.0
15036,2010-05-17,74.0
15036,2010-05-24,882.0
15036,2010-05-31,404.0
15036,2010-06-07,1094.0
15036,2010-06-14,196.0
15036,2010-06-21,1559.0
15036,2010-06-28,1309.0
15036,2010-07-05,343.0
15036,2010-07-12,553.0
15036,2010-07-19,1784.0
15036,2010-07-26,112.0
15036,2010-08-02,168.0
15036,2010-08-09,77.0
15036,2010-08-16,0.0
15036,2010-08-23,18.0
15036,2010-08-30,26.0
15036,2010-09-06,2.0
15036,2010-09-13,3.0
15036,2010-09-20,21.0
15036,2010-09-27,23.0
15036,2010-10-04,0.0
15036,2010-10-11,831.0
15036,2010-10-18,160.0
15036,2010-10-25,1398.0
15036,2010-11-01,205.0
15036,2010-11-08,130.0
15036,2010-11-15,331.0
15036,2010-11-22,903.0
15036,2010-11-29,130.0
15036,2010-12-06,21.0
15036,2010-12-13,35.0
15036,2010-12-20,18.0
15036,2010-12-27,0.0
15036,2011-01-03,18.0
15036,2011-01-10,159.0
15036,2011-01-17,39.0
15036,2011-01-24,112.0
15036,2011-01-31,1901.0
15036,2011-02-07,68.0
15036,2011-02-14,762.0
15036,2011-02-21,128.0
15036,2011-02-28,91.0
15036,2011-03-07,369.0
15036,2011-03-14,1330.0
15036,2011-03-21,99.0
15036,2011-03-28,1229.0
15036,2011-04-04,111.0
15036,2011-04-11,864.0
15036,2011-04-18,174.0
15036,2011-04-25,793.0
15036,2011-05-02,972.0
15036,2011-05-09,898.0
15036,2011-05-16,1031.0
15036,2011-05-23,397.0
15036,2011-05-30,193.0
15036,2011-06-06,1562.0
15036,2011-06-13,973.0
15036,2011-06-20,145.0
15036,2011-06-27,131.0
15036,2011-07-04,1938.0
15036,2011-07-11,328.0
15036,2011-07-18,510.0
15036,2011-07-25,638.0
15036,2011-08-01,223.0
15036,2011-08-08,268.0
15036,2011-08-15,60.0
15036,2011-08-22,60.0
15036,2011-08-29,157.0
15036,2011-09-05,155.0
15036,2011-09-12,52.0
15036,2011-09-19,93.0
15036,2011-09-26,30.0
15036,2011-10-03,721.0
15036,2011-10-10,224.0
15036,2011-10-17,122.0
15036,2011-10-24,101.0
15036,2011-10-31,83.0
15036,2011-11-07,107.0
15036,2011-11-14,104.0
15036,2011-11-21,237.0
15036,2011-11-28,143.0
16014,2009-12-07,1510.0
16014,2009-12-14,3010.0
16014,2009-12-21,0.0
16014,2009-12-28,0.0
16014,2010-01-04,0.0
16014,2010-01-11,10.0
16014,2010-01-18,10.0
16014,2010-01-25,0.0
16014,2010-02-01,20.0
16014,2010-02-08,10.0
16014,2010-02-15,1.0
16014,2010-02-22,3.0
16014,2010-03-01,0.0
16014,2010-03-08,0.0
16014,2010-03-15,1010.0
16014,2010-03-22,0.0
16014,2010-03-29,60.0
16014,2010-04-05,0.0
16014,2010-04-12,10.0
16014,2010-04-19,50.0
16014,2010-04-26,0.0
16014,2010-05-03,0.0
16014,2010-05-10,0.0
16014,2010-05-17,0.0
16014,2010-05-24,0.0
16014,2010-05-31,0.0
16014,2010-06-07,1000.0
16014,2010-06-14,2005.0
16014,2010-06-21,1000.0
16014,2010-06-28,0.0
16014,2010-07-05,1.0
16014,2010-07-12,0.0
16014,2010-07-19,500.0
16014,2010-07-26,60.0
16014,2010-08-02,10.0
16014,2010-08-09,20.0
16014,2010-08-16,0.0
16014,2010-08-23,1010.0
16014,2010-08-30,0.0
16014,2010-09-06,0.0
16014,2010-09-13,500.0
16014,2010-09-20,0.0
16014,2010-09-27,0.0
16014,2010-10-04,0.0
16014,2010-10-11,20.0
16014,2010-10-18,40.0
16014,2010-10-25,4100.0
16014,2010-11-01,10.0
16014,2010-11-08,6.0
16014,2010-11-15,0.0
16014,2010-11-22,0.0
16014,2010-11-29,14.0
16014,2010-12-06,1001.0
16014,2010-12-13,14.0
16014,2010-12-20,0.0
16014,2010-12-27,0.0
16014,2011-01-03,0.0
16014,2011-01-10,0.0
16014,2011-01-17,0.0
16014,2011-01-24,10.0
16014,2011-01-31,0.0
16014,2011-02-07,0.0
16014,2011-02-14,1500.0
16014,2011-02-21,1.0
16014,2011-02-28,0.0
16014,2011-03-07,0.0
16014,2011-03-14,60.0
16014,2011-03-21,1000.0
16014,2011-03-28,0.0
16014,2011-04-04,0.0
16014,2011-04-11,10.0
16014,2011-04-18,3.0
16014,2011-04-25,10.0
16014,2011-05-02,2601.0
16014,2011-05-09,110.0
16014,2011-05-16,0.0
16014,2011-05-23,0.0
16014,2011-05-30,0.0
16014,2011-06-06,20.0
16014,2011-06-13,12.0
16014,2011-06-20,0.0
16014,2011-06-27,0.0
16014,2011-07-04,20.0
16014,2011-07-11,0.0
16014,2011-07-18,0.0
16014,2011-07-25,0.0
16014,2011-08-01,0.0
16014,2011-08-08,10.0
16014,2011-08-15,1.0
16014,2011-08-22,2034.0
16014,2011-08-29,0.0
16014,2011-09-05,1000.0
16014,2011-09-12,0.0
16014,2011-09-19,0.0
16014,2011-09-26,1.0
16014,2011-10-03,0.0
16014,2011-10-10,20.0
16014,2011-10-17,20.0
16014,2011-10-24,0.0
16014,2011-10-31,3021.0
16014,2011-11-07,10.0
16014,2011-11-14,0.0
16014,2011-11-21,514.0
16014,2011-11-28,11.0
17003,2009-12-07,192.0
17003,2009-12-14,425.0
17003,2009-12-21,1.0
17003,2009-12-28,0.0
17003,2010-01-04,2.0
17003,2010-01-11,758.0
17003,2010-01-18,51.0
17003,2010-01-25,150.0
17003,2010-02-01,806.0
17003,2010-02-08,151.0
17003,2010-02-15,829.0
17003,2010-02-22,109.0
17003,2010-03-01,184.0
17003,2010-03-08,21.0
17003,2010-03-15,792.0
17003,2010-03-22,0.0
17003,2010-03-29,0.0
17003,2010-04-05,61.0
17003,2010-04-12,0.0
17003,2010-04-19,119.0
17003,2010-04-26,721.0
17003,2010-05-03,828.0
17003,2010-05-10,2342.0
17003,2010-05-17,62.0
17003,2010-05-24,738.0
17003,2010-05-31,43.0
17003,2010-06-07,1289.0
17003,2010-06-14,309.0
17003,2010-06-21,987.0
17003,2010-06-28,758.0
17003,2010-07-05,194.0
17003,2010-07-12,6.0
17003,2010-07-19,775.0
17003,2010-07-26,180.0
17003,2010-08-02,216.0
17003,2010-08-09,36.0
17003,2010-08-16,828.0
17003,2010-08-23,828.0
17003,2010-08-30,11138.0
17003,2010-09-06,1590.0
17003,2010-09-13,74.0
17003,2010-09-20,922.0
17003,2010-09-27,149.0
17003,2010-10-04,5632.0
17003,2010-10-11,925.0
17003,2010-10-18,150.0
17003,2010-10-25,36.0
17003,2010-11-01,6780.0
17003,2010-11-08,548.0
17003,2010-11-15,1522.0
17003,2010-11-22,1757.0
17003,2010-11-29,798.0
17003,2010-12-06,227.0
17003,2010-12-13,90.0
17003,2010-12-20,0.0
17003,2010-12-27,0.0
17003,2011-01-03,864.0
17003,2011-01-10,8.0
17003,2011-01-17,831.0
17003,2011-01-24,1440.0
17003,2011-01-31,110.0
17003,2011-02-07,0.0
17003,2011-02-14,254.0
17003,2011-02-21,0.0
17003,2011-02-28,144.0
17003,2011-03-07,252.0
17003,2011-03-14,2196.0
17003,2011-03-21,48.0
17003,2011-03-28,769.0
17003,2011-04-04,146.0
17003,2011-04-11,73.0
17003,2011-04-18,11.0
17003,2011-04-25,267.0
17003,2011-05-02,78.0
17003,2011-05-09,510.0
17003,2011-05-16,792.0
17003,2011-05-23,793.0
17003,2011-05-30,324.0
17003,2011-06-06,913.0
17003,2011-06-13,837.0
17003,2011-06-20,864.0
17003,2011-06-27,88.0
17003,2011-07-04,318.0
17003,2011-07-11,1012.0
17003,2011-07-18,289.0
17003,2011-07-25,149.0
17003,2011-08-01,110.0
17003,2011-08-08,144.0
17003,2011-08-15,78.0
17003,2011-08-22,940.0
17003,2011-08-29,291.0
17003,2011-09-05,180.0
17003,2011-09-12,109.0
17003,2011-09-19,857.0
17003,2011-09-26,895.0
17003,2011-10-03,376.0
17003,2011-10-10,72.0
17003,2011-10-17,204.0
17003,2011-10-24,1684.0
17003,2011-10-31,100.0
17003,2011-11-07,109.0
17003,2011-11-14,315.0
17003,2011-11-21,474.0
17003,2011-11-28,130.0
20725,2009-12-07,314.0
20725,2009-12-14,236.0
20725,2009-12-21,11.0
20725,2009-12-28,0.0
20725,2010-01-04,284.0
20725,2010-01-11,170.0
20725,2010-01-18,417.0
20725,2010-01-25,274.0
20725,2010-02-01,186.0
20725,2010-02-08,181.0
20725,2010-02-15,332.0
20725,2010-02-22,262.0
20725,2010-03-01,274.0
20725,2010-03-08,327.0
20725,2010-03-15,375.0
20725,2010-03-22,156.0
20725,2010-03-29,325.0
20725,2010-04-05,286.0
20725,2010-04-12,355.0
20725,2010-04-19,267.0
20725,2010-04-26,303.0
20725,2010-05-03,441.0
20725,2010-05-10,487.0
20725,2010-05-17,255.0
20725,2010-05-24,654.0
20725,2010-05-31,259.0
20725,2010-06-07,368.0
20725,2010-06-14,229.0
20725,2010-06-21,451.0
20725,2010-06-28,356.0
20725,2010-07-05,181.0
20725,2010-07-12,525.0
20725,2010-07-19,466.0
20725,2010-07-26,431.0
20725,2010-08-02,654.0
20725,2010-08-09,585.0
20725,2010-08-16,780.0
20725,2010-08-23,320.0
20725,2010-08-30,315.0
20725,2010-09-06,293.0
20725,2010-09-13,134.0
20725,2010-09-20,475.0
20725,2010-09-27,307.0
20725,2010-10-04,220.0
20725,2010-10-11,514.0
20725,2010-10-18,129.0
20725,2010-10-25,195.0
20725,2010-11-01,409.0
20725,2010-11-08,253.0
20725,2010-11-15,526.0
20725,2010-11-22,287.0
20725,2010-11-29,203.0
20725,2010-12-06,232.0
20725,2010-12-13,177.0
20725,2010-12-20,44.0
20725,2010-12-27,0.0
20725,2011-01-03,418.0
20725,2011-01-10,282.0
20725,2011-01-17,128.0
20725,2011-01-24,161.0
20725,2011-01-31,347.0
20725,2011-02-07,155.0
20725,2011-02-14,249.0
20725,2011-02-21,259.0
20725,2011-02-28,155.0
20725,2011-03-07,98.0
20725,2011-03-14,267.0
20725,2011-03-21,336.0
20725,2011-03-28,517.0
20725,2011-04-04,187.0
20725,2011-04-11,275.0
20725,2011-04-18,318.0
20725,2011-04-25,154.0
20725,2011-05-02,219.0
20725,2011-05-09,470.0
20725,2011-05-16,335.0
20725,2011-05-23,424.0
20725,2011-05-30,170.0
20725,2011-06-06,564.0
20725,2011-06-13,185.0
20725,2011-06-20,218.0
20725,2011-06-27,183.0
20725,2011-07-04,293.0
20725,2011-07-11,201.0
20725,2011-07-18,415.0
20725,2011-07-25,345.0
20725,2011-08-01,582.0
20725,2011-08-08,575.0
20725,2011-08-15,372.0
20725,2011-08-22,281.0
20725,2011-08-29,191.0
20725,2011-09-05,303.0
20725,2011-09-12,299.0
20725,2011-09-19,211.0
20725,2011-09-26,228.0
20725,2011-10-03,278.0
20725,2011-10-10,373.0
20725,2011-10-17,146.0
20725,2011-10-24,234.0
20725,2011-10-31,223.0
20725,2011-11-07,526.0
20725,2011-11-14,448.0
20725,2011-11-21,256.0
20725,2011-11-28,321.0
20727,2009-12-07,142.0
20727,2009-12-14,257.0
20727,2009-12-21,21.0
20727,2009-12-28,0.0
20727,2010-01-04,145.0
20727,2010-01-11,146.0
20727,2010-01-18,170.0
20727,2010-01-25,214.0
20727,2010-02-01,101.0
20727,2010-02-08,179.0
20727,2010-02-15,240.0
20727,2010-02-22,200.0
20727,2010-03-01,77.0
20727,2010-03-08,167.0
20727,2010-03-15,293.0
20727,2010-03-22,122.0
20727,2010-03-29,119.0
20727,2010-04-05,344.0
20727,2010-04-12,174.0
20727,2010-04-19,210.0
20727,2010-04-26,317.0
20727,2010-05-03,401.0
20727,2010-05-10,308.0
20727,2010-05-17,276.0
20727,2010-05-24,163.0
20727,2010-05-31,86.0
20727,2010-06-07,2762.0
20727,2010-06-14,151.0
20727,2010-06-21,123.0
20727,2010-06-28,244.0
20727,2010-07-05,68.0
20727,2010-07-12,152.0
20727,2010-07-19,359.0
20727,2010-07-26,301.0
20727,2010-08-02,324.0
20727,2010-08-09,361.0
20727,2010-08-16,279.0
20727,2010-08-23,248.0
20727,2010-08-30,206.0
20727,2010-09-06,162.0
20727,2010-09-13,167.0
20727,2010-09-20,203.0
20727,2010-09-27,130.0
20727,2010-10-04,222.0
20727,2010-10-11,261.0
20727,2010-10-18,143.0
20727,2010-10-25,109.0
20727,2010-11-01,236.0
20727,2010-11-08,288.0
20727,2010-11-15,131.0
20727,2010-11-22,147.0
20727,2010-11-29,379.0
20727,2010-12-06,154.0
20727,2010-12-13,88.0
20727,2010-12-20,25.0
20727,2010-12-27,0.0
20727,2011-01-03,151.0
20727,2011-01-10,161.0
20727,2011-01-17,77.0
20727,2011-01-24,178.0
20727,2011-01-31,103.0
20727,2011-02-07,77.0
20727,2011-02-14,106.0
20727,2011-02-21,180.0
20727,2011-02-28,168.0
20727,2011-03-07,170.0
20727,2011-03-14,113.0
20727,2011-03-21,163.0
20727,2011-03-28,287.0
20727,2011-04-04,62.0
20727,2011-04-11,147.0
20727,2011-04-18,87.0
20727,2011-04-25,134.0
20727,2011-05-02,272.0
20727,2011-05-09,338.0
20727,2011-05-16,212.0
20727,2011-05-23,127.0
20727,2011-05-30,208.0
20727,2011-06-06,180.0
20727,2011-06-13,229.0
20727,2011-06-20,345.0
20727,2011-06-27,171.0
20727,2011-07-04,339.0
20727,2011-07-11,234.0
20727,2011-07-18,255.0
20727,2011-07-25,316.0
20727,2011-08-01,359.0
20727,2011-08-08,306.0
20727,2011-08-15,245.0
20727,2011-08-22,383.0
20727,2011-08-29,187.0
20727,2011-09-05,227.0
20727,2011-09-12,302.0
20727,2011-09-19,312.0
20727,2011-09-26,205.0
20727,2011-10-03,208.0
20727,2011-10-10,336.0
20727,2011-10-17,138.0
20727,2011-10-24,132.0
20727,2011-10-31,108.0
20727,2011-11-07,244.0
20727,2011-11-14,364.0
20727,2011-11-21,248.0
20727,2011-11-28,281.0
21080,2009-12-07,207.0
21080,2009-12-14,219.0
21080,2009-12-21,6.0
21080,2009-12-28,0.0
21080,2010-01-04,354.0
21080,2010-01-11,424.0
21080,2010-01-18,119.0
21080,2010-01-25,129.0
21080,2010-02-01,46.0
21080,2010-02-08,135.0
21080,2010-02-15,259.0
21080,2010-02-22,219.0
21080,2010-03-01,403.0
21080,2010-03-08,817.0
21080,2010-03-15,531.0
21080,2010-03-22,353.0
21080,2010-03-29,102.0
21080,2010-04-05,118.0
21080,2010-04-12,141.0
21080,2010-04-19,285.0
21080,2010-04-26,1337.0
21080,2010-05-03,366.0
21080,2010-05-10,219.0
21080,2010-05-17,291.0
21080,2010-05-24,749.0
21080,2010-05-31,157.0
21080,2010-06-07,410.0
21080,2010-06-14,411.0
21080,2010-06-21,198.0
21080,2010-06-28,1023.0
21080,2010-07-05,332.0
21080,2010-07-12,464.0
21080,2010-07-19,340.0
21080,2010-07-26,117.0
21080,2010-08-02,102.0
21080,2010-08-09,206.0
21080,2010-08-16,149.0
21080,2010-08-23,192.0
21080,2010-08-30,173.0
21080,2010-09-06,188.0
21080,2010-09-13,213.0
21080,2010-09-20,288.0
21080,2010-09-27,341.0
21080,2010-10-04,183.0
21080,2010-10-11,275.0
21080,2010-10-18,130.0
21080,2010-10-25,97.0
21080,2010-11-01,436.0
21080,2010-11-08,72.0
21080,2010-11-15,351.0
21080,2010-11-22,214.0
21080,2010-11-29,419.0
21080,2010-12-06,298.0
21080,2010-12-13,52.0
21080,2010-12-20,19.0
21080,2010-12-27,0.0
21080,2011-01-03,228.0
21080,2011-01-10,110.0
21080,2011-01-17,228.0
21080,2011-01-24,103.0
21080,2011-01-31,293.0
21080,2011-02-07,175.0
21080,2011-02-14,146.0
21080,2011-02-21,62.0
21080,2011-02-28,246.0
21080,2011-03-07,76.0
21080,2011-03-14,608.0
21080,2011-03-21,149.0
21080,2011-03-28,490.0
21080,2011-04-04,158.0
21080,2011-04-11,448.0
21080,2011-04-18,141.0
21080,2011-04-25,149.0
21080,2011-05-02,140.0
21080,2011-05-09,140.0
21080,2011-05-16,291.0
21080,2011-05-23,354.0
21080,2011-05-30,53.0
21080,2011-06-06,287.0
21080,2011-06-13,216.0
21080,2011-06-20,254.0
21080,2011-06-27,75.0
21080,2011-07-04,210.0
21080,2011-07-11,68.0
21080,2011-07-18,98.0
21080,2011-07-25,157.0
21080,2011-08-01,276.0
21080,2011-08-08,89.0
21080,2011-08-15,114.0
21080,2011-08-22,186.0
21080,2011-08-29,134.0
21080,2011-09-05,186.0
21080,2011-09-12,168.0
21080,2011-09-19,210.0
21080,2011-09-26,151.0
21080,2011-10-03,92.0
21080,2011-10-10,47.0
21080,2011-10-17,156.0
21080,2011-10-24,88.0
21080,2011-10-31,98.0
21080,2011-11-07,195.0
21080,2011-11-14,156.0
21080,2011-11-21,246.0
21080,2011-11-28,106.0
21212,2009-12-07,1073.0
21212,2009-12-14,1567.0
21212,2009-12-21,524.0
21212,2009-12-28,0.0
21212,2010-01-04,207.0
21212,2010-01-11,433.0
21212,2010-01-18,915.0
21212,2010-01-25,773.0
21212,2010-02-01,708.0
21212,2010-02-08,713.0
21212,2010-02-15,857.0
21212,2010-02-22,1459.0
21212,2010-03-01,954.0
21212,2010-03-08,473.0
21212,2010-03-15,1253.0
21212,2010-03-22,664.0
21212,2010-03-29,559.0
21212,2010-04-05,1604.0
21212,2010-04-12,460.0
21212,2010-04-19,671.0
21212,2010-04-26,1400.0
21212,2010-05-03,694.0
21212,2010-05-10,791.0
21212,2010-05-17,843.0
21212,2010-05-24,1399.0
21212,2010-05-31,524.0
21212,2010-06-07,1288.0
21212,2010-06-14,285.0
21212,2010-06-21,411.0
21212,2010-06-28,1113.0
21212,2010-07-05,825.0
21212,2010-07-12,631.0
21212,2010-07-19,905.0
21212,2010-07-26,768.0
21212,2010-08-02,305.0
21212,2010-08-09,1827.0
21212,2010-08-16,1305.0
21212,2010-08-23,325.0
21212,2010-08-30,905.0
21212,2010-09-06,351.0
21212,2010-09-13,526.0
21212,2010-09-20,870.0
21212,2010-09-27,1056.0
21212,2010-10-04,2083.0
21212,2010-10-11,1177.0
21212,2010-10-18,1166.0
21212,2010-10-25,348.0
21212,2010-11-01,951.0
21212,2010-11-08,794.0
21212,2010-11-15,1494.0
21212,2010-11-22,1043.0
21212,2010-11-29,1167.0
21212,2010-12-06,1008.0
21212,2010-12-13,424.0
21212,2010-12-20,1027.0
21212,2010-12-27,0.0
21212,2011-01-03,252.0
21212,2011-01-10,330.0
21212,2011-01-17,145.0
21212,2011-01-24,531.0
21212,2011-01-31,486.0
21212,2011-02-07,299.0
21212,2011-02-14,334.0
21212,2011-02-21,550.0
21212,2011-02-28,521.0
21212,2011-03-07,525.0
21212,2011-03-14,799.0
21212,2011-03-21,383.0
21212,2011-03-28,497.0
21212,2011-04-04,595.0
21212,2011-04-11,550.0
21212,2011-04-18,1349.0
21212,2011-04-25,243.0
21212,2011-05-02,427.0
21212,2011-05-09,349.0
21212,2011-05-16,526.0
21212,2011-05-23,288.0
21212,2011-05-30,199.0
21212,2011-06-06,427.0
21212,2011-06-13,424.0
21212,2011-06-20,109.0
21212,2011-06-27,123.0
21212,2011-07-04,1072.0
21212,2011-07-11,205.0
21212,2011-07-18,311.0
21212,2011-07-25,531.0
21212,2011-08-01,301.0
21212,2011-08-08,263.0
21212,2011-08-15,1554.0
21212,2011-08-22,243.0
21212,2011-08-29,410.0
21212,2011-09-05,352.0
21212,2011-09-12,931.0
21212,2011-09-19,404.0
21212,2011-09-26,311.0
21212,2011-10-03,405.0
21212,2011-10-10,163.0
21212,2011-10-17,143.0
21212,2011-10-24,449.0
21212,2011-10-31,777.0
21212,2011-11-07,326.0
21212,2011-11-14,396.0
21212,2011-11-21,269.0
21212,2011-11-28,426.0
21213,2009-12-07,170.0
21213,2009-12-14,361.0
21213,2009-12-21,485.0
21213,2009-12-28,0.0
21213,2010-01-04,207.0
21213,2010-01-11,380.0
21213,2010-01-18,568.0
21213,2010-01-25,150.0
21213,2010-02-01,177.0
21213,2010-02-08,463.0
21213,2010-02-15,337.0
21213,2010-02-22,165.0
21213,2010-03-01,869.0
21213,2010-03-08,236.0
21213,2010-03-15,782.0
21213,2010-03-22,151.0
21213,2010-03-29,143.0
21213,2010-04-05,636.0
21213,2010-04-12,291.0
21213,2010-04-19,222.0
21213,2010-04-26,354.0
21213,2010-05-03,237.0
21213,2010-05-10,293.0
21213,2010-05-17,577.0
21213,2010-05-24,549.0
21213,2010-05-31,47.0
21213,2010-06-07,381.0
21213,2010-06-14,378.0
21213,2010-06-21,208.0
21213,2010-06-28,484.0
21213,2010-07-05,307.0
21213,2010-07-12,79.0
21213,2010-07-19,175.0
21213,2010-07-26,567.0
21213,2010-08-02,101.0
21213,2010-08-09,1230.0
21213,2010-08-16,1155.0
21213,2010-08-23,134.0
21213,2010-08-30,437.0
21213,2010-09-06,147.0
21213,2010-09-13,1046.0
21213,2010-09-20,602.0
21213,2010-09-27,260.0
21213,2010-10-04,1823.0
21213,2010-10-11,478.0
21213,2010-10-18,514.0
21213,2010-10-25,630.0
21213,2010-11-01,556.0
21213,2010-11-08,185.0
21213,2010-11-15,673.0
21213,2010-11-22,569.0
21213,2010-11-29,161.0
21213,2010-12-06,214.0
21213,2010-12-13,131.0
21213,2010-12-20,513.0
21213,2010-12-27,0.0
21213,2011-01-03,127.0
21213,2011-01-10,132.0
21213,2011-01-17,79.0
21213,2011-01-24,184.0
21213,2011-01-31,195.0
21213,2011-02-07,38.0
21213,2011-02-14,179.0
21213,2011-02-21,184.0
21213,2011-02-28,292.0
21213,2011-03-07,128.0
21213,2011-03-14,100.0
21213,2011-03-21,160.0
21213,2011-03-28,204.0
21213,2011-04-04,184.0
21213,2011-04-11,339.0
21213,2011-04-18,1023.0
21213,2011-04-25,152.0
21213,2011-05-02,265.0
21213,2011-05-09,104.0
21213,2011-05-16,34.0
21213,2011-05-23,146.0
21213,2011-05-30,252.0
21213,2011-06-06,130.0
21213,2011-06-13,239.0
21213,2011-06-20,235.0
21213,2011-06-27,101.0
21213,2011-07-04,537.0
21213,2011-07-11,206.0
21213,2011-07-18,160.0
21213,2011-07-25,207.0
21213,2011-08-01,121.0
21213,2011-08-08,64.0
21213,2011-08-15,804.0
21213,2011-08-22,159.0
21213,2011-08-29,195.0
21213,2011-09-05,775.0
21213,2011-09-12,865.0
21213,2011-09-19,251.0
21213,2011-09-26,194.0
21213,2011-10-03,202.0
21213,2011-10-10,125.0
21213,2011-10-17,336.0
21213,2011-10-24,361.0
21213,2011-10-31,131.0
21213,2011-11-07,111.0
21213,2011-11-14,163.0
21213,2011-11-21,64.0
21213,2011-11-28,186.0
21232,2009-12-07,987.0
21232,2009-12-14,1240.0
21232,2009-12-21,23.0
21232,2009-12-28,0.0
21232,2010-01-04,737.0
21232,2010-01-11,366.0
21232,2010-01-18,453.0
21232,2010-01-25,424.0
21232,2010-02-01,377.0
21232,2010-02-08,288.0
21232,2010-02-15,171.0
21232,2010-02-22,530.0
21232,2010-03-01,724.0
21232,2010-03-08,361.0
21232,2010-03-15,597.0
21232,2010-03-22,296.0
21232,2010-03-29,283.0
21232,2010-04-05,213.0
21232,2010-04-12,204.0
21232,2010-04-19,453.0
21232,2010-04-26,382.0
21232,2010-05-03,634.0
21232,2010-05-10,684.0
21232,2010-05-17,216.0
21232,2010-05-24,515.0
21232,2010-05-31,184.0
21232,2010-06-07,465.0
21232,2010-06-14,620.0
21232,2010-06-21,413.0
21232,2010-06-28,502.0
21232,2010-07-05,418.0
21232,2010-07-12,664.0
21232,2010-07-19,419.0
21232,2010-07-26,431.0
21232,2010-08-02,231.0
21232,2010-08-09,427.0
21232,2010-08-16,366.0
21232,2010-08-23,343.0
21232,2010-08-30,312.0
21232,2010-09-06,347.0
21232,2010-09-13,391.0
21232,2010-09-20,466.0
21232,2010-09-27,409.0
21232,2010-10-04,966.0
21232,2010-10-11,410.0
21232,2010-10-18,439.0
21232,2010-10-25,439.0
21232,2010-11-01,520.0
21232,2010-11-08,958.0
21232,2010-11-15,359.0
21232,2010-11-22,512.0
21232,2010-11-29,878.0
21232,2010-12-06,377.0
21232,2010-12-13,310.0
21232,2010-12-20,47.0
21232,2010-12-27,0.0
21232,2011-01-03,124.0
21232,2011-01-10,28.0
21232,2011-01-17,124.0
21232,2011-01-24,158.0
21232,2011-01-31,154.0
21232,2011-02-07,101.0
21232,2011-02-14,110.0
21232,2011-02-21,439.0
21232,2011-02-28,306.0
21232,2011-03-07,304.0
21232,2011-03-14,74.0
21232,2011-03-21,271.0
21232,2011-03-28,248.0
21232,2011-04-04,128.0
21232,2011-04-11,142.0
21232,2011-04-18,139.0
21232,2011-04-25,214.0
21232,2011-05-02,238.0
21232,2011-05-09,136.0
21232,2011-05-16,233.0
21232,2011-05-23,126.0
21232,2011-05-30,110.0
21232,2011-06-06,171.0
21232,2011-06-13,74.0
21232,2011-06-20,109.0
21232,2011-06-27,104.0
21232,2011-07-04,65.0
21232,2011-07-11,121.0
21232,2011-07-18,141.0
21232,2011-07-25,95.0
21232,2011-08-01,141.0
21232,2011-08-08,119.0
21232,2011-08-15,76.0
21232,2011-08-22,101.0
21232,2011-08-29,74.0
21232,2011-09-05,287.0
21232,2011-09-12,133.0
21232,2011-09-19,207.0
21232,2011-09-26,214.0
21232,2011-10-03,67.0
21232,2011-10-10,370.0
21232,2011-10-17,139.0
21232,2011-10-24,137.0
21232,2011-10-31,201.0
21232,2011-11-07,134.0
21232,2011-11-14,732.0
21232,2011-11-21,165.0
21232,2011-11-28,379.0
21498,2009-12-07,475.0
21498,2009-12-14,175.0
21498,2009-12-21,100.0
21498,2009-12-28,0.0
21498,2010-01-04,300.0
21498,2010-01-11,200.0
21498,2010-01-18,150.0
21498,2010-01-25,400.0
21498,2010-02-01,475.0
21498,2010-02-08,125.0
21498,2010-02-15,450.0
21498,2010-02-22,250.0
21498,2010-03-01,200.0
21498,2010-03-08,250.0
21498,2010-03-15,150.0
21498,2010-03-22,125.0
21498,2010-03-29,125.0
21498,2010-04-05,425.0
21498,2010-04-12,125.0
21498,2010-04-19,350.0
21498,2010-04-26,275.0
21498,2010-05-03,50.0
21498,2010-05-10,150.0
21498,2010-05-17,225.0
21498,2010-05-24,225.0
21498,2010-05-31,150.0
21498,2010-06-07,225.0
21498,2010-06-14,450.0
21498,2010-06-21,125.0
21498,2010-06-28,225.0
21498,2010-07-05,725.0
21498,2010-07-12,350.0
21498,2010-07-19,525.0
21498,2010-07-26,125.0
21498,2010-08-02,400.0
21498,2010-08-09,225.0
21498,2010-08-16,150.0
21498,2010-08-23,25.0
21498,2010-08-30,75.0
21498,2010-09-06,650.0
21498,2010-09-13,325.0
21498,2010-09-20,300.0
21498,2010-09-27,225.0
21498,2010-10-04,425.0
21498,2010-10-11,400.0
21498,2010-10-18,375.0
21498,2010-10-25,325.0
21498,2010-11-01,100.0
21498,2010-11-08,475.0
21498,2010-11-15,400.0
21498,2010-11-22,500.0
21498,2010-11-29,400.0
21498,2010-12-06,125.0
21498,2010-12-13,100.0
21498,2010-12-20,0.0
21498,2010-12-27,0.0
21498,2011-01-03,175.0
21498,2011-01-10,175.0
21498,2011-01-17,150.0
21498,2011-01-24,250.0
21498,2011-01-31,175.0
21498,2011-02-07,75.0
21498,2011-02-14,116.0
21498,2011-02-21,175.0
21498,2011-02-28,425.0
21498,2011-03-07,50.0
21498,2011-03-14,60.0
21498,2011-03-21,75.0
21498,2011-03-28,175.0
21498,2011-04-04,100.0
21498,2011-04-11,150.0
21498,2011-04-18,25.0
21498,2011-04-25,50.0
21498,2011-05-02,750.0
21498,2011-05-09,100.0
21498,2011-05-16,75.0
21498,2011-05-23,225.0
21498,2011-05-30,150.0
21498,2011-06-06,200.0
21498,2011-06-13,175.0
21498,2011-06-20,275.0
21498,2011-06-27,150.0
21498,2011-07-04,150.0
21498,2011-07-11,200.0
21498,2011-07-18,250.0
21498,2011-07-25,100.0
21498,2011-08-01,200.0
21498,2011-08-08,100.0
21498,2011-08-15,75.0
21498,2011-08-22,100.0
21498,2011-08-29,50.0
21498,2011-09-05,275.0
21498,2011-09-12,125.0
21498,2011-09-19,175.0
21498,2011-09-26,275.0
21498,2011-10-03,125.0
21498,2011-10-10,150.0
21498,2011-10-17,100.0
21498,2011-10-24,325.0
21498,2011-10-31,325.0
21498,2011-11-07,200.0
21498,2011-11-14,250.0
21498,2011-11-21,225.0
21498,2011-11-28,250.0
21915,2009-12-07,0.0
21915,2009-12-14,0.0
21915,2009-12-21,0.0
21915,2009-12-28,0.0
21915,2010-01-04,0.0
21915,2010-01-11,0.0
21915,2010-01-18,0.0
21915,2010-01-25,0.0
21915,2010-02-01,0.0
21915,2010-02-08,0.0
21915,2010-02-15,0.0
21915,2010-02-22,0.0
21915,2010-03-01,0.0
21915,2010-03-08,0.0
21915,2010-03-15,36.0
21915,2010-03-22,115.0
21915,2010-03-29,885.0
21915,2010-04-05,350.0
21915,2010-04-12,70.0
21915,2010-04-19,50.0
21915,2010-04-26,547.0
21915,2010-05-03,38.0
21915,2010-05-10,893.0
21915,2010-05-17,37.0
21915,2010-05-24,110.0
21915,2010-05-31,89.0
21915,2010-06-07,328.0
21915,2010-06-14,61.0
21915,2010-06-21,50.0
21915,2010-06-28,198.0
21915,2010-07-05,79.0
21915,2010-07-12,120.0
21915,2010-07-19,324.0
21915,2010-07-26,126.0
21915,2010-08-02,1228.0
21915,2010-08-09,80.0
21915,2010-08-16,39.0
21915,2010-08-23,207.0
21915,2010-08-30,689.0
21915,2010-09-06,145.0
21915,2010-09-13,91.0
21915,2010-09-20,452.0
21915,2010-09-27,454.0
21915,2010-10-04,1233.0
21915,2010-10-11,365.0
21915,2010-10-18,3.0
21915,2010-10-25,3.0
21915,2010-11-01,1979.0
21915,2010-11-08,3.0
21915,2010-11-15,336.0
21915,2010-11-22,516.0
21915,2010-11-29,1676.0
21915,2010-12-06,202.0
21915,2010-12-13,302.0
21915,2010-12-20,13.0
21915,2010-12-27,0.0
21915,2011-01-03,21.0
21915,2011-01-10,36.0
21915,2011-01-17,68.0
21915,2011-01-24,72.0
21915,2011-01-31,472.0
21915,2011-02-07,25.0
21915,2011-02-14,15.0
21915,2011-02-21,101.0
21915,2011-02-28,352.0
21915,2011-03-07,319.0
21915,2011-03-14,144.0
21915,2011-03-21,108.0
21915,2011-03-28,682.0
21915,2011-04-04,83.0
21915,2011-04-11,96.0
21915,2011-04-18,125.0
21915,2011-04-25,364.0
21915,2011-05-02,92.0
21915,2011-05-09,124.0
21915,2011-05-16,252.0
21915,2011-05-23,61.0
21915,2011-05-30,293.0
21915,2011-06-06,72.0
21915,2011-06-13,158.0
21915,2011-06-20,278.0
21915,2011-06-27,126.0
21915,2011-07-04,49.0
21915,2011-07-11,151.0
21915,2011-07-18,75.0
21915,2011-07-25,162.0
21915,2011-08-01,357.0
21915,2011-08-08,833.0
21915,2011-08-15,96.0
21915,2011-08-22,354.0
21915,2011-08-29,889.0
21915,2011-09-05,130.0
21915,2011-09-12,223.0
21915,2011-09-19,197.0
21915,2011-09-26,192.0
21915,2011-10-03,1771.0
21915,2011-10-10,180.0
21915,2011-10-17,487.0
21915,2011-10-24,217.0
21915,2011-10-31,2640.0
21915,2011-11-07,661.0
21915,2011-11-14,351.0
21915,2011-11-21,22.0
21915,2011-11-28,1120.0
21928,2009-12-07,360.0
21928,2009-12-14,92.0
21928,2009-12-21,1.0
21928,2009-12-28,0.0
21928,2010-01-04,189.0
21928,2010-01-11,512.0
21928,2010-01-18,145.0
21928,2010-01-25,144.0
21928,2010-02-01,83.0
21928,2010-02-08,127.0
21928,2010-02-15,367.0
21928,2010-02-22,147.0
21928,2010-03-01,160.0
21928,2010-03-08,136.0
21928,2010-03-15,146.0
21928,2010-03-22,524.0
21928,2010-03-29,185.0
21928,2010-04-05,67.0
21928,2010-04-12,144.0
21928,2010-04-19,345.0
21928,2010-04-26,387.0
21928,2010-05-03,86.0
21928,2010-05-10,261.0
21928,2010-05-17,14.0
21928,2010-05-24,0.0
21928,2010-05-31,0.0
21928,2010-06-07,1.0
21928,2010-06-14,15.0
21928,2010-06-21,405.0
21928,2010-06-28,448.0
21928,2010-07-05,341.0
21928,2010-07-12,399.0
21928,2010-07-19,620.0
21928,2010-07-26,104.0
21928,2010-08-02,209.0
21928,2010-08-09,438.0
21928,2010-08-16,369.0
21928,2010-08-23,241.0
21928,2010-08-30,720.0
21928,2010-09-06,312.0
21928,2010-09-13,111.0
21928,2010-09-20,390.0
21928,2010-09-27,325.0
21928,2010-10-04,434.0
21928,2010-10-11,430.0
21928,2010-10-18,54.0
21928,2010-10-25,111.0
21928,2010-11-01,276.0
21928,2010-11-08,463.0
21928,2010-11-15,233.0
21928,2010-11-22,93.0
21928,2010-11-29,284.0
21928,2010-12-06,363.0
21928,2010-12-13,123.0
21928,2010-12-20,19.0
21928,2010-12-27,0.0
21928,2011-01-03,151.0
21928,2011-01-10,59.0
21928,2011-01-17,204.0
21928,2011-01-24,95.0
21928,2011-01-31,182.0
21928,2011-02-07,89.0
21928,2011-02-14,337.0
21928,2011-02-21,95.0
21928,2011-02-28,33.0
21928,2011-03-07,149.0
21928,2011-03-14,735.0
21928,2011-03-21,294.0
21928,2011-03-28,386.0
21928,2011-04-04,80.0
21928,2011-04-11,68.0
21928,2011-04-18,271.0
21928,2011-04-25,205.0
21928,2011-05-02,138.0
21928,2011-05-09,139.0
21928,2011-05-16,355.0
21928,2011-05-23,183.0
21928,2011-05-30,131.0
21928,2011-06-06,164.0
21928,2011-06-13,57.0
21928,2011-06-20,362.0
21928,2011-06-27,52.0
21928,2011-07-04,94.0
21928,2011-07-11,30.0
21928,2011-07-18,131.0
21928,2011-07-25,245.0
21928,2011-08-01,171.0
21928,2011-08-08,134.0
21928,2011-08-15,258.0
21928,2011-08-22,325.0
21928,2011-08-29,185.0
21928,2011-09-05,126.0
21928,2011-09-12,202.0
21928,2011-09-19,221.0
21928,2011-09-26,349.0
21928,2011-10-03,156.0
21928,2011-10-10,79.0
21928,2011-10-17,173.0
21928,2011-10-24,125.0
21928,2011-10-31,207.0
21928,2011-11-07,313.0
21928,2011-11-14,99.0
21928,2011-11-21,71.0
21928,2011-11-28,215.0
21929,2009-12-07,258.0
21929,2009-12-14,228.0
21929,2009-12-21,2.0
21929,2009-12-28,0.0
21929,2010-01-04,126.0
21929,2010-01-11,443.0
21929,2010-01-18,46.0
21929,2010-01-25,118.0
21929,2010-02-01,77.0
21929,2010-02-08,125.0
21929,2010-02-15,376.0
21929,2010-02-22,389.0
21929,2010-03-01,392.0
21929,2010-03-08,62.0
21929,2010-03-15,294.0
21929,2010-03-22,301.0
21929,2010-03-29,53.0
21929,2010-04-05,138.0
21929,2010-04-12,265.0
21929,2010-04-19,151.0
21929,2010-04-26,1.0
21929,2010-05-03,0.0
21929,2010-05-10,0.0
21929,2010-05-17,0.0
21929,2010-05-24,0.0
21929,2010-05-31,0.0
21929,2010-06-07,788.0
21929,2010-06-14,98.0
21929,2010-06-21,391.0
21929,2010-06-28,442.0
21929,2010-07-05,336.0
21929,2010-07-12,503.0
21929,2010-07-19,501.0
21929,2010-07-26,464.0
21929,2010-08-02,142.0
21929,2010-08-09,529.0
21929,2010-08-16,665.0
21929,2010-08-23,251.0
21929,2010-08-30,1057.0
21929,2010-09-06,302.0
21929,2010-09-13,163.0
21929,2010-09-20,71.0
21929,2010-09-27,329.0
21929,2010-10-04,290.0
21929,2010-10-11,406.0
21929,2010-10-18,166.0
21929,2010-10-25,122.0
21929,2010-11-01,246.0
21929,2010-11-08,180.0
21929,2010-11-15,213.0
21929,2010-11-22,108.0
21929,2010-11-29,207.0
21929,2010-12-06,197.0
21929,2010-12-13,183.0
21929,2010-12-20,13.0
21929,2010-12-27,0.0
21929,2011-01-03,410.0
21929,2011-01-10,72.0
21929,2011-01-17,41.0
21929,2011-01-24,181.0
21929,2011-01-31,235.0
21929,2011-02-07,89.0
21929,2011-02-14,240.0
21929,2011-02-21,106.0
21929,2011-02-28,186.0
21929,2011-03-07,322.0
21929,2011-03-14,498.0
21929,2011-03-21,420.0
21929,2011-03-28,463.0
21929,2011-04-04,94.0
21929,2011-04-11,105.0
21929,2011-04-18,43.0
21929,2011-04-25,108.0
21929,2011-05-02,124.0
21929,2011-05-09,145.0
21929,2011-05-16,280.0
21929,2011-05-23,312.0
21929,2011-05-30,204.0
21929,2011-06-06,220.0
21929,2011-06-13,104.0
21929,2011-06-20,145.0
21929,2011-06-27,58.0
21929,2011-07-04,132.0
21929,2011-07-11,53.0
21929,2011-07-18,422.0
21929,2011-07-25,295.0
21929,2011-08-01,390.0
21929,2011-08-08,100.0
21929,2011-08-15,224.0
21929,2011-08-22,81.0
21929,2011-08-29,207.0
21929,2011-09-05,144.0
21929,2011-09-12,78.0
21929,2011-09-19,379.0
21929,2011-09-26,112.0
21929,2011-10-03,461.0
21929,2011-10-10,71.0
21929,2011-10-17,84.0
21929,2011-10-24,67.0
21929,2011-10-31,69.0
21929,2011-11-07,407.0
21929,2011-11-14,81.0
21929,2011-11-21,53.0
21929,2011-11-28,107.0
21931,2009-12-07,241.0
21931,2009-12-14,383.0
21931,2009-12-21,16.0
21931,2009-12-28,0.0
21931,2010-01-04,231.0
21931,2010-01-11,260.0
21931,2010-01-18,189.0
21931,2010-01-25,216.0
21931,2010-02-01,225.0
21931,2010-02-08,87.0
21931,2010-02-15,293.0
21931,2010-02-22,230.0
21931,2010-03-01,218.0
21931,2010-03-08,337.0
21931,2010-03-15,346.0
21931,2010-03-22,461.0
21931,2010-03-29,235.0
21931,2010-04-05,61.0
21931,2010-04-12,153.0
21931,2010-04-19,338.0
21931,2010-04-26,355.0
21931,2010-05-03,263.0
21931,2010-05-10,152.0
21931,2010-05-17,196.0
21931,2010-05-24,248.0
21931,2010-05-31,112.0
21931,2010-06-07,240.0
21931,2010-06-14,130.0
21931,2010-06-21,243.0
21931,2010-06-28,389.0
21931,2010-07-05,163.0
21931,2010-07-12,399.0
21931,2010-07-19,430.0
21931,2010-07-26,200.0
21931,2010-08-02,166.0
21931,2010-08-09,478.0
21931,2010-08-16,510.0
21931,2010-08-23,344.0
21931,2010-08-30,511.0
21931,2010-09-06,527.0
21931,2010-09-13,253.0
21931,2010-09-20,349.0
21931,2010-09-27,399.0
21931,2010-10-04,130.0
21931,2010-10-11,215.0
21931,2010-10-18,162.0
21931,2010-10-25,180.0
21931,2010-11-01,177.0
21931,2010-11-08,621.0
21931,2010-11-15,363.0
21931,2010-11-22,387.0
21931,2010-11-29,270.0
21931,2010-12-06,209.0
21931,2010-12-13,174.0
21931,2010-12-20,61.0
21931,2010-12-27,0.0
21931,2011-01-03,216.0
21931,2011-01-10,281.0
21931,2011-01-17,80.0
21931,2011-01-24,259.0
21931,2011-01-31,127.0
21931,2011-02-07,230.0
21931,2011-02-14,500.0
21931,2011-02-21,164.0
21931,2011-02-28,162.0
21931,2011-03-07,87.0
21931,2011-03-14,248.0
21931,2011-03-21,400.0
21931,2011-03-28,349.0
21931,2011-04-04,233.0
21931,2011-04-11,182.0
21931,2011-04-18,59.0
21931,2011-04-25,109.0
21931,2011-05-02,171.0
21931,2011-05-09,453.0
21931,2011-05-16,176.0
21931,2011-05-23,251.0
21931,2011-05-30,114.0
21931,2011-06-06,230.0
21931,2011-06-13,93.0
21931,2011-06-20,244.0
21931,2011-06-27,427.0
21931,2011-07-04,351.0
21931,2011-07-11,156.0
21931,2011-07-18,257.0
21931,2011-07-25,230.0
21931,2011-08-01,383.0
21931,2011-08-08,297.0
21931,2011-08-15,395.0
21931,2011-08-22,356.0
21931,2011-08-29,302.0
21931,2011-09-05,276.0
21931,2011-09-12,330.0
21931,2011-09-19,278.0
21931,2011-09-26,260.0
21931,2011-10-03,444.0
21931,2011-10-10,243.0
21931,2011-10-17,140.0
21931,2011-10-24,342.0
21931,2011-10-31,245.0
21931,2011-11-07,504.0
21931,2011-11-14,149.0
21931,2011-11-21,209.0
21931,2011-11-28,257.0
21975,2009-12-07,112.0
21975,2009-12-14,134.0
21975,2009-12-21,3.0
21975,2009-12-28,0.0
21975,2010-01-04,48.0
21975,2010-01-11,62.0
21975,2010-01-18,373.0
21975,2010-01-25,241.0
21975,2010-02-01,165.0
21975,2010-02-08,414.0
21975,2010-02-15,133.0
21975,2010-02-22,239.0
21975,2010-03-01,416.0
21975,2010-03-08,87.0
21975,2010-03-15,853.0
21975,2010-03-22,253.0
21975,2010-03-29,61.0
21975,2010-04-05,483.0
21975,2010-04-12,87.0
21975,2010-04-19,296.0
21975,2010-04-26,360.0
21975,2010-05-03,171.0
21975,2010-05-10,224.0
21975,2010-05-17,192.0
21975,2010-05-24,799.0
21975,2010-05-31,299.0
21975,2010-06-07,327.0
21975,2010-06-14,131.0
21975,2010-06-21,250.0
21975,2010-06-28,554.0
21975,2010-07-05,471.0
21975,2010-07-12,51.0
21975,2010-07-19,103.0
21975,2010-07-26,340.0
21975,2010-08-02,167.0
21975,2010-08-09,512.0
21975,2010-08-16,316.0
21975,2010-08-23,80.0
21975,2010-08-30,225.0
21975,2010-09-06,184.0
21975,2010-09-13,253.0
21975,2010-09-20,258.0
21975,2010-09-27,234.0
21975,2010-10-04,1137.0
21975,2010-10-11,253.0
21975,2010-10-18,286.0
21975,2010-10-25,82.0
21975,2010-11-01,491.0
21975,2010-11-08,122.0
21975,2010-11-15,468.0
21975,2010-11-22,90.0
21975,2010-11-29,117.0
21975,2010-12-06,42.0
21975,2010-12-13,33.0
21975,2010-12-20,480.0
21975,2010-12-27,0.0
21975,2011-01-03,51.0
21975,2011-01-10,140.0
21975,2011-01-17,76.0
21975,2011-01-24,93.0
21975,2011-01-31,101.0
21975,2011-02-07,174.0
21975,2011-02-14,123.0
21975,2011-02-21,221.0
21975,2011-02-28,100.0
21975,2011-03-07,199.0
21975,2011-03-14,58.0
21975,2011-03-21,237.0
21975,2011-03-28,168.0
21975,2011-04-04,89.0
21975,2011-04-11,82.0
21975,2011-04-18,777.0
21975,2011-04-25,37.0
21975,2011-05-02,132.0
21975,2011-05-09,220.0
21975,2011-05-16,35.0
21975,2011-05-23,113.0
21975,2011-05-30,134.0
21975,2011-06-06,142.0
21975,2011-06-13,357.0
21975,2011-06-20,68.0
21975,2011-06-27,62.0
21975,2011-07-04,797.0
21975,2011-07-11,180.0
21975,2011-07-18,180.0
21975,2011-07-25,134.0
21975,2011-08-01,227.0
21975,2011-08-08,89.0
21975,2011-08-15,848.0
21975,2011-08-22,92.0
21975,2011-08-29,56.0
21975,2011-09-05,383.0
21975,2011-09-12,799.0
21975,2011-09-19,310.0
21975,2011-09-26,136.0
21975,2011-10-03,107.0
21975,2011-10-10,19.0
21975,2011-10-17,103.0
21975,2011-10-24,38.0
21975,2011-10-31,102.0
21975,2011-11-07,125.0
21975,2011-11-14,149.0
21975,2011-11-21,236.0
21975,2011-11-28,100.0
21977,2009-12-07,390.0
21977,2009-12-14,193.0
21977,2009-12-21,6.0
21977,2009-12-28,0.0
21977,2010-01-04,150.0
21977,2010-01-11,192.0
21977,2010-01-18,416.0
21977,2010-01-25,368.0
21977,2010-02-01,201.0
21977,2010-02-08,540.0
21977,2010-02-15,406.0
21977,2010-02-22,907.0
21977,2010-03-01,748.0
21977,2010-03-08,189.0
21977,2010-03-15,622.0
21977,2010-03-22,582.0
21977,2010-03-29,136.0
21977,2010-04-05,491.0
21977,2010-04-12,481.0
21977,2010-04-19,541.0
21977,2010-04-26,986.0
21977,2010-05-03,398.0
21977,2010-05-10,341.0
21977,2010-05-17,511.0
21977,2010-05-24,995.0
21977,2010-05-31,246.0
21977,2010-06-07,706.0
21977,2010-06-14,174.0
21977,2010-06-21,410.0
21977,2010-06-28,1225.0
21977,2010-07-05,517.0
21977,2010-07-12,219.0
21977,2010-07-19,326.0
21977,2010-07-26,196.0
21977,2010-08-02,319.0
21977,2010-08-09,364.0
21977,2010-08-16,1120.0
21977,2010-08-23,1133.0
21977,2010-08-30,433.0
21977,2010-09-06,398.0
21977,2010-09-13,303.0
21977,2010-09-20,497.0
21977,2010-09-27,482.0
21977,2010-10-04,760.0
21977,2010-10-11,721.0
21977,2010-10-18,703.0
21977,2010-10-25,423.0
21977,2010-11-01,490.0
21977,2010-11-08,491.0
21977,2010-11-15,705.0
21977,2010-11-22,847.0
21977,2010-11-29,356.0
21977,2010-12-06,208.0
21977,2010-12-13,141.0
21977,2010-12-20,510.0
21977,2010-12-27,0.0
21977,2011-01-03,155.0
21977,2011-01-10,83.0
21977,2011-01-17,34.0
21977,2011-01-24,96.0
21977,2011-01-31,811.0
21977,2011-02-07,75.0
21977,2011-02-14,320.0
21977,2011-02-21,215.0
21977,2011-02-28,228.0
21977,2011-03-07,396.0
21977,2011-03-14,599.0
21977,2011-03-21,384.0
21977,2011-03-28,338.0
21977,2011-04-04,158.0
21977,2011-04-11,727.0
21977,2011-04-18,1249.0
21977,2011-04-25,183.0
21977,2011-05-02,291.0
21977,2011-05-09,448.0
21977,2011-05-16,149.0
21977,2011-05-23,2825.0
21977,2011-05-30,15.0
21977,2011-06-06,313.0
21977,2011-06-13,207.0
21977,2011-06-20,497.0
21977,2011-06-27,136.0
21977,2011-07-04,93.0
21977,2011-07-11,118.0
21977,2011-07-18,1331.0
21977,2011-07-25,406.0
21977,2011-08-01,223.0
21977,2011-08-08,224.0
21977,2011-08-15,806.0
21977,2011-08-22,828.0
21977,2011-08-29,203.0
21977,2011-09-05,520.0
21977,2011-09-12,718.0
21977,2011-09-19,326.0
21977,2011-09-26,189.0
21977,2011-10-03,829.0
21977,2011-10-10,150.0
21977,2011-10-17,112.0
21977,2011-10-24,97.0
21977,2011-10-31,61.0
21977,2011-11-07,152.0
21977,2011-11-14,127.0
21977,2011-11-21,365.0
21977,2011-11-28,239.0
21980,2009-12-07,380.0
21980,2009-12-14,189.0
21980,2009-12-21,433.0
21980,2009-12-28,0.0
21980,2010-01-04,168.0
21980,2010-01-11,56.0
21980,2010-01-18,2.0
21980,2010-01-25,72.0
21980,2010-02-01,209.0
21980,2010-02-08,123.0
21980,2010-02-15,305.0
21980,2010-02-22,350.0
21980,2010-03-01,252.0
21980,2010-03-08,266.0
21980,2010-03-15,136.0
21980,2010-03-22,10070.0
21980,2010-03-29,75.0
21980,2010-04-05,157.0
21980,2010-04-12,108.0
21980,2010-04-19,63.0
21980,2010-04-26,101.0
21980,2010-05-03,223.0
21980,2010-05-10,300.0
21980,2010-05-17,123.0
21980,2010-05-24,97.0
21980,2010-05-31,90.0
21980,2010-06-07,168.0
21980,2010-06-14,48.0
21980,2010-06-21,25.0
21980,2010-06-28,18.0
21980,2010-07-05,27.0
21980,2010-07-12,144.0
21980,2010-07-19,606.0
21980,2010-07-26,84.0
21980,2010-08-02,25.0
21980,2010-08-09,73.0
21980,2010-08-16,336.0
21980,2010-08-23,89.0
21980,2010-08-30,54.0
21980,2010-09-06,100.0
21980,2010-09-13,52.0
21980,2010-09-20,520.0
21980,2010-09-27,102.0
21980,2010-10-04,78.0
21980,2010-10-11,135.0
21980,2010-10-18,160.0
21980,2010-10-25,124.0
21980,2010-11-01,197.0
21980,2010-11-08,211.0
21980,2010-11-15,169.0
21980,2010-11-22,596.0
21980,2010-11-29,109.0
21980,2010-12-06,22.0
21980,2010-12-13,77.0
21980,2010-12-20,0.0
21980,2010-12-27,0.0
21980,2011-01-03,85.0
21980,2011-01-10,26.0
21980,2011-01-17,62.0
21980,2011-01-24,66.0
21980,2011-01-31,546.0
21980,2011-02-07,13.0
21980,2011-02-14,70.0
21980,2011-02-21,144.0
21980,2011-02-28,6.0
21980,2011-03-07,40.0
21980,2011-03-14,48.0
21980,2011-03-21,90.0
21980,2011-03-28,184.0
21980,2011-04-04,72.0
21980,2011-04-11,98.0
21980,2011-04-18,72.0
21980,2011-04-25,144.0
21980,2011-05-02,230.0
21980,2011-05-09,84.0
21980,2011-05-16,557.0
21980,2011-05-23,24.0
21980,2011-05-30,120.0
21980,2011-06-06,0.0
21980,2011-06-13,52.0
21980,2011-06-20,58.0
21980,2011-06-27,6.0
21980,2011-07-04,85.0
21980,2011-07-11,41.0
21980,2011-07-18,121.0
21980,2011-07-25,97.0
21980,2011-08-01,9.0
21980,2011-08-08,38.0
21980,2011-08-15,88.0
21980,2011-08-22,4.0
21980,2011-08-29,60.0
21980,2011-09-05,218.0
21980,2011-09-12,89.0
21980,2011-09-19,63.0
21980,2011-09-26,73.0
21980,2011-10-03,528.0
21980,2011-10-10,60.0
21980,2011-10-17,84.0
21980,2011-10-24,110.0
21980,2011-10-31,112.0
21980,2011-11-07,46.0
21980,2011-11-14,50.0
21980,2011-11-21,43.0
21980,2011-11-28,30.0
21981,2009-12-07,389.0
21981,2009-12-14,10.0
21981,2009-12-21,0.0
21981,2009-12-28,0.0
21981,2010-01-04,0.0
21981,2010-01-11,0.0
21981,2010-01-18,0.0
21981,2010-01-25,0.0
21981,2010-02-01,0.0
21981,2010-02-08,0.0
21981,2010-02-15,0.0
21981,2010-02-22,0.0
21981,2010-03-01,7.0
21981,2010-03-08,56.0
21981,2010-03-15,800.0
21981,2010-03-22,10264.0
21981,2010-03-29,17.0
21981,2010-04-05,159.0
21981,2010-04-12,96.0
21981,2010-04-19,75.0
21981,2010-04-26,161.0
21981,2010-05-03,104.0
21981,2010-05-10,101.0
21981,2010-05-17,50.0
21981,2010-05-24,61.0
21981,2010-05-31,292.0
21981,2010-06-07,163.0
21981,2010-06-14,4.0
21981,2010-06-21,121.0
21981,2010-06-28,4.0
21981,2010-07-05,17.0
21981,2010-07-12,0.0
21981,2010-07-19,60.0
21981,2010-07-26,147.0
21981,2010-08-02,50.0
21981,2010-08-09,28.0
21981,2010-08-16,295.0
21981,2010-08-23,123.0
21981,2010-08-30,86.0
21981,2010-09-06,82.0
21981,2010-09-13,25.0
21981,2010-09-20,62.0
21981,2010-09-27,59.0
21981,2010-10-04,149.0
21981,2010-10-11,31.0
21981,2010-10-18,24.0
21981,2010-10-25,0.0
21981,2010-11-01,81.0
21981,2010-11-08,74.0
21981,2010-11-15,155.0
21981,2010-11-22,124.0
21981,2010-11-29,157.0
21981,2010-12-06,24.0
21981,2010-12-13,22.0
21981,2010-12-20,0.0
21981,2010-12-27,0.0
21981,2011-01-03,36.0
21981,2011-01-10,12.0
21981,2011-01-17,36.0
21981,2011-01-24,24.0
21981,2011-01-31,5.0
21981,2011-02-07,432.0
21981,2011-02-14,49.0
21981,2011-02-21,36.0
21981,2011-02-28,18.0
21981,2011-03-07,534.0
21981,2011-03-14,48.0
21981,2011-03-21,72.0
21981,2011-03-28,39.0
21981,2011-04-04,96.0
21981,2011-04-11,6.0
21981,2011-04-18,5.0
21981,2011-04-25,168.0
21981,2011-05-02,489.0
21981,2011-05-09,55.0
21981,2011-05-16,13.0
21981,2011-05-23,37.0
21981,2011-05-30,2.0
21981,2011-06-06,1.0
21981,2011-06-13,24.0
21981,2011-06-20,12.0
21981,2011-06-27,25.0
21981,2011-07-04,25.0
21981,2011-07-11,40.0
21981,2011-07-18,77.0
21981,2011-07-25,37.0
21981,2011-08-01,40.0
21981,2011-08-08,12.0
21981,2011-08-15,60.0
21981,2011-08-22,26.0
21981,2011-08-29,30.0
21981,2011-09-05,135.0
21981,2011-09-12,51.0
21981,2011-09-19,76.0
21981,2011-09-26,44.0
21981,2011-10-03,5.0
21981,2011-10-10,16.0
21981,2011-10-17,20.0
21981,2011-10-24,53.0
21981,2011-10-31,96.0
21981,2011-11-07,45.0
21981,2011-11-14,34.0
21981,2011-11-21,29.0
21981,2011-11-28,13.0
21982,2009-12-07,9.0
21982,2009-12-14,2.0
21982,2009-12-21,0.0
21982,2009-12-28,0.0
21982,2010-01-04,0.0
21982,2010-01-11,0.0
21982,2010-01-18,0.0
21982,2010-01-25,0.0
21982,2010-02-01,0.0
21982,2010-02-08,0.0
21982,2010-02-15,0.0
21982,2010-02-22,0.0
21982,2010-03-01,0.0
21982,2010-03-08,62.0
21982,2010-03-15,160.0
21982,2010-03-22,11366.0
21982,2010-03-29,219.0
21982,2010-04-05,254.0
21982,2010-04-12,183.0
21982,2010-04-19,149.0
21982,2010-04-26,690.0
21982,2010-05-03,48.0
21982,2010-05-10,99.0
21982,2010-05-17,5246.0
21982,2010-05-24,159.0
21982,2010-05-31,74.0
21982,2010-06-07,252.0
21982,2010-06-14,87.0
21982,2010-06-21,241.0
21982,2010-06-28,508.0
21982,2010-07-05,206.0
21982,2010-07-12,12.0
21982,2010-07-19,179.0
21982,2010-07-26,99.0
21982,2010-08-02,1.0
21982,2010-08-09,29.0
21982,2010-08-16,277.0
21982,2010-08-23,127.0
21982,2010-08-30,100.0
21982,2010-09-06,75.0
21982,2010-09-13,86.0
21982,2010-09-20,155.0
21982,2010-09-27,90.0
21982,2010-10-04,163.0
21982,2010-10-11,191.0
21982,2010-10-18,654.0
21982,2010-10-25,70.0
21982,2010-11-01,139.0
21982,2010-11-08,356.0
21982,2010-11-15,293.0
21982,2010-11-22,1004.0
21982,2010-11-29,212.0
21982,2010-12-06,116.0
21982,2010-12-13,44.0
21982,2010-12-20,51.0
21982,2010-12-27,0.0
21982,2011-01-03,205.0
21982,2011-01-10,15.0
21982,2011-01-17,16.0
21982,2011-01-24,54.0
21982,2011-01-31,2.0
21982,2011-02-07,1297.0
21982,2011-02-14,43.0
21982,2011-02-21,84.0
21982,2011-02-28,37.0
21982,2011-03-07,37.0
21982,2011-03-14,99.0
21982,2011-03-21,102.0
21982,2011-03-28,196.0
21982,2011-04-04,516.0
21982,2011-04-11,66.0
21982,2011-04-18,26.0
21982,2011-04-25,144.0
21982,2011-05-02,84.0
21982,2011-05-09,93.0
21982,2011-05-16,555.0
21982,2011-05-23,24.0
21982,2011-05-30,79.0
21982,2011-06-06,30.0
21982,2011-06-13,52.0
21982,2011-06-20,10.0
21982,2011-06-27,12.0
21982,2011-07-04,24.0
21982,2011-07-11,7.0
21982,2011-07-18,153.0
21982,2011-07-25,62.0
21982,2011-08-01,83.0
21982,2011-08-08,53.0
21982,2011-08-15,79.0
21982,2011-08-22,113.0
21982,2011-08-29,28.0
21982,2011-09-05,186.0
21982,2011-09-12,92.0
21982,2011-09-19,62.0
21982,2011-09-26,35.0
21982,2011-10-03,8.0
21982,2011-10-10,112.0
21982,2011-10-17,41.0
21982,2011-10-24,107.0
21982,2011-10-31,613.0
21982,2011-11-07,71.0
21982,2011-11-14,166.0
21982,2011-11-21,96.0
21982,2011-11-28,27.0
21984,2009-12-07,132.0
21984,2009-12-14,135.0
21984,2009-12-21,0.0
21984,2009-12-28,0.0
21984,2010-01-04,156.0
21984,2010-01-11,1.0
21984,2010-01-18,48.0
21984,2010-01-25,60.0
21984,2010-02-01,12.0
21984,2010-02-08,12.0
21984,2010-02-15,50.0
21984,2010-02-22,0.0
21984,2010-03-01,4.0
21984,2010-03-08,52.0
21984,2010-03-15,122.0
21984,2010-03-22,11061.0
21984,2010-03-29,97.0
21984,2010-04-05,108.0
21984,2010-04-12,228.0
21984,2010-04-19,445.0
21984,2010-04-26,953.0
21984,2010-05-03,49.0
21984,2010-05-10,494.0
21984,2010-05-17,124.0
21984,2010-05-24,26.0
21984,2010-05-31,4.0
21984,2010-06-07,132.0
21984,2010-06-14,48.0
21984,2010-06-21,72.0
21984,2010-06-28,28.0
21984,2010-07-05,36.0
21984,2010-07-12,0.0
21984,2010-07-19,168.0
21984,2010-07-26,112.0
21984,2010-08-02,13.0
21984,2010-08-09,101.0
21984,2010-08-16,74.0
21984,2010-08-23,28.0
21984,2010-08-30,50.0
21984,2010-09-06,16.0
21984,2010-09-13,37.0
21984,2010-09-20,487.0
21984,2010-09-27,78.0
21984,2010-10-04,168.0
21984,2010-10-11,154.0
21984,2010-10-18,18.0
21984,2010-10-25,6.0
21984,2010-11-01,16.0
21984,2010-11-08,205.0
21984,2010-11-15,110.0
21984,2010-11-22,62.0
21984,2010-11-29,44.0
21984,2010-12-06,16.0
21984,2010-12-13,95.0
21984,2010-12-20,5.0
21984,2010-12-27,0.0
21984,2011-01-03,24.0
21984,2011-01-10,16.0
21984,2011-01-17,3.0
21984,2011-01-24,4.0
21984,2011-01-31,487.0
21984,2011-02-07,22.0
21984,2011-02-14,54.0
21984,2011-02-21,25.0
21984,2011-02-28,24.0
21984,2011-03-07,12.0
21984,2011-03-14,24.0
21984,2011-03-21,28.0
21984,2011-03-28,51.0
21984,2011-04-04,36.0
21984,2011-04-11,0.0
21984,2011-04-18,25.0
21984,2011-04-25,24.0
21984,2011-05-02,50.0
21984,2011-05-09,48.0
21984,2011-05-16,1.0
21984,2011-05-23,72.0
21984,2011-05-30,1.0
21984,2011-06-06,12.0
21984,2011-06-13,88.0
21984,2011-06-20,18.0
21984,2011-06-27,36.0
21984,2011-07-04,80.0
21984,2011-07-11,26.0
21984,2011-07-18,31.0
21984,2011-07-25,37.0
21984,2011-08-01,28.0
21984,2011-08-08,60.0
21984,2011-08-15,62.0
21984,2011-08-22,54.0
21984,2011-08-29,39.0
21984,2011-09-05,74.0
21984,2011-09-12,90.0
21984,2011-09-19,62.0
21984,2011-09-26,78.0
21984,2011-10-03,76.0
21984,2011-10-10,85.0
21984,2011-10-17,2.0
21984,2011-10-24,38.0
21984,2011-10-31,51.0
21984,2011-11-07,24.0
21984,2011-11-14,12.0
21984,2011-11-21,55.0
21984,2011-11-28,14.0
21985,2009-12-07,127.0
21985,2009-12-14,250.0
21985,2009-12-21,434.0
21985,2009-12-28,0.0
21985,2010-01-04,447.0
21985,2010-01-11,429.0
21985,2010-01-18,444.0
21985,2010-01-25,741.0
21985,2010-02-01,749.0
21985,2010-02-08,217.0
21985,2010-02-15,287.0
21985,2010-02-22,132.0
21985,2010-03-01,128.0
21985,2010-03-08,158.0
21985,2010-03-15,34.0
21985,2010-03-22,1037.0
21985,2010-03-29,25.0
21985,2010-04-05,89.0
21985,2010-04-12,133.0
21985,2010-04-19,146.0
21985,2010-04-26,126.0
21985,2010-05-03,162.0
21985,2010-05-10,127.0
21985,2010-05-17,5007.0
21985,2010-05-24,266.0
21985,2010-05-31,76.0
21985,2010-06-07,104.0
21985,2010-06-14,30.0
21985,2010-06-21,152.0
21985,2010-06-28,14.0
21985,2010-07-05,29.0
21985,2010-07-12,73.0
21985,2010-07-19,204.0
21985,2010-07-26,122.0
21985,2010-08-02,46.0
21985,2010-08-09,77.0
21985,2010-08-16,417.0
21985,2010-08-23,135.0
21985,2010-08-30,68.0
21985,2010-09-06,61.0
21985,2010-09-13,186.0
21985,2010-09-20,91.0
21985,2010-09-27,85.0
21985,2010-10-04,338.0
21985,2010-10-11,70.0
21985,2010-10-18,162.0
21985,2010-10-25,95.0
21985,2010-11-01,180.0
21985,2010-11-08,164.0
21985,2010-11-15,158.0
21985,2010-11-22,164.0
21985,2010-11-29,61.0
21985,2010-12-06,67.0
21985,2010-12-13,128.0
21985,2010-12-20,52.0
21985,2010-12-27,0.0
21985,2011-01-03,312.0
21985,2011-01-10,260.0
21985,2011-01-17,265.0
21985,2011-01-24,417.0
21985,2011-01-31,244.0
21985,2011-02-07,1332.0
21985,2011-02-14,1.0
21985,2011-02-21,110.0
21985,2011-02-28,129.0
21985,2011-03-07,73.0
21985,2011-03-14,88.0
21985,2011-03-21,133.0
21985,2011-03-28,139.0
21985,2011-04-04,38.0
21985,2011-04-11,36.0
21985,2011-04-18,84.0
21985,2011-04-25,276.0
21985,2011-05-02,141.0
21985,2011-05-09,58.0
21985,2011-05-16,148.0
21985,2011-05-23,15.0
21985,2011-05-30,81.0
21985,2011-06-06,84.0
21985,2011-06-13,72.0
21985,2011-06-20,86.0
21985,2011-06-27,445.0
21985,2011-07-04,31.0
21985,2011-07-11,149.0
21985,2011-07-18,142.0
21985,2011-07-25,15.0
21985,2011-08-01,317.0
21985,2011-08-08,63.0
21985,2011-08-15,170.0
21985,2011-08-22,151.0
21985,2011-08-29,87.0
21985,2011-09-05,98.0
21985,2011-09-12,616.0
21985,2011-09-19,102.0
21985,2011-09-26,111.0
21985,2011-10-03,182.0
21985,2011-10-10,114.0
21985,2011-10-17,49.0
21985,2011-10-24,55.0
21985,2011-10-31,135.0
21985,2011-11-07,29.0
21985,2011-11-14,128.0
21985,2011-11-21,88.0
21985,2011-11-28,105.0
22086,2009-12-07,663.0
22086,2009-12-14,571.0
22086,2009-12-21,69.0
22086,2009-12-28,0.0
22086,2010-01-04,0.0
22086,2010-01-11,14.0
22086,2010-01-18,3.0
22086,2010-01-25,0.0
22086,2010-02-01,0.0
22086,2010-02-08,0.0
22086,2010-02-15,0.0
22086,2010-02-22,0.0
22086,2010-03-01,3.0
22086,2010-03-08,0.0
22086,2010-03-15,12.0
22086,2010-03-22,0.0
22086,2010-03-29,2.0
22086,2010-04-05,0.0
22086,2010-04-12,0.0
22086,2010-04-19,1.0
22086,2010-04-26,0.0
22086,2010-05-03,40.0
22086,2010-05-10,6.0
22086,2010-05-17,6.0
22086,2010-05-24,0.0
22086,2010-05-31,4.0
22086,2010-06-07,3.0
22086,2010-06-14,20.0
22086,2010-06-21,305.0
22086,2010-06-28,2.0
22086,2010-07-05,14.0
22086,2010-07-12,2.0
22086,2010-07-19,10.0
22086,2010-07-26,128.0
22086,2010-08-02,136.0
22086,2010-08-09,74.0
22086,2010-08-16,19.0
22086,2010-08-23,27.0
22086,2010-08-30,3.0
22086,2010-09-06,12.0
22086,2010-09-13,344.0
22086,2010-09-20,359.0
22086,2010-09-27,494.0
22086,2010-10-04,1516.0
22086,2010-10-11,528.0
22086,2010-10-18,400.0
22086,2010-10-25,454.0
22086,2010-11-01,1519.0
22086,2010-11-08,1656.0
22086,2010-11-15,1772.0
22086,2010-11-22,1744.0
22086,2010-11-29,1138.0
22086,2010-12-06,1047.0
22086,2010-12-13,597.0
22086,2010-12-20,125.0
22086,2010-12-27,0.0
22086,2011-01-03,16.0
22086,2011-01-10,6.0
22086,2011-01-17,2.0
22086,2011-01-24,0.0
22086,2011-01-31,0.0
22086,2011-02-07,0.0
22086,2011-02-14,2.0
22086,2011-02-21,2.0
22086,2011-02-28,45.0
22086,2011-03-07,1.0
22086,2011-03-14,0.0
22086,2011-03-21,42.0
22086,2011-03-28,3.0
22086,2011-04-04,8.0
22086,2011-04-11,0.0
22086,2011-04-18,1.0
22086,2011-04-25,0.0
22086,2011-05-02,4.0
22086,2011-05-09,13.0
22086,2011-05-16,0.0
22086,2011-05-23,0.0
22086,2011-05-30,0.0
22086,2011-06-06,2.0
22086,2011-06-13,1.0
22086,2011-06-20,6.0
22086,2011-06-27,365.0
22086,2011-07-04,18.0
22086,2011-07-11,10.0
22086,2011-07-18,14.0
22086,2011-07-25,167.0
22086,2011-08-01,155.0
22086,2011-08-08,22.0
22086,2011-08-15,22.0
22086,2011-08-22,28.0
22086,2011-08-29,191.0
22086,2011-09-05,495.0
22086,2011-09-12,479.0
22086,2011-09-19,584.0
22086,2011-09-26,347.0
22086,2011-10-03,953.0
22086,2011-10-10,816.0
22086,2011-10-17,698.0
22086,2011-10-24,752.0
22086,2011-10-31,1717.0
22086,2011-11-07,1273.0
22086,2011-11-14,2147.0
22086,2011-11-21,1659.0
22086,2011-11-28,1516.0
22151,2009-12-07,96.0
22151,2009-12-14,48.0
22151,2009-12-21,1.0
22151,2009-12-28,0.0
22151,2010-01-04,168.0
22151,2010-01-11,96.0
22151,2010-01-18,152.0
22151,2010-01-25,37.0
22151,2010-02-01,15.0
22151,2010-02-08,37.0
22151,2010-02-15,48.0
22151,2010-02-22,187.0
22151,2010-03-01,181.0
22151,2010-03-08,120.0
22151,2010-03-15,91.0
22151,2010-03-22,108.0
22151,2010-03-29,105.0
22151,2010-04-05,233.0
22151,2010-04-12,228.0
22151,2010-04-19,51.0
22151,2010-04-26,136.0
22151,2010-05-03,181.0
22151,2010-05-10,657.0
22151,2010-05-17,72.0
22151,2010-05-24,547.0
22151,2010-05-31,65.0
22151,2010-06-07,109.0
22151,2010-06-14,106.0
22151,2010-06-21,104.0
22151,2010-06-28,356.0
22151,2010-07-05,74.0
22151,2010-07-12,220.0
22151,2010-07-19,250.0
22151,2010-07-26,159.0
22151,2010-08-02,781.0
22151,2010-08-09,236.0
22151,2010-08-16,303.0
22151,2010-08-23,356.0
22151,2010-08-30,293.0
22151,2010-09-06,773.0
22151,2010-09-13,278.0
22151,2010-09-20,292.0
22151,2010-09-27,473.0
22151,2010-10-04,328.0
22151,2010-10-11,258.0
22151,2010-10-18,182.0
22151,2010-10-25,167.0
22151,2010-11-01,478.0
22151,2010-11-08,322.0
22151,2010-11-15,191.0
22151,2010-11-22,224.0
22151,2010-11-29,218.0
22151,2010-12-06,103.0
22151,2010-12-13,212.0
22151,2010-12-20,1.0
22151,2010-12-27,0.0
22151,2011-01-03,147.0
22151,2011-01-10,184.0
22151,2011-01-17,218.0
22151,2011-01-24,24.0
22151,2011-01-31,776.0
22151,2011-02-07,63.0
22151,2011-02-14,96.0
22151,2011-02-21,292.0
22151,2011-02-28,39.0
22151,2011-03-07,158.0
22151,2011-03-14,154.0
22151,2011-03-21,112.0
22151,2011-03-28,874.0
22151,2011-04-04,468.0
22151,2011-04-11,489.0
22151,2011-04-18,105.0
22151,2011-04-25,394.0
22151,2011-05-02,575.0
22151,2011-05-09,178.0
22151,2011-05-16,272.0
22151,2011-05-23,680.0
22151,2011-05-30,101.0
22151,2011-06-06,585.0
22151,2011-06-13,438.0
22151,2011-06-20,174.0
22151,2011-06-27,61.0
22151,2011-07-04,30.0
22151,2011-07-11,666.0
22151,2011-07-18,527.0
22151,2011-07-25,267.0
22151,2011-08-01,936.0
22151,2011-08-08,60.0
22151,2011-08-15,507.0
22151,2011-08-22,48.0
22151,2011-08-29,106.0
22151,2011-09-05,577.0
22151,2011-09-12,209.0
22151,2011-09-19,140.0
22151,2011-09-26,110.0
22151,2011-10-03,54.0
22151,2011-10-10,77.0
22151,2011-10-17,170.0
22151,2011-10-24,173.0
22151,2011-10-31,155.0
22151,2011-11-07,60.0
22151,2011-11-14,124.0
22151,2011-11-21,262.0
22151,2011-11-28,239.0
22178,2009-12-07,321.0
22178,2009-12-14,254.0
22178,2009-12-21,3.0
22178,2009-12-28,0.0
22178,2010-01-04,72.0
22178,2010-01-11,74.0
22178,2010-01-18,79.0
22178,2010-01-25,224.0
22178,2010-02-01,54.0
22178,2010-02-08,86.0
22178,2010-02-15,62.0
22178,2010-02-22,139.0
22178,2010-03-01,230.0
22178,2010-03-08,338.0
22178,2010-03-15,142.0
22178,2010-03-22,321.0
22178,2010-03-29,166.0
22178,2010-04-05,106.0
22178,2010-04-12,159.0
22178,2010-04-19,257.0
22178,2010-04-26,134.0
22178,2010-05-03,323.0
22178,2010-05-10,549.0
22178,2010-05-17,225.0
22178,2010-05-24,312.0
22178,2010-05-31,336.0
22178,2010-06-07,581.0
22178,2010-06-14,263.0
22178,2010-06-21,317.0
22178,2010-06-28,129.0
22178,2010-07-05,211.0
22178,2010-07-12,264.0
22178,2010-07-19,88.0
22178,2010-07-26,130.0
22178,2010-08-02,83.0
22178,2010-08-09,156.0
22178,2010-08-16,235.0
22178,2010-08-23,102.0
22178,2010-08-30,129.0
22178,2010-09-06,240.0
22178,2010-09-13,83.0
22178,2010-09-20,446.0
22178,2010-09-27,608.0
22178,2010-10-04,529.0
22178,2010-10-11,455.0
22178,2010-10-18,285.0
22178,2010-10-25,525.0
22178,2010-11-01,1050.0
22178,2010-11-08,1003.0
22178,2010-11-15,442.0
22178,2010-11-22,1827.0
22178,2010-11-29,218.0
22178,2010-12-06,525.0
22178,2010-12-13,593.0
22178,2010-12-20,130.0
22178,2010-12-27,0.0
22178,2011-01-03,372.0
22178,2011-01-10,204.0
22178,2011-01-17,327.0
22178,2011-01-24,327.0
22178,2011-01-31,470.0
22178,2011-02-07,224.0
22178,2011-02-14,133.0
22178,2011-02-21,510.0
22178,2011-02-28,394.0
22178,2011-03-07,290.0
22178,2011-03-14,642.0
22178,2011-03-21,526.0
22178,2011-03-28,916.0
22178,2011-04-04,469.0
22178,2011-04-11,626.0
22178,2011-04-18,645.0
22178,2011-04-25,83.0
22178,2011-05-02,588.0
22178,2011-05-09,562.0
22178,2011-05-16,727.0
22178,2011-05-23,596.0
22178,2011-05-30,739.0
22178,2011-06-06,543.0
22178,2011-06-13,276.0
22178,2011-06-20,110.0
22178,2011-06-27,349.0
22178,2011-07-04,590.0
22178,2011-07-11,154.0
22178,2011-07-18,496.0
22178,2011-07-25,236.0
22178,2011-08-01,800.0
22178,2011-08-08,308.0
22178,2011-08-15,288.0
22178,2011-08-22,396.0
22178,2011-08-29,493.0
22178,2011-09-05,218.0
22178,2011-09-12,242.0
22178,2011-09-19,419.0
22178,2011-09-26,84.0
22178,2011-10-03,1459.0
22178,2011-10-10,297.0
22178,2011-10-17,199.0
22178,2011-10-24,1240.0
22178,2011-10-31,353.0
22178,2011-11-07,192.0
22178,2011-11-14,449.0
22178,2011-11-21,342.0
22178,2011-11-28,749.0
22197,2009-12-07,141.0
22197,2009-12-14,584.0
22197,2009-12-21,2.0
22197,2009-12-28,0.0
22197,2010-01-04,21.0
22197,2010-01-11,72.0
22197,2010-01-18,23.0
22197,2010-01-25,590.0
22197,2010-02-01,81.0
22197,2010-02-08,68.0
22197,2010-02-15,19.0
22197,2010-02-22,1307.0
22197,2010-03-01,121.0
22197,2010-03-08,35.0
22197,2010-03-15,778.0
22197,2010-03-22,89.0
22197,2010-03-29,423.0
22197,2010-04-05,716.0
22197,2010-04-12,224.0
22197,2010-04-19,154.0
22197,2010-04-26,476.0
22197,2010-05-03,179.0
22197,2010-05-10,175.0
22197,2010-05-17,190.0
22197,2010-05-24,218.0
22197,2010-05-31,120.0
22197,2010-06-07,593.0
22197,2010-06-14,225.0
22197,2010-06-21,120.0
22197,2010-06-28,347.0
22197,2010-07-05,278.0
22197,2010-07-12,694.0
22197,2010-07-19,679.0
22197,2010-07-26,261.0
22197,2010-08-02,95.0
22197,2010-08-09,540.0
22197,2010-08-16,413.0
22197,2010-08-23,856.0
22197,2010-08-30,85.0
22197,2010-09-06,222.0
22197,2010-09-13,502.0
22197,2010-09-20,1685.0
22197,2010-09-27,272.0
22197,2010-10-04,895.0
22197,2010-10-11,285.0
22197,2010-10-18,1203.0
22197,2010-10-25,2545.0
22197,2010-11-01,692.0
22197,2010-11-08,4087.0
22197,2010-11-15,1722.0
22197,2010-11-22,2207.0
22197,2010-11-29,575.0
22197,2010-12-06,892.0
22197,2010-12-13,980.0
22197,2010-12-20,204.0
22197,2010-12-27,0.0
22197,2011-01-03,795.0
22197,2011-01-10,344.0
22197,2011-01-17,251.0
22197,2011-01-24,239.0
22197,2011-01-31,107.0
22197,2011-02-07,227.0
22197,2011-02-14,1038.0
22197,2011-02-21,900.0
22197,2011-02-28,298.0
22197,2011-03-07,731.0
22197,2011-03-14,435.0
22197,2011-03-21,225.0
22197,2011-03-28,1018.0
22197,2011-04-04,416.0
22197,2011-04-11,748.0
22197,2011-04-18,220.0
22197,2011-04-25,310.0
22197,2011-05-02,372.0
22197,2011-05-09,375.0
22197,2011-05-16,1226.0
22197,2011-05-23,4538.0
22197,2011-05-30,492.0
22197,2011-06-06,374.0
22197,2011-06-13,408.0
22197,2011-06-20,333.0
22197,2011-06-27,394.0
22197,2011-07-04,621.0
22197,2011-07-11,105.0
22197,2011-07-18,609.0
22197,2011-07-25,388.0
22197,2011-08-01,2178.0
22197,2011-08-08,1663.0
22197,2011-08-15,446.0
22197,2011-08-22,784.0
22197,2011-08-29,944.0
22197,2011-09-05,344.0
22197,2011-09-12,546.0
22197,2011-09-19,562.0
22197,2011-09-26,1663.0
22197,2011-10-03,799.0
22197,2011-10-10,748.0
22197,2011-10-17,613.0
22197,2011-10-24,2771.0
22197,2011-10-31,1029.0
22197,2011-11-07,3828.0
22197,2011-11-14,3118.0
22197,2011-11-21,2855.0
22197,2011-11-28,3159.0
22355,2009-12-07,321.0
22355,2009-12-14,241.0
22355,2009-12-21,15.0
22355,2009-12-28,0.0
22355,2010-01-04,30.0
22355,2010-01-11,56.0
22355,2010-01-18,129.0
22355,2010-01-25,299.0
22355,2010-02-01,158.0
22355,2010-02-08,215.0
22355,2010-02-15,92.0
22355,2010-02-22,133.0
22355,2010-03-01,155.0
22355,2010-03-08,78.0
22355,2010-03-15,209.0
22355,2010-03-22,80.0
22355,2010-03-29,306.0
22355,2010-04-05,98.0
22355,2010-04-12,163.0
22355,2010-04-19,202.0
22355,2010-04-26,178.0
22355,2010-05-03,327.0
22355,2010-05-10,86.0
22355,2010-05-17,190.0
22355,2010-05-24,240.0
22355,2010-05-31,193.0
22355,2010-06-07,455.0
22355,2010-06-14,192.0
22355,2010-06-21,221.0
22355,2010-06-28,208.0
22355,2010-07-05,300.0
22355,2010-07-12,88.0
22355,2010-07-19,135.0
22355,2010-07-26,119.0
22355,2010-08-02,157.0
22355,2010-08-09,754.0
22355,2010-08-16,121.0
22355,2010-08-23,216.0
22355,2010-08-30,431.0
22355,2010-09-06,286.0
22355,2010-09-13,68.0
22355,2010-09-20,217.0
22355,2010-09-27,413.0
22355,2010-10-04,293.0
22355,2010-10-11,363.0
22355,2010-10-18,214.0
22355,2010-10-25,378.0
22355,2010-11-01,288.0
22355,2010-11-08,438.0
22355,2010-11-15,373.0
22355,2010-11-22,461.0
22355,2010-11-29,543.0
22355,2010-12-06,645.0
22355,2010-12-13,422.0
22355,2010-12-20,465.0
22355,2010-12-27,0.0
22355,2011-01-03,143.0
22355,2011-01-10,332.0
22355,2011-01-17,171.0
22355,2011-01-24,417.0
22355,2011-01-31,148.0
22355,2011-02-07,212.0
22355,2011-02-14,349.0
22355,2011-02-21,370.0
22355,2011-02-28,58.0
22355,2011-03-07,398.0
22355,2011-03-14,323.0
22355,2011-03-21,244.0
22355,2011-03-28,524.0
22355,2011-04-04,164.0
22355,2011-04-11,217.0
22355,2011-04-18,279.0
22355,2011-04-25,159.0
22355,2011-05-02,162.0
22355,2011-05-09,378.0
22355,2011-05-16,227.0
22355,2011-05-23,234.0
22355,2011-05-30,139.0
22355,2011-06-06,233.0
22355,2011-06-13,395.0
22355,2011-06-20,150.0
22355,2011-06-27,215.0
22355,2011-07-04,217.0
22355,2011-07-11,134.0
22355,2011-07-18,270.0
22355,2011-07-25,287.0
22355,2011-08-01,219.0
22355,2011-08-08,250.0
22355,2011-08-15,143.0
22355,2011-08-22,426.0
22355,2011-08-29,251.0
22355,2011-09-05,229.0
22355,2011-09-12,421.0
22355,2011-09-19,197.0
22355,2011-09-26,170.0
22355,2011-10-03,354.0
22355,2011-10-10,230.0
22355,2011-10-17,256.0
22355,2011-10-24,535.0
22355,2011-10-31,274.0
22355,2011-11-07,320.0
22355,2011-11-14,430.0
22355,2011-11-21,661.0
22355,2011-11-28,692.0
22386,2009-12-07,0.0
22386,2009-12-14,0.0
22386,2009-12-21,0.0
22386,2009-12-28,0.0
22386,2010-01-04,0.0
22386,2010-01-11,0.0
22386,2010-01-18,0.0
22386,2010-01-25,114.0
22386,2010-02-01,326.0
22386,2010-02-08,241.0
22386,2010-02-15,510.0
22386,2010-02-22,530.0
22386,2010-03-01,276.0
22386,2010-03-08,184.0
22386,2010-03-15,119.0
22386,2010-03-22,427.0
22386,2010-03-29,321.0
22386,2010-04-05,164.0
22386,2010-04-12,198.0
22386,2010-04-19,188.0
22386,2010-04-26,326.0
22386,2010-05-03,531.0
22386,2010-05-10,269.0
22386,2010-05-17,512.0
22386,2010-05-24,259.0
22386,2010-05-31,236.0
22386,2010-06-07,427.0
22386,2010-06-14,251.0
22386,2010-06-21,320.0
22386,2010-06-28,368.0
22386,2010-07-05,331.0
22386,2010-07-12,240.0
22386,2010-07-19,718.0
22386,2010-07-26,171.0
22386,2010-08-02,344.0
22386,2010-08-09,460.0
22386,2010-08-16,377.0
22386,2010-08-23,338.0
22386,2010-08-30,602.0
22386,2010-09-06,597.0
22386,2010-09-13,285.0
22386,2010-09-20,254.0
22386,2010-09-27,498.0
22386,2010-10-04,218.0
22386,2010-10-11,907.0
22386,2010-10-18,144.0
22386,2010-10-25,137.0
22386,2010-11-01,326.0
22386,2010-11-08,659.0
22386,2010-11-15,689.0
22386,2010-11-22,252.0
22386,2010-11-29,251.0
22386,2010-12-06,260.0
22386,2010-12-13,97.0
22386,2010-12-20,9.0
22386,2010-12-27,0.0
22386,2011-01-03,533.0
22386,2011-01-10,323.0
22386,2011-01-17,73.0
22386,2011-01-24,189.0
22386,2011-01-31,225.0
22386,2011-02-07,95.0
22386,2011-02-14,409.0
22386,2011-02-21,160.0
22386,2011-02-28,154.0
22386,2011-03-07,354.0
22386,2011-03-14,1083.0
22386,2011-03-21,576.0
22386,2011-03-28,375.0
22386,2011-04-04,105.0
22386,2011-04-11,119.0
22386,2011-04-18,155.0
22386,2011-04-25,272.0
22386,2011-05-02,154.0
22386,2011-05-09,371.0
22386,2011-05-16,179.0
22386,2011-05-23,556.0
22386,2011-05-30,407.0
22386,2011-06-06,398.0
22386,2011-06-13,233.0
22386,2011-06-20,551.0
22386,2011-06-27,356.0
22386,2011-07-04,444.0
22386,2011-07-11,315.0
22386,2011-07-18,287.0
22386,2011-07-25,403.0
22386,2011-08-01,362.0
22386,2011-08-08,361.0
22386,2011-08-15,366.0
22386,2011-08-22,609.0
22386,2011-08-29,238.0
22386,2011-09-05,617.0
22386,2011-09-12,478.0
22386,2011-09-19,599.0
22386,2011-09-26,665.0
22386,2011-10-03,1539.0
22386,2011-10-10,397.0
22386,2011-10-17,334.0
22386,2011-10-24,443.0
22386,2011-10-31,292.0
22386,2011-11-07,516.0
22386,2011-11-14,471.0
22386,2011-11-21,253.0
22386,2011-11-28,416.0
22411,2009-12-07,0.0
22411,2009-12-14,0.0
22411,2009-12-21,0.0
22411,2009-12-28,0.0
22411,2010-01-04,0.0
22411,2010-01-11,0.0
22411,2010-01-18,0.0
22411,2010-01-25,310.0
22411,2010-02-01,224.0
22411,2010-02-08,124.0
22411,2010-02-15,411.0
22411,2010-02-22,418.0
22411,2010-03-01,213.0
22411,2010-03-08,189.0
22411,2010-03-15,337.0
22411,2010-03-22,332.0
22411,2010-03-29,102.0
22411,2010-04-05,324.0
22411,2010-04-12,286.0
22411,2010-04-19,183.0
22411,2010-04-26,283.0
22411,2010-05-03,299.0
22411,2010-05-10,378.0
22411,2010-05-17,98.0
22411,2010-05-24,355.0
22411,2010-05-31,88.0
22411,2010-06-07,216.0
22411,2010-06-14,131.0
22411,2010-06-21,240.0
22411,2010-06-28,385.0
22411,2010-07-05,211.0
22411,2010-07-12,346.0
22411,2010-07-19,426.0
22411,2010-07-26,146.0
22411,2010-08-02,377.0
22411,2010-08-09,261.0
22411,2010-08-16,346.0
22411,2010-08-23,256.0
22411,2010-08-30,432.0
22411,2010-09-06,448.0
22411,2010-09-13,211.0
22411,2010-09-20,532.0
22411,2010-09-27,360.0
22411,2010-10-04,156.0
22411,2010-10-11,628.0
22411,2010-10-18,164.0
22411,2010-10-25,172.0
22411,2010-11-01,346.0
22411,2010-11-08,688.0
22411,2010-11-15,485.0
22411,2010-11-22,264.0
22411,2010-11-29,257.0
22411,2010-12-06,241.0
22411,2010-12-13,243.0
22411,2010-12-20,57.0
22411,2010-12-27,0.0
22411,2011-01-03,108.0
22411,2011-01-10,168.0
22411,2011-01-17,96.0
22411,2011-01-24,126.0
22411,2011-01-31,114.0
22411,2011-02-07,103.0
22411,2011-02-14,168.0
22411,2011-02-21,98.0
22411,2011-02-28,114.0
22411,2011-03-07,95.0
22411,2011-03-14,234.0
22411,2011-03-21,335.0
22411,2011-03-28,301.0
22411,2011-04-04,53.0
22411,2011-04-11,145.0
22411,2011-04-18,235.0
22411,2011-04-25,162.0
22411,2011-05-02,169.0
22411,2011-05-09,515.0
22411,2011-05-16,403.0
22411,2011-05-23,338.0
22411,2011-05-30,81.0
22411,2011-06-06,158.0
22411,2011-06-13,134.0
22411,2011-06-20,221.0
22411,2011-06-27,189.0
22411,2011-07-04,188.0
22411,2011-07-11,93.0
22411,2011-07-18,265.0
22411,2011-07-25,116.0
22411,2011-08-01,408.0
22411,2011-08-08,229.0
22411,2011-08-15,313.0
22411,2011-08-22,292.0
22411,2011-08-29,154.0
22411,2011-09-05,284.0
22411,2011-09-12,335.0
22411,2011-09-19,422.0
22411,2011-09-26,489.0
22411,2011-10-03,183.0
22411,2011-10-10,230.0
22411,2011-10-17,80.0
22411,2011-10-24,156.0
22411,2011-10-31,91.0
22411,2011-11-07,617.0
22411,2011-11-14,280.0
22411,2011-11-21,355.0
22411,2011-11-28,340.0
22423,2009-12-07,0.0
22423,2009-12-14,0.0
22423,2009-12-21,0.0
22423,2009-12-28,0.0
22423,2010-01-04,0.0
22423,2010-01-11,0.0
22423,2010-01-18,0.0
22423,2010-01-25,0.0
22423,2010-02-01,0.0
22423,2010-02-08,0.0
22423,2010-02-15,0.0
22423,2010-02-22,0.0
22423,2010-03-01,0.0
22423,2010-03-08,0.0
22423,2010-03-15,198.0
22423,2010-03-22,300.0
22423,2010-03-29,182.0
22423,2010-04-05,214.0
22423,2010-04-12,273.0
22423,2010-04-19,314.0
22423,2010-04-26,226.0
22423,2010-05-03,191.0
22423,2010-05-10,119.0
22423,2010-05-17,26.0
22423,2010-05-24,15.0
22423,2010-05-31,93.0
22423,2010-06-07,431.0
22423,2010-06-14,393.0
22423,2010-06-21,162.0
22423,2010-06-28,330.0
22423,2010-07-05,142.0
22423,2010-07-12,142.0
22423,2010-07-19,454.0
22423,2010-07-26,534.0
22423,2010-08-02,274.0
22423,2010-08-09,143.0
22423,2010-08-16,193.0
22423,2010-08-23,235.0
22423,2010-08-30,392.0
22423,2010-09-06,197.0
22423,2010-09-13,331.0
22423,2010-09-20,606.0
22423,2010-09-27,256.0
22423,2010-10-04,449.0
22423,2010-10-11,215.0
22423,2010-10-18,358.0
22423,2010-10-25,600.0
22423,2010-11-01,190.0
22423,2010-11-08,540.0
22423,2010-11-15,490.0
22423,2010-11-22,450.0
22423,2010-11-29,764.0
22423,2010-12-06,785.0
22423,2010-12-13,354.0
22423,2010-12-20,174.0
22423,2010-12-27,0.0
22423,2011-01-03,245.0
22423,2011-01-10,161.0
22423,2011-01-17,107.0
22423,2011-01-24,130.0
22423,2011-01-31,103.0
22423,2011-02-07,135.0
22423,2011-02-14,301.0
22423,2011-02-21,120.0
22423,2011-02-28,313.0
22423,2011-03-07,185.0
22423,2011-03-14,259.0
22423,2011-03-21,316.0
22423,2011-03-28,258.0
22423,2011-04-04,272.0
22423,2011-04-11,343.0
22423,2011-04-18,171.0
22423,2011-04-25,289.0
22423,2011-05-02,161.0
22423,2011-05-09,310.0
22423,2011-05-16,226.0
22423,2011-05-23,126.0
22423,2011-05-30,235.0
22423,2011-06-06,178.0
22423,2011-06-13,88.0
22423,2011-06-20,129.0
22423,2011-06-27,84.0
22423,2011-07-04,105.0
22423,2011-07-11,206.0
22423,2011-07-18,306.0
22423,2011-07-25,275.0
22423,2011-08-01,132.0
22423,2011-08-08,122.0
22423,2011-08-15,147.0
22423,2011-08-22,148.0
22423,2011-08-29,89.0
22423,2011-09-05,105.0
22423,2011-09-12,197.0
22423,2011-09-19,100.0
22423,2011-09-26,136.0
22423,2011-10-03,297.0
22423,2011-10-10,127.0
22423,2011-10-17,89.0
22423,2011-10-24,121.0
22423,2011-10-31,236.0
22423,2011-11-07,157.0
22423,2011-11-14,147.0
22423,2011-11-21,184.0
22423,2011-11-28,197.0
22469,2009-12-07,0.0
22469,2009-12-14,0.0
22469,2009-12-21,0.0
22469,2009-12-28,0.0
22469,2010-01-04,0.0
22469,2010-01-11,0.0
22469,2010-01-18,0.0
22469,2010-01-25,0.0
22469,2010-02-01,0.0
22469,2010-02-08,0.0
22469,2010-02-15,0.0
22469,2010-02-22,0.0
22469,2010-03-01,0.0
22469,2010-03-08,0.0
22469,2010-03-15,0.0
22469,2010-03-22,0.0
22469,2010-03-29,0.0
22469,2010-04-05,0.0
22469,2010-04-12,0.0
22469,2010-04-19,110.0
22469,2010-04-26,218.0
22469,2010-05-03,145.0
22469,2010-05-10,366.0
22469,2010-05-17,236.0
22469,2010-05-24,321.0
22469,2010-05-31,257.0
22469,2010-06-07,346.0
22469,2010-06-14,218.0
22469,2010-06-21,307.0
22469,2010-06-28,295.0
22469,2010-07-05,178.0
22469,2010-07-12,265.0
22469,2010-07-19,355.0
22469,2010-07-26,340.0
22469,2010-08-02,404.0
22469,2010-08-09,240.0
22469,2010-08-16,443.0
22469,2010-08-23,470.0
22469,2010-08-30,86.0
22469,2010-09-06,0.0
22469,2010-09-13,0.0
22469,2010-09-20,360.0
22469,2010-09-27,863.0
22469,2010-10-04,602.0
22469,2010-10-11,538.0
22469,2010-10-18,121.0
22469,2010-10-25,8.0
22469,2010-11-01,38.0
22469,2010-11-08,22.0
22469,2010-11-15,19.0
22469,2010-11-22,1043.0
22469,2010-11-29,632.0
22469,2010-12-06,868.0
22469,2010-12-13,402.0
22469,2010-12-20,204.0
22469,2010-12-27,0.0
22469,2011-01-03,365.0
22469,2011-01-10,1574.0
22469,2011-01-17,405.0
22469,2011-01-24,530.0
22469,2011-01-31,356.0
22469,2011-02-07,206.0
22469,2011-02-14,227.0
22469,2011-02-21,430.0
22469,2011-02-28,208.0
22469,2011-03-07,696.0
22469,2011-03-14,8.0
22469,2011-03-21,0.0
22469,2011-03-28,68.0
22469,2011-04-04,12.0
22469,2011-04-11,0.0
22469,2011-04-18,30.0
22469,2011-04-25,0.0
22469,2011-05-02,0.0
22469,2011-05-09,0.0
22469,2011-05-16,759.0
22469,2011-05-23,1205.0
22469,2011-05-30,421.0
22469,2011-06-06,354.0
22469,2011-06-13,261.0
22469,2011-06-20,142.0
22469,2011-06-27,224.0
22469,2011-07-04,336.0
22469,2011-07-11,298.0
22469,2011-07-18,262.0
22469,2011-07-25,125.0
22469,2011-08-01,175.0
22469,2011-08-08,149.0
22469,2011-08-15,78.0
22469,2011-08-22,117.0
22469,2011-08-29,130.0
22469,2011-09-05,237.0
22469,2011-09-12,359.0
22469,2011-09-19,1019.0
22469,2011-09-26,226.0
22469,2011-10-03,254.0
22469,2011-10-10,88.0
22469,2011-10-17,283.0
22469,2011-10-24,369.0
22469,2011-10-31,1006.0
22469,2011-11-07,267.0
22469,2011-11-14,349.0
22469,2011-11-21,213.0
22469,2011-11-28,809.0
22492,2009-12-07,0.0
22492,2009-12-14,0.0
22492,2009-12-21,0.0
22492,2009-12-28,0.0
22492,2010-01-04,0.0
22492,2010-01-11,0.0
22492,2010-01-18,0.0
22492,2010-01-25,0.0
22492,2010-02-01,0.0
22492,2010-02-08,0.0
22492,2010-02-15,0.0
22492,2010-02-22,0.0
22492,2010-03-01,0.0
22492,2010-03-08,0.0
22492,2010-03-15,0.0
22492,2010-03-22,0.0
22492,2010-03-29,0.0
22492,2010-04-05,0.0
22492,2010-04-12,0.0
22492,2010-04-19,0.0
22492,2010-04-26,0.0
22492,2010-05-03,252.0
22492,2010-05-10,508.0
22492,2010-05-17,612.0
22492,2010-05-24,396.0
22492,2010-05-31,223.0
22492,2010-06-07,648.0
22492,2010-06-14,325.0
22492,2010-06-21,186.0
22492,2010-06-28,144.0
22492,2010-07-05,520.0
22492,2010-07-12,362.0
22492,2010-07-19,255.0
22492,2010-07-26,324.0
22492,2010-08-02,223.0
22492,2010-08-09,396.0
22492,2010-08-16,578.0
22492,2010-08-23,217.0
22492,2010-08-30,37.0
22492,2010-09-06,282.0
22492,2010-09-13,182.0
22492,2010-09-20,576.0
22492,2010-09-27,478.0
22492,2010-10-04,650.0
22492,2010-10-11,218.0
22492,2010-10-18,288.0
22492,2010-10-25,548.0
22492,2010-11-01,260.0
22492,2010-11-08,407.0
22492,2010-11-15,473.0
22492,2010-11-22,436.0
22492,2010-11-29,474.0
22492,2010-12-06,1796.0
22492,2010-12-13,155.0
22492,2010-12-20,145.0
22492,2010-12-27,0.0
22492,2011-01-03,36.0
22492,2011-01-10,147.0
22492,2011-01-17,38.0
22492,2011-01-24,109.0
22492,2011-01-31,396.0
22492,2011-02-07,72.0
22492,2011-02-14,72.0
22492,2011-02-21,144.0
22492,2011-02-28,36.0
22492,2011-03-07,1081.0
22492,2011-03-14,180.0
22492,2011-03-21,216.0
22492,2011-03-28,139.0
22492,2011-04-04,252.0
22492,2011-04-11,180.0
22492,2011-04-18,224.0
22492,2011-04-25,180.0
22492,2011-05-02,216.0
22492,2011-05-09,183.0
22492,2011-05-16,433.0
22492,2011-05-23,108.0
22492,2011-05-30,72.0
22492,2011-06-06,109.0
22492,2011-06-13,149.0
22492,2011-06-20,39.0
22492,2011-06-27,36.0
22492,2011-07-04,360.0
22492,2011-07-11,794.0
22492,2011-07-18,144.0
22492,2011-07-25,180.0
22492,2011-08-01,255.0
22492,2011-08-08,108.0
22492,2011-08-15,180.0
22492,2011-08-22,216.0
22492,2011-08-29,112.0
22492,2011-09-05,84.0
22492,2011-09-12,325.0
22492,2011-09-19,190.0
22492,2011-09-26,288.0
22492,2011-10-03,724.0
22492,2011-10-10,185.0
22492,2011-10-17,74.0
22492,2011-10-24,612.0
22492,2011-10-31,118.0
22492,2011-11-07,392.0
22492,2011-11-14,535.0
22492,2011-11-21,366.0
22492,2011-11-28,229.0
22616,2009-12-07,0.0
22616,2009-12-14,0.0
22616,2009-12-21,0.0
22616,2009-12-28,0.0
22616,2010-01-04,0.0
22616,2010-01-11,0.0
22616,2010-01-18,0.0
22616,2010-01-25,0.0
22616,2010-02-01,0.0
22616,2010-02-08,0.0
22616,2010-02-15,0.0
22616,2010-02-22,0.0
22616,2010-03-01,0.0
22616,2010-03-08,0.0
22616,2010-03-15,0.0
22616,2010-03-22,0.0
22616,2010-03-29,0.0
22616,2010-04-05,0.0
22616,2010-04-12,0.0
22616,2010-04-19,0.0
22616,2010-04-26,0.0
22616,2010-05-03,444.0
22616,2010-05-10,339.0
22616,2010-05-17,313.0
22616,2010-05-24,283.0
22616,2010-05-31,197.0
22616,2010-06-07,679.0
22616,2010-06-14,53.0
22616,2010-06-21,122.0
22616,2010-06-28,65.0
22616,2010-07-05,174.0
22616,2010-07-12,99.0
22616,2010-07-19,207.0
22616,2010-07-26,184.0
22616,2010-08-02,829.0
22616,2010-08-09,124.0
22616,2010-08-16,162.0
22616,2010-08-23,745.0
22616,2010-08-30,9.0
22616,2010-09-06,22.0
22616,2010-09-13,50.0
22616,2010-09-20,633.0
22616,2010-09-27,139.0
22616,2010-10-04,378.0
22616,2010-10-11,78.0
22616,2010-10-18,714.0
22616,2010-10-25,308.0
22616,2010-11-01,301.0
22616,2010-11-08,3226.0
22616,2010-11-15,1121.0
22616,2010-11-22,320.0
22616,2010-11-29,813.0
22616,2010-12-06,319.0
22616,2010-12-13,151.0
22616,2010-12-20,1399.0
22616,2010-12-27,0.0
22616,2011-01-03,110.0
22616,2011-01-10,101.0
22616,2011-01-17,61.0
22616,2011-01-24,145.0
22616,2011-01-31,968.0
22616,2011-02-07,563.0
22616,2011-02-14,1014.0
22616,2011-02-21,118.0
22616,2011-02-28,122.0
22616,2011-03-07,1420.0
22616,2011-03-14,1456.0
22616,2011-03-21,110.0
22616,2011-03-28,1276.0
22616,2011-04-04,514.0
22616,2011-04-11,402.0
22616,2011-04-18,93.0
22616,2011-04-25,216.0
22616,2011-05-02,128.0
22616,2011-05-09,130.0
22616,2011-05-16,1072.0
22616,2011-05-23,84.0
22616,2011-05-30,79.0
22616,2011-06-06,46.0
22616,2011-06-13,1512.0
22616,2011-06-20,280.0
22616,2011-06-27,537.0
22616,2011-07-04,75.0
22616,2011-07-11,78.0
22616,2011-07-18,936.0
22616,2011-07-25,76.0
22616,2011-08-01,1715.0
22616,2011-08-08,138.0
22616,2011-08-15,149.0
22616,2011-08-22,413.0
22616,2011-08-29,485.0
22616,2011-09-05,76.0
22616,2011-09-12,200.0
22616,2011-09-19,267.0
22616,2011-09-26,577.0
22616,2011-10-03,465.0
22616,2011-10-10,41.0
22616,2011-10-17,666.0
22616,2011-10-24,173.0
22616,2011-10-31,702.0
22616,2011-11-07,254.0
22616,2011-11-14,1205.0
22616,2011-11-21,64.0
22616,2011-11-28,636.0
71459,2009-12-07,25.0
71459,2009-12-14,184.0
71459,2009-12-21,0.0
71459,2009-12-28,0.0
71459,2010-01-04,612.0
71459,2010-01-11,326.0
71459,2010-01-18,96.0
71459,2010-01-25,181.0
71459,2010-02-01,12.0
71459,2010-02-08,421.0
71459,2010-02-15,829.0
71459,2010-02-22,365.0
71459,2010-03-01,132.0
71459,2010-03-08,144.0
71459,2010-03-15,264.0
71459,2010-03-22,137.0
71459,2010-03-29,153.0
71459,2010-04-05,282.0
71459,2010-04-12,336.0
71459,2010-04-19,389.0
71459,2010-04-26,1336.0
71459,2010-05-03,290.0
71459,2010-05-10,206.0
71459,2010-05-17,759.0
71459,2010-05-24,322.0
71459,2010-05-31,371.0
71459,2010-06-07,756.0
71459,2010-06-14,720.0
71459,2010-06-21,544.0
71459,2010-06-28,564.0
71459,2010-07-05,884.0
71459,2010-07-12,184.0
71459,2010-07-19,648.0
71459,2010-07-26,316.0
71459,2010-08-02,512.0
71459,2010-08-09,363.0
71459,2010-08-16,222.0
71459,2010-08-23,152.0
71459,2010-08-30,348.0
71459,2010-09-06,1460.0
71459,2010-09-13,40.0
71459,2010-09-20,136.0
71459,2010-09-27,108.0
71459,2010-10-04,64.0
71459,2010-10-11,123.0
71459,2010-10-18,72.0
71459,2010-10-25,136.0
71459,2010-11-01,72.0
71459,2010-11-08,283.0
71459,2010-11-15,81.0
71459,2010-11-22,136.0
71459,2010-11-29,332.0
71459,2010-12-06,340.0
71459,2010-12-13,32.0
71459,2010-12-20,60.0
71459,2010-12-27,0.0
71459,2011-01-03,108.0
71459,2011-01-10,348.0
71459,2011-01-17,188.0
71459,2011-01-24,112.0
71459,2011-01-31,12.0
71459,2011-02-07,205.0
71459,2011-02-14,48.0
71459,2011-02-21,240.0
71459,2011-02-28,184.0
71459,2011-03-07,192.0
71459,2011-03-14,392.0
71459,2011-03-21,232.0
71459,2011-03-28,148.0
71459,2011-04-04,816.0
71459,2011-04-11,408.0
71459,2011-04-18,262.0
71459,2011-04-25,233.0
71459,2011-05-02,776.0
71459,2011-05-09,580.0
71459,2011-05-16,168.0
71459,2011-05-23,412.0
71459,2011-05-30,176.0
71459,2011-06-06,164.0
71459,2011-06-13,422.0
71459,2011-06-20,400.0
71459,2011-06-27,216.0
71459,2011-07-04,382.0
71459,2011-07-11,376.0
71459,2011-07-18,236.0
71459,2011-07-25,96.0
71459,2011-08-01,264.0
71459,2011-08-08,176.0
71459,2011-08-15,120.0
71459,2011-08-22,120.0
71459,2011-08-29,100.0
71459,2011-09-05,244.0
71459,2011-09-12,604.0
71459,2011-09-19,120.0
71459,2011-09-26,276.0
71459,2011-10-03,168.0
71459,2011-10-10,129.0
71459,2011-10-17,52.0
71459,2011-10-24,96.0
71459,2011-10-31,100.0
71459,2011-11-07,232.0
71459,2011-11-14,360.0
71459,2011-11-21,60.0
71459,2011-11-28,124.0
72741,2009-12-07,427.0
72741,2009-12-14,362.0
72741,2009-12-21,34.0
72741,2009-12-28,0.0
72741,2010-01-04,243.0
72741,2010-01-11,127.0
72741,2010-01-18,67.0
72741,2010-01-25,198.0
72741,2010-02-01,218.0
72741,2010-02-08,81.0
72741,2010-02-15,130.0
72741,2010-02-22,288.0
72741,2010-03-01,379.0
72741,2010-03-08,139.0
72741,2010-03-15,180.0
72741,2010-03-22,261.0
72741,2010-03-29,90.0
72741,2010-04-05,216.0
72741,2010-04-12,108.0
72741,2010-04-19,159.0
72741,2010-04-26,153.0
72741,2010-05-03,136.0
72741,2010-05-10,91.0
72741,2010-05-17,144.0
72741,2010-05-24,90.0
72741,2010-05-31,243.0
72741,2010-06-07,138.0
72741,2010-06-14,180.0
72741,2010-06-21,90.0
72741,2010-06-28,111.0
72741,2010-07-05,18.0
72741,2010-07-12,99.0
72741,2010-07-19,441.0
72741,2010-07-26,864.0
72741,2010-08-02,288.0
72741,2010-08-09,88.0
72741,2010-08-16,93.0
72741,2010-08-23,112.0
72741,2010-08-30,69.0
72741,2010-09-06,279.0
72741,2010-09-13,1014.0
72741,2010-09-20,624.0
72741,2010-09-27,290.0
72741,2010-10-04,1048.0
72741,2010-10-11,927.0
72741,2010-10-18,231.0
72741,2010-10-25,114.0
72741,2010-11-01,102.0
72741,2010-11-08,332.0
72741,2010-11-15,266.0
72741,2010-11-22,180.0
72741,2010-11-29,365.0
72741,2010-12-06,162.0
72741,2010-12-13,53.0
72741,2010-12-20,35.0
72741,2010-12-27,0.0
72741,2011-01-03,9.0
72741,2011-01-10,684.0
72741,2011-01-17,42.0
72741,2011-01-24,241.0
72741,2011-01-31,21.0
72741,2011-02-07,36.0
72741,2011-02-14,43.0
72741,2011-02-21,81.0
72741,2011-02-28,27.0
72741,2011-03-07,30.0
72741,2011-03-14,39.0
72741,2011-03-21,57.0
72741,2011-03-28,37.0
72741,2011-04-04,108.0
72741,2011-04-11,56.0
72741,2011-04-18,87.0
72741,2011-04-25,90.0
72741,2011-05-02,108.0
72741,2011-05-09,63.0
72741,2011-05-16,18.0
72741,2011-05-23,81.0
72741,2011-05-30,36.0
72741,2011-06-06,13.0
72741,2011-06-13,27.0
72741,2011-06-20,36.0
72741,2011-06-27,0.0
72741,2011-07-04,483.0
72741,2011-07-11,144.0
72741,2011-07-18,50.0
72741,2011-07-25,9.0
72741,2011-08-01,117.0
72741,2011-08-08,9.0
72741,2011-08-15,54.0
72741,2011-08-22,9.0
72741,2011-08-29,73.0
72741,2011-09-05,90.0
72741,2011-09-12,283.0
72741,2011-09-19,48.0
72741,2011-09-26,129.0
72741,2011-10-03,99.0
72741,2011-10-10,144.0
72741,2011-10-17,267.0
72741,2011-10-24,54.0
72741,2011-10-31,24.0
72741,2011-11-07,111.0
72741,2011-11-14,179.0
72741,2011-11-21,276.0
72741,2011-11-28,237.0
84077,2009-12-07,1204.0
84077,2009-12-14,720.0
84077,2009-12-21,48.0
84077,2009-12-28,0.0
84077,2010-01-04,336.0
84077,2010-01-11,384.0
84077,2010-01-18,195.0
84077,2010-01-25,432.0
84077,2010-02-01,576.0
84077,2010-02-08,192.0
84077,2010-02-15,624.0
84077,2010-02-22,576.0
84077,2010-03-01,960.0
84077,2010-03-08,528.0
84077,2010-03-15,2592.0
84077,2010-03-22,387.0
84077,2010-03-29,192.0
84077,2010-04-05,1393.0
84077,2010-04-12,431.0
84077,2010-04-19,576.0
84077,2010-04-26,624.0
84077,2010-05-03,240.0
84077,2010-05-10,1824.0
84077,2010-05-17,528.0
84077,2010-05-24,592.0
84077,2010-05-31,338.0
84077,2010-06-07,2208.0
84077,2010-06-14,1018.0
84077,2010-06-21,496.0
84077,2010-06-28,1448.0
84077,2010-07-05,145.0
84077,2010-07-12,823.0
84077,2010-07-19,481.0
84077,2010-07-26,838.0
84077,2010-08-02,2938.0
84077,2010-08-09,817.0
84077,2010-08-16,768.0
84077,2010-08-23,198.0
84077,2010-08-30,1824.0
84077,2010-09-06,289.0
84077,2010-09-13,211.0
84077,2010-09-20,917.0
84077,2010-09-27,770.0
84077,2010-10-04,3504.0
84077,2010-10-11,624.0
84077,2010-10-18,385.0
84077,2010-10-25,682.0
84077,2010-11-01,5253.0
84077,2010-11-08,2556.0
84077,2010-11-15,730.0
84077,2010-11-22,629.0
84077,2010-11-29,3654.0
84077,2010-12-06,513.0
84077,2010-12-13,549.0
84077,2010-12-20,100.0
84077,2010-12-27,0.0
84077,2011-01-03,625.0
84077,2011-01-10,193.0
84077,2011-01-17,0.0
84077,2011-01-24,530.0
84077,2011-01-31,2788.0
84077,2011-02-07,48.0
84077,2011-02-14,424.0
84077,2011-02-21,257.0
84077,2011-02-28,1584.0
84077,2011-03-07,1200.0
84077,2011-03-14,480.0
84077,2011-03-21,144.0
84077,2011-03-28,3216.0
84077,2011-04-04,392.0
84077,2011-04-11,2352.0
84077,2011-04-18,1351.0
84077,2011-04-25,2592.0
84077,2011-05-02,869.0
84077,2011-05-09,672.0
84077,2011-05-16,960.0
84077,2011-05-23,480.0
84077,2011-05-30,1349.0
84077,2011-06-06,432.0
84077,2011-06-13,145.0
84077,2011-06-20,385.0
84077,2011-06-27,243.0
84077,2011-07-04,485.0
84077,2011-07-11,1056.0
84077,2011-07-18,630.0
84077,2011-07-25,727.0
84077,2011-08-01,98.0
84077,2011-08-08,577.0
84077,2011-08-15,432.0
84077,2011-08-22,960.0
84077,2011-08-29,242.0
84077,2011-09-05,336.0
84077,2011-09-12,960.0
84077,2011-09-19,539.0
84077,2011-09-26,768.0
84077,2011-10-03,893.0
84077,2011-10-10,634.0
84077,2011-10-17,975.0
84077,2011-10-24,5328.0
84077,2011-10-31,974.0
84077,2011-11-07,1119.0
84077,2011-11-14,834.0
84077,2011-11-21,867.0
84077,2011-11-28,689.0
84212,2009-12-07,60.0
84212,2009-12-14,0.0
84212,2009-12-21,0.0
84212,2009-12-28,0.0
84212,2010-01-04,24.0
84212,2010-01-11,144.0
84212,2010-01-18,0.0
84212,2010-01-25,1494.0
84212,2010-02-01,126.0
84212,2010-02-08,72.0
84212,2010-02-15,24.0
84212,2010-02-22,54.0
84212,2010-03-01,0.0
84212,2010-03-08,96.0
84212,2010-03-15,504.0
84212,2010-03-22,6.0
84212,2010-03-29,54.0
84212,2010-04-05,72.0
84212,2010-04-12,54.0
84212,2010-04-19,42.0
84212,2010-04-26,84.0
84212,2010-05-03,762.0
84212,2010-05-10,102.0
84212,2010-05-17,48.0
84212,2010-05-24,174.0
84212,2010-05-31,1758.0
84212,2010-06-07,258.0
84212,2010-06-14,1562.0
84212,2010-06-21,1074.0
84212,2010-06-28,126.0
84212,2010-07-05,54.0
84212,2010-07-12,1818.0
84212,2010-07-19,320.0
84212,2010-07-26,498.0
84212,2010-08-02,402.0
84212,2010-08-09,137.0
84212,2010-08-16,582.0
84212,2010-08-23,522.0
84212,2010-08-30,0.0
84212,2010-09-06,0.0
84212,2010-09-13,18.0
84212,2010-09-20,6.0
84212,2010-09-27,24.0
84212,2010-10-04,0.0
84212,2010-10-11,0.0
84212,2010-10-18,96.0
84212,2010-10-25,36.0
84212,2010-11-01,30.0
84212,2010-11-08,60.0
84212,2010-11-15,26.0
84212,2010-11-22,86.0
84212,2010-11-29,25.0
84212,2010-12-06,24.0
84212,2010-12-13,504.0
84212,2010-12-20,0.0
84212,2010-12-27,0.0
84212,2011-01-03,24.0
84212,2011-01-10,12.0
84212,2011-01-17,497.0
84212,2011-01-24,0.0
84212,2011-01-31,36.0
84212,2011-02-07,24.0
84212,2011-02-14,247.0
84212,2011-02-21,24.0
84212,2011-02-28,7.0
84212,2011-03-07,108.0
84212,2011-03-14,78.0
84212,2011-03-21,126.0
84212,2011-03-28,48.0
84212,2011-04-04,1200.0
84212,2011-04-11,0.0
84212,2011-04-18,138.0
84212,2011-04-25,48.0
84212,2011-05-02,66.0
84212,2011-05-09,2.0
84212,2011-05-16,60.0
84212,2011-05-23,96.0
84212,2011-05-30,312.0
84212,2011-06-06,721.0
84212,2011-06-13,192.0
84212,2011-06-20,60.0
84212,2011-06-27,481.0
84212,2011-07-04,30.0
84212,2011-07-11,48.0
84212,2011-07-18,198.0
84212,2011-07-25,1008.0
84212,2011-08-01,24.0
84212,2011-08-08,0.0
84212,2011-08-15,564.0
84212,2011-08-22,24.0
84212,2011-08-29,0.0
84212,2011-09-05,504.0
84212,2011-09-12,0.0
84212,2011-09-19,24.0
84212,2011-09-26,24.0
84212,2011-10-03,480.0
84212,2011-10-10,0.0
84212,2011-10-17,0.0
84212,2011-10-24,54.0
84212,2011-10-31,0.0
84212,2011-11-07,53.0
84212,2011-11-14,2.0
84212,2011-11-21,30.0
84212,2011-11-28,480.0
84270,2009-12-07,423.0
84270,2009-12-14,360.0
84270,2009-12-21,3.0
84270,2009-12-28,0.0
84270,2010-01-04,1140.0
84270,2010-01-11,137.0
84270,2010-01-18,213.0
84270,2010-01-25,362.0
84270,2010-02-01,220.0
84270,2010-02-08,192.0
84270,2010-02-15,990.0
84270,2010-02-22,271.0
84270,2010-03-01,392.0
84270,2010-03-08,316.0
84270,2010-03-15,124.0
84270,2010-03-22,426.0
84270,2010-03-29,300.0
84270,2010-04-05,1652.0
84270,2010-04-12,270.0
84270,2010-04-19,167.0
84270,2010-04-26,1084.0
84270,2010-05-03,270.0
84270,2010-05-10,780.0
84270,2010-05-17,340.0
84270,2010-05-24,723.0
84270,2010-05-31,216.0
84270,2010-06-07,544.0
84270,2010-06-14,921.0
84270,2010-06-21,293.0
84270,2010-06-28,647.0
84270,2010-07-05,336.0
84270,2010-07-12,639.0
84270,2010-07-19,611.0
84270,2010-07-26,691.0
84270,2010-08-02,300.0
84270,2010-08-09,630.0
84270,2010-08-16,186.0
84270,2010-08-23,692.0
84270,2010-08-30,185.0
84270,2010-09-06,150.0
84270,2010-09-13,330.0
84270,2010-09-20,217.0
84270,2010-09-27,210.0
84270,2010-10-04,794.0
84270,2010-10-11,606.0
84270,2010-10-18,820.0
84270,2010-10-25,272.0
84270,2010-11-01,60.0
84270,2010-11-08,120.0
84270,2010-11-15,0.0
84270,2010-11-22,0.0
84270,2010-11-29,33.0
84270,2010-12-06,14.0
84270,2010-12-13,0.0
84270,2010-12-20,0.0
84270,2010-12-27,0.0
84270,2011-01-03,0.0
84270,2011-01-10,0.0
84270,2011-01-17,0.0
84270,2011-01-24,0.0
84270,2011-01-31,0.0
84270,2011-02-07,0.0
84270,2011-02-14,0.0
84270,2011-02-21,0.0
84270,2011-02-28,0.0
84270,2011-03-07,0.0
84270,2011-03-14,0.0
84270,2011-03-21,0.0
84270,2011-03-28,0.0
84270,2011-04-04,0.0
84270,2011-04-11,0.0
84270,2011-04-18,0.0
84270,2011-04-25,0.0
84270,2011-05-02,0.0
84270,2011-05-09,0.0
84270,2011-05-16,0.0
84270,2011-05-23,0.0
84270,2011-05-30,0.0
84270,2011-06-06,0.0
84270,2011-06-13,0.0
84270,2011-06-20,0.0
84270,2011-06-27,0.0
84270,2011-07-04,0.0
84270,2011-07-11,0.0
84270,2011-07-18,0.0
84270,2011-07-25,0.0
84270,2011-08-01,0.0
84270,2011-08-08,0.0
84270,2011-08-15,0.0
84270,2011-08-22,0.0
84270,2011-08-29,0.0
84270,2011-09-05,0.0
84270,2011-09-12,0.0
84270,2011-09-19,0.0
84270,2011-09-26,0.0
84270,2011-10-03,0.0
84270,2011-10-10,0.0
84270,2011-10-17,0.0
84270,2011-10-24,0.0
84270,2011-10-31,0.0
84270,2011-11-07,0.0
84270,2011-11-14,0.0
84270,2011-11-21,0.0
84270,2011-11-28,0.0
84347,2009-12-07,37.0
84347,2009-12-14,9.0
84347,2009-12-21,11.0
84347,2009-12-28,0.0
84347,2010-01-04,0.0
84347,2010-01-11,0.0
84347,2010-01-18,9.0
84347,2010-01-25,1.0
84347,2010-02-01,0.0
84347,2010-02-08,3.0
84347,2010-02-15,0.0
84347,2010-02-22,0.0
84347,2010-03-01,0.0
84347,2010-03-08,0.0
84347,2010-03-15,0.0
84347,2010-03-22,0.0
84347,2010-03-29,0.0
84347,2010-04-05,6.0
84347,2010-04-12,0.0
84347,2010-04-19,0.0
84347,2010-04-26,0.0
84347,2010-05-03,0.0
84347,2010-05-10,0.0
84347,2010-05-17,0.0
84347,2010-05-24,0.0
84347,2010-05-31,3.0
84347,2010-06-07,0.0
84347,2010-06-14,0.0
84347,2010-06-21,0.0
84347,2010-06-28,6.0
84347,2010-07-05,2.0
84347,2010-07-12,1.0
84347,2010-07-19,35.0
84347,2010-07-26,12.0
84347,2010-08-02,47.0
84347,2010-08-09,24.0
84347,2010-08-16,36.0
84347,2010-08-23,60.0
84347,2010-08-30,1943.0
84347,2010-09-06,156.0
84347,2010-09-13,61.0
84347,2010-09-20,274.0
84347,2010-09-27,264.0
84347,2010-10-04,3376.0
84347,2010-10-11,211.0
84347,2010-10-18,730.0
84347,2010-10-25,166.0
84347,2010-11-01,9679.0
84347,2010-11-08,410.0
84347,2010-11-15,1411.0
84347,2010-11-22,647.0
84347,2010-11-29,901.0
84347,2010-12-06,661.0
84347,2010-12-13,765.0
84347,2010-12-20,184.0
84347,2010-12-27,0.0
84347,2011-01-03,9.0
84347,2011-01-10,13.0
84347,2011-01-17,11.0
84347,2011-01-24,1.0
84347,2011-01-31,12.0
84347,2011-02-07,11.0
84347,2011-02-14,5.0
84347,2011-02-21,6.0
84347,2011-02-28,3.0
84347,2011-03-07,2.0
84347,2011-03-14,5.0
84347,2011-03-21,0.0
84347,2011-03-28,3.0
84347,2011-04-04,0.0
84347,2011-04-11,0.0
84347,2011-04-18,6.0
84347,2011-04-25,0.0
84347,2011-05-02,0.0
84347,2011-05-09,48.0
84347,2011-05-16,0.0
84347,2011-05-23,12.0
84347,2011-05-30,1.0
84347,2011-06-06,0.0
84347,2011-06-13,2.0
84347,2011-06-20,1.0
84347,2011-06-27,3.0
84347,2011-07-04,120.0
84347,2011-07-11,0.0
84347,2011-07-18,1.0
84347,2011-07-25,6.0
84347,2011-08-01,12.0
84347,2011-08-08,0.0
84347,2011-08-15,17.0
84347,2011-08-22,18.0
84347,2011-08-29,4.0
84347,2011-09-05,38.0
84347,2011-09-12,294.0
84347,2011-09-19,367.0
84347,2011-09-26,40.0
84347,2011-10-03,178.0
84347,2011-10-10,469.0
84347,2011-10-17,400.0
84347,2011-10-24,669.0
84347,2011-10-31,319.0
84347,2011-11-07,582.0
84347,2011-11-14,735.0
84347,2011-11-21,1144.0
84347,2011-11-28,686.0
84568,2009-12-07,25.0
84568,2009-12-14,376.0
84568,2009-12-21,34.0
84568,2009-12-28,0.0
84568,2010-01-04,0.0
84568,2010-01-11,29.0
84568,2010-01-18,19.0
84568,2010-01-25,5.0
84568,2010-02-01,27.0
84568,2010-02-08,288.0
84568,2010-02-15,581.0
84568,2010-02-22,8.0
84568,2010-03-01,0.0
84568,2010-03-08,1780.0
84568,2010-03-15,890.0
84568,2010-03-22,906.0
84568,2010-03-29,596.0
84568,2010-04-05,600.0
84568,2010-04-12,0.0
84568,2010-04-19,21.0
84568,2010-04-26,620.0
84568,2010-05-03,362.0
84568,2010-05-10,0.0
84568,2010-05-17,7.0
84568,2010-05-24,289.0
84568,2010-05-31,6.0
84568,2010-06-07,288.0
84568,2010-06-14,584.0
84568,2010-06-21,22.0
84568,2010-06-28,14.0
84568,2010-07-05,3.0
84568,2010-07-12,290.0
84568,2010-07-19,3.0
84568,2010-07-26,27.0
84568,2010-08-02,44.0
84568,2010-08-09,1767.0
84568,2010-08-16,41.0
84568,2010-08-23,26.0
84568,2010-08-30,65.0
84568,2010-09-06,369.0
84568,2010-09-13,343.0
84568,2010-09-20,36.0
84568,2010-09-27,2044.0
84568,2010-10-04,322.0
84568,2010-10-11,1443.0
84568,2010-10-18,2899.0
84568,2010-10-25,5.0
84568,2010-11-01,32.0
84568,2010-11-08,309.0
84568,2010-11-15,637.0
84568,2010-11-22,1452.0
84568,2010-11-29,0.0
84568,2010-12-06,68.0
84568,2010-12-13,57.0
84568,2010-12-20,0.0
84568,2010-12-27,0.0
84568,2011-01-03,0.0
84568,2011-01-10,24.0
84568,2011-01-17,32.0
84568,2011-01-24,16.0
84568,2011-01-31,96.0
84568,2011-02-07,0.0
84568,2011-02-14,300.0
84568,2011-02-21,295.0
84568,2011-02-28,337.0
84568,2011-03-07,3.0
84568,2011-03-14,47.0
84568,2011-03-21,81.0
84568,2011-03-28,1740.0
84568,2011-04-04,30.0
84568,2011-04-11,288.0
84568,2011-04-18,36.0
84568,2011-04-25,0.0
84568,2011-05-02,19.0
84568,2011-05-09,308.0
84568,2011-05-16,288.0
84568,2011-05-23,4.0
84568,2011-05-30,297.0
84568,2011-06-06,288.0
84568,2011-06-13,13.0
84568,2011-06-20,40.0
84568,2011-06-27,288.0
84568,2011-07-04,8.0
84568,2011-07-11,583.0
84568,2011-07-18,44.0
84568,2011-07-25,2944.0
84568,2011-08-01,52.0
84568,2011-08-08,35.0
84568,2011-08-15,0.0
84568,2011-08-22,0.0
84568,2011-08-29,1532.0
84568,2011-09-05,45.0
84568,2011-09-12,32.0
84568,2011-09-19,24.0
84568,2011-09-26,9.0
84568,2011-10-03,0.0
84568,2011-10-10,18.0
84568,2011-10-17,24.0
84568,2011-10-24,0.0
84568,2011-10-31,30.0
84568,2011-11-07,43.0
84568,2011-11-14,319.0
84568,2011-11-21,362.0
84568,2011-11-28,354.0
84598,2009-12-07,11.0
84598,2009-12-14,346.0
84598,2009-12-21,9.0
84598,2009-12-28,0.0
84598,2010-01-04,0.0
84598,2010-01-11,17.0
84598,2010-01-18,10.0
84598,2010-01-25,11.0
84598,2010-02-01,41.0
84598,2010-02-08,288.0
84598,2010-02-15,297.0
84598,2010-02-22,5.0
84598,2010-03-01,27.0
84598,2010-03-08,1456.0
84598,2010-03-15,884.0
84598,2010-03-22,589.0
84598,2010-03-29,589.0
84598,2010-04-05,3.0
84598,2010-04-12,0.0
84598,2010-04-19,43.0
84598,2010-04-26,10.0
84598,2010-05-03,317.0
84598,2010-05-10,0.0
84598,2010-05-17,3.0
84598,2010-05-24,290.0
84598,2010-05-31,0.0
84598,2010-06-07,0.0
84598,2010-06-14,586.0
84598,2010-06-21,6.0
84598,2010-06-28,9.0
84598,2010-07-05,0.0
84598,2010-07-12,295.0
84598,2010-07-19,3.0
84598,2010-07-26,3.0
84598,2010-08-02,26.0
84598,2010-08-09,1752.0
84598,2010-08-16,294.0
84598,2010-08-23,10.0
84598,2010-08-30,29.0
84598,2010-09-06,336.0
84598,2010-09-13,306.0
84598,2010-09-20,0.0
84598,2010-09-27,593.0
84598,2010-10-04,2.0
84598,2010-10-11,1153.0
84598,2010-10-18,2884.0
84598,2010-10-25,3.0
84598,2010-11-01,7.0
84598,2010-11-08,1748.0
84598,2010-11-15,604.0
84598,2010-11-22,5.0
84598,2010-11-29,3.0
84598,2010-12-06,21.0
84598,2010-12-13,24.0
84598,2010-12-20,13.0
84598,2010-12-27,0.0
84598,2011-01-03,0.0
84598,2011-01-10,6.0
84598,2011-01-17,40.0
84598,2011-01-24,4.0
84598,2011-01-31,101.0
84598,2011-02-07,13.0
84598,2011-02-14,311.0
84598,2011-02-21,11.0
84598,2011-02-28,18.0
84598,2011-03-07,0.0
84598,2011-03-14,23.0
84598,2011-03-21,2.0
84598,2011-03-28,288.0
84598,2011-04-04,13.0
84598,2011-04-11,0.0
84598,2011-04-18,35.0
84598,2011-04-25,0.0
84598,2011-05-02,15.0
84598,2011-05-09,3.0
84598,2011-05-16,0.0
84598,2011-05-23,20.0
84598,2011-05-30,9.0
84598,2011-06-06,0.0
84598,2011-06-13,24.0
84598,2011-06-20,0.0
84598,2011-06-27,0.0
84598,2011-07-04,10.0
84598,2011-07-11,0.0
84598,2011-07-18,4.0
84598,2011-07-25,22.0
84598,2011-08-01,36.0
84598,2011-08-08,21.0
84598,2011-08-15,0.0
84598,2011-08-22,0.0
84598,2011-08-29,42.0
84598,2011-09-05,21.0
84598,2011-09-12,12.0
84598,2011-09-19,20.0
84598,2011-09-26,12.0
84598,2011-10-03,20.0
84598,2011-10-10,6.0
84598,2011-10-17,16.0
84598,2011-10-24,0.0
84598,2011-10-31,32.0
84598,2011-11-07,24.0
84598,2011-11-14,26.0
84598,2011-11-21,21.0
84598,2011-11-28,41.0
84755,2009-12-07,245.0
84755,2009-12-14,84.0
84755,2009-12-21,17.0
84755,2009-12-28,0.0
84755,2010-01-04,72.0
84755,2010-01-11,42.0
84755,2010-01-18,146.0
84755,2010-01-25,186.0
84755,2010-02-01,17.0
84755,2010-02-08,122.0
84755,2010-02-15,161.0
84755,2010-02-22,200.0
84755,2010-03-01,201.0
84755,2010-03-08,282.0
84755,2010-03-15,1656.0
84755,2010-03-22,833.0
84755,2010-03-29,419.0
84755,2010-04-05,885.0
84755,2010-04-12,368.0
84755,2010-04-19,487.0
84755,2010-04-26,968.0
84755,2010-05-03,574.0
84755,2010-05-10,1728.0
84755,2010-05-17,535.0
84755,2010-05-24,469.0
84755,2010-05-31,653.0
84755,2010-06-07,1742.0
84755,2010-06-14,824.0
84755,2010-06-21,552.0
84755,2010-06-28,484.0
84755,2010-07-05,708.0
84755,2010-07-12,586.0
84755,2010-07-19,328.0
84755,2010-07-26,553.0
84755,2010-08-02,720.0
84755,2010-08-09,464.0
84755,2010-08-16,552.0
84755,2010-08-23,336.0
84755,2010-08-30,436.0
84755,2010-09-06,336.0
84755,2010-09-13,136.0
84755,2010-09-20,144.0
84755,2010-09-27,272.0
84755,2010-10-04,296.0
84755,2010-10-11,56.0
84755,2010-10-18,16.0
84755,2010-10-25,128.0
84755,2010-11-01,178.0
84755,2010-11-08,152.0
84755,2010-11-15,162.0
84755,2010-11-22,80.0
84755,2010-11-29,284.0
84755,2010-12-06,144.0
84755,2010-12-13,160.0
84755,2010-12-20,8.0
84755,2010-12-27,0.0
84755,2011-01-03,200.0
84755,2011-01-10,56.0
84755,2011-01-17,216.0
84755,2011-01-24,84.0
84755,2011-01-31,48.0
84755,2011-02-07,208.0
84755,2011-02-14,96.0
84755,2011-02-21,297.0
84755,2011-02-28,116.0
84755,2011-03-07,472.0
84755,2011-03-14,148.0
84755,2011-03-21,264.0
84755,2011-03-28,150.0
84755,2011-04-04,236.0
84755,2011-04-11,632.0
84755,2011-04-18,604.0
84755,2011-04-25,298.0
84755,2011-05-02,792.0
84755,2011-05-09,724.0
84755,2011-05-16,578.0
84755,2011-05-23,660.0
84755,2011-05-30,480.0
84755,2011-06-06,460.0
84755,2011-06-13,624.0
84755,2011-06-20,180.0
84755,2011-06-27,360.0
84755,2011-07-04,480.0
84755,2011-07-11,324.0
84755,2011-07-18,472.0
84755,2011-07-25,306.0
84755,2011-08-01,228.0
84755,2011-08-08,544.0
84755,2011-08-15,204.0
84755,2011-08-22,464.0
84755,2011-08-29,272.0
84755,2011-09-05,284.0
84755,2011-09-12,392.0
84755,2011-09-19,228.0
84755,2011-09-26,48.0
84755,2011-10-03,288.0
84755,2011-10-10,48.0
84755,2011-10-17,196.0
84755,2011-10-24,112.0
84755,2011-10-31,108.0
84755,2011-11-07,308.0
84755,2011-11-14,144.0
84755,2011-11-21,348.0
84755,2011-11-28,40.0
84879,2009-12-07,1189.0
84879,2009-12-14,1308.0
84879,2009-12-21,50.0
84879,2009-12-28,0.0
84879,2010-01-04,160.0
84879,2010-01-11,209.0
84879,2010-01-18,737.0
84879,2010-01-25,203.0
84879,2010-02-01,226.0
84879,2010-02-08,504.0
84879,2010-02-15,587.0
84879,2010-02-22,286.0
84879,2010-03-01,527.0
84879,2010-03-08,669.0
84879,2010-03-15,423.0
84879,2010-03-22,632.0
84879,2010-03-29,323.0
84879,2010-04-05,736.0
84879,2010-04-12,453.0
84879,2010-04-19,480.0
84879,2010-04-26,919.0
84879,2010-05-03,342.0
84879,2010-05-10,691.0
84879,2010-05-17,275.0
84879,2010-05-24,552.0
84879,2010-05-31,309.0
84879,2010-06-07,248.0
84879,2010-06-14,409.0
84879,2010-06-21,244.0
84879,2010-06-28,532.0
84879,2010-07-05,858.0
84879,2010-07-12,384.0
84879,2010-07-19,1043.0
84879,2010-07-26,461.0
84879,2010-08-02,640.0
84879,2010-08-09,742.0
84879,2010-08-16,664.0
84879,2010-08-23,976.0
84879,2010-08-30,915.0
84879,2010-09-06,355.0
84879,2010-09-13,587.0
84879,2010-09-20,1498.0
84879,2010-09-27,605.0
84879,2010-10-04,753.0
84879,2010-10-11,2269.0
84879,2010-10-18,1736.0
84879,2010-10-25,943.0
84879,2010-11-01,936.0
84879,2010-11-08,5584.0
84879,2010-11-15,1388.0
84879,2010-11-22,859.0
84879,2010-11-29,1176.0
84879,2010-12-06,661.0
84879,2010-12-13,614.0
84879,2010-12-20,16.0
84879,2010-12-27,0.0
84879,2011-01-03,472.0
84879,2011-01-10,394.0
84879,2011-01-17,139.0
84879,2011-01-24,336.0
84879,2011-01-31,705.0
84879,2011-02-07,160.0
84879,2011-02-14,564.0
84879,2011-02-21,328.0
84879,2011-02-28,181.0
84879,2011-03-07,610.0
84879,2011-03-14,960.0
84879,2011-03-21,351.0
84879,2011-03-28,401.0
84879,2011-04-04,753.0
84879,2011-04-11,815.0
84879,2011-04-18,540.0
84879,2011-04-25,244.0
84879,2011-05-02,522.0
84879,2011-05-09,905.0
84879,2011-05-16,563.0
84879,2011-05-23,381.0
84879,2011-05-30,328.0
84879,2011-06-06,292.0
84879,2011-06-13,270.0
84879,2011-06-20,262.0
84879,2011-06-27,276.0
84879,2011-07-04,444.0
84879,2011-07-11,362.0
84879,2011-07-18,511.0
84879,2011-07-25,392.0
84879,2011-08-01,3792.0
84879,2011-08-08,1315.0
84879,2011-08-15,548.0
84879,2011-08-22,810.0
84879,2011-08-29,200.0
84879,2011-09-05,384.0
84879,2011-09-12,740.0
84879,2011-09-19,637.0
84879,2011-09-26,791.0
84879,2011-10-03,573.0
84879,2011-10-10,412.0
84879,2011-10-17,732.0
84879,2011-10-24,745.0
84879,2011-10-31,912.0
84879,2011-11-07,1732.0
84879,2011-11-14,1086.0
84879,2011-11-21,946.0
84879,2011-11-28,953.0
84946,2009-12-07,1241.0
84946,2009-12-14,454.0
84946,2009-12-21,48.0
84946,2009-12-28,0.0
84946,2010-01-04,132.0
84946,2010-01-11,66.0
84946,2010-01-18,158.0
84946,2010-01-25,124.0
84946,2010-02-01,359.0
84946,2010-02-08,70.0
84946,2010-02-15,90.0
84946,2010-02-22,146.0
84946,2010-03-01,249.0
84946,2010-03-08,181.0
84946,2010-03-15,91.0
84946,2010-03-22,261.0
84946,2010-03-29,279.0
84946,2010-04-05,252.0
84946,2010-04-12,87.0
84946,2010-04-19,436.0
84946,2010-04-26,139.0
84946,2010-05-03,227.0
84946,2010-05-10,255.0
84946,2010-05-17,597.0
84946,2010-05-24,285.0
84946,2010-05-31,61.0
84946,2010-06-07,239.0
84946,2010-06-14,276.0
84946,2010-06-21,45.0
84946,2010-06-28,231.0
84946,2010-07-05,144.0
84946,2010-07-12,338.0
84946,2010-07-19,280.0
84946,2010-07-26,340.0
84946,2010-08-02,331.0
84946,2010-08-09,394.0
84946,2010-08-16,303.0
84946,2010-08-23,131.0
84946,2010-08-30,331.0
84946,2010-09-06,457.0
84946,2010-09-13,252.0
84946,2010-09-20,414.0
84946,2010-09-27,420.0
84946,2010-10-04,584.0
84946,2010-10-11,241.0
84946,2010-10-18,372.0
84946,2010-10-25,391.0
84946,2010-11-01,511.0
84946,2010-11-08,1285.0
84946,2010-11-15,831.0
84946,2010-11-22,1024.0
84946,2010-11-29,683.0
84946,2010-12-06,851.0
84946,2010-12-13,646.0
84946,2010-12-20,85.0
84946,2010-12-27,0.0
84946,2011-01-03,328.0
84946,2011-01-10,97.0
84946,2011-01-17,231.0
84946,2011-01-24,129.0
84946,2011-01-31,160.0
84946,2011-02-07,413.0
84946,2011-02-14,224.0
84946,2011-02-21,160.0
84946,2011-02-28,231.0
84946,2011-03-07,91.0
84946,2011-03-14,396.0
84946,2011-03-21,367.0
84946,2011-03-28,161.0
84946,2011-04-04,196.0
84946,2011-04-11,240.0
84946,2011-04-18,259.0
84946,2011-04-25,161.0
84946,2011-05-02,380.0
84946,2011-05-09,242.0
84946,2011-05-16,411.0
84946,2011-05-23,595.0
84946,2011-05-30,269.0
84946,2011-06-06,576.0
84946,2011-06-13,294.0
84946,2011-06-20,156.0
84946,2011-06-27,372.0
84946,2011-07-04,463.0
84946,2011-07-11,96.0
84946,2011-07-18,507.0
84946,2011-07-25,159.0
84946,2011-08-01,577.0
84946,2011-08-08,163.0
84946,2011-08-15,540.0
84946,2011-08-22,264.0
84946,2011-08-29,184.0
84946,2011-09-05,247.0
84946,2011-09-12,115.0
84946,2011-09-19,477.0
84946,2011-09-26,378.0
84946,2011-10-03,342.0
84946,2011-10-10,475.0
84946,2011-10-17,412.0
84946,2011-10-24,216.0
84946,2011-10-31,823.0
84946,2011-11-07,1043.0
84946,2011-11-14,809.0
84946,2011-11-21,541.0
84946,2011-11-28,489.0
84970S,2009-12-07,264.0
84970S,2009-12-14,372.0
84970S,2009-12-21,7.0
84970S,2009-12-28,0.0
84970S,2010-01-04,84.0
84970S,2010-01-11,137.0
84970S,2010-01-18,246.0
84970S,2010-01-25,384.0
84970S,2010-02-01,221.0
84970S,2010-02-08,269.0
84970S,2010-02-15,238.0
84970S,2010-02-22,386.0
84970S,2010-03-01,281.0
84970S,2010-03-08,139.0
84970S,2010-03-15,134.0
84970S,2010-03-22,173.0
84970S,2010-03-29,512.0
84970S,2010-04-05,250.0
84970S,2010-04-12,284.0
84970S,2010-04-19,411.0
84970S,2010-04-26,426.0
84970S,2010-05-03,275.0
84970S,2010-05-10,211.0
84970S,2010-05-17,202.0
84970S,2010-05-24,523.0
84970S,2010-05-31,282.0
84970S,2010-06-07,413.0
84970S,2010-06-14,251.0
84970S,2010-06-21,221.0
84970S,2010-06-28,413.0
84970S,2010-07-05,238.0
84970S,2010-07-12,159.0
84970S,2010-07-19,205.0
84970S,2010-07-26,499.0
84970S,2010-08-02,700.0
84970S,2010-08-09,338.0
84970S,2010-08-16,304.0
84970S,2010-08-23,265.0
84970S,2010-08-30,389.0
84970S,2010-09-06,139.0
84970S,2010-09-13,535.0
84970S,2010-09-20,312.0
84970S,2010-09-27,163.0
84970S,2010-10-04,206.0
84970S,2010-10-11,212.0
84970S,2010-10-18,376.0
84970S,2010-10-25,120.0
84970S,2010-11-01,305.0
84970S,2010-11-08,347.0
84970S,2010-11-15,261.0
84970S,2010-11-22,471.0
84970S,2010-11-29,316.0
84970S,2010-12-06,141.0
84970S,2010-12-13,213.0
84970S,2010-12-20,62.0
84970S,2010-12-27,0.0
84970S,2011-01-03,99.0
84970S,2011-01-10,111.0
84970S,2011-01-17,361.0
84970S,2011-01-24,105.0
84970S,2011-01-31,179.0
84970S,2011-02-07,75.0
84970S,2011-02-14,97.0
84970S,2011-02-21,140.0
84970S,2011-02-28,171.0
84970S,2011-03-07,395.0
84970S,2011-03-14,237.0
84970S,2011-03-21,262.0
84970S,2011-03-28,111.0
84970S,2011-04-04,201.0
84970S,2011-04-11,372.0
84970S,2011-04-18,367.0
84970S,2011-04-25,220.0
84970S,2011-05-02,228.0
84970S,2011-05-09,188.0
84970S,2011-05-16,327.0
84970S,2011-05-23,263.0
84970S,2011-05-30,104.0
84970S,2011-06-06,312.0
84970S,2011-06-13,54.0
84970S,2011-06-20,157.0
84970S,2011-06-27,74.0
84970S,2011-07-04,49.0
84970S,2011-07-11,93.0
84970S,2011-07-18,198.0
84970S,2011-07-25,119.0
84970S,2011-08-01,56.0
84970S,2011-08-08,63.0
84970S,2011-08-15,76.0
84970S,2011-08-22,51.0
84970S,2011-08-29,119.0
84970S,2011-09-05,85.0
84970S,2011-09-12,85.0
84970S,2011-09-19,89.0
84970S,2011-09-26,202.0
84970S,2011-10-03,40.0
84970S,2011-10-10,266.0
84970S,2011-10-17,66.0
84970S,2011-10-24,76.0
84970S,2011-10-31,93.0
84970S,2011-11-07,54.0
84970S,2011-11-14,84.0
84970S,2011-11-21,203.0
84970S,2011-11-28,265.0
84991,2009-12-07,486.0
84991,2009-12-14,308.0
84991,2009-12-21,5.0
84991,2009-12-28,0.0
84991,2010-01-04,480.0
84991,2010-01-11,429.0
84991,2010-01-18,658.0
84991,2010-01-25,374.0
84991,2010-02-01,424.0
84991,2010-02-08,451.0
84991,2010-02-15,609.0
84991,2010-02-22,507.0
84991,2010-03-01,719.0
84991,2010-03-08,392.0
84991,2010-03-15,589.0
84991,2010-03-22,595.0
84991,2010-03-29,265.0
84991,2010-04-05,746.0
84991,2010-04-12,374.0
84991,2010-04-19,644.0
84991,2010-04-26,493.0
84991,2010-05-03,388.0
84991,2010-05-10,424.0
84991,2010-05-17,658.0
84991,2010-05-24,1317.0
84991,2010-05-31,88.0
84991,2010-06-07,886.0
84991,2010-06-14,325.0
84991,2010-06-21,656.0
84991,2010-06-28,901.0
84991,2010-07-05,411.0
84991,2010-07-12,485.0
84991,2010-07-19,408.0
84991,2010-07-26,507.0
84991,2010-08-02,431.0
84991,2010-08-09,1671.0
84991,2010-08-16,507.0
84991,2010-08-23,341.0
84991,2010-08-30,347.0
84991,2010-09-06,516.0
84991,2010-09-13,556.0
84991,2010-09-20,315.0
84991,2010-09-27,520.0
84991,2010-10-04,984.0
84991,2010-10-11,625.0
84991,2010-10-18,464.0
84991,2010-10-25,406.0
84991,2010-11-01,600.0
84991,2010-11-08,489.0
84991,2010-11-15,743.0
84991,2010-11-22,214.0
84991,2010-11-29,332.0
84991,2010-12-06,218.0
84991,2010-12-13,284.0
84991,2010-12-20,511.0
84991,2010-12-27,0.0
84991,2011-01-03,170.0
84991,2011-01-10,293.0
84991,2011-01-17,34.0
84991,2011-01-24,124.0
84991,2011-01-31,337.0
84991,2011-02-07,83.0
84991,2011-02-14,235.0
84991,2011-02-21,170.0
84991,2011-02-28,134.0
84991,2011-03-07,334.0
84991,2011-03-14,514.0
84991,2011-03-21,166.0
84991,2011-03-28,447.0
84991,2011-04-04,221.0
84991,2011-04-11,451.0
84991,2011-04-18,1182.0
84991,2011-04-25,222.0
84991,2011-05-02,264.0
84991,2011-05-09,218.0
84991,2011-05-16,207.0
84991,2011-05-23,133.0
84991,2011-05-30,56.0
84991,2011-06-06,90.0
84991,2011-06-13,160.0
84991,2011-06-20,94.0
84991,2011-06-27,65.0
84991,2011-07-04,621.0
84991,2011-07-11,85.0
84991,2011-07-18,124.0
84991,2011-07-25,234.0
84991,2011-08-01,197.0
84991,2011-08-08,316.0
84991,2011-08-15,552.0
84991,2011-08-22,105.0
84991,2011-08-29,115.0
84991,2011-09-05,549.0
84991,2011-09-12,733.0
84991,2011-09-19,306.0
84991,2011-09-26,220.0
84991,2011-10-03,157.0
84991,2011-10-10,73.0
84991,2011-10-17,129.0
84991,2011-10-24,341.0
84991,2011-10-31,215.0
84991,2011-11-07,190.0
84991,2011-11-14,283.0
84991,2011-11-21,333.0
84991,2011-11-28,112.0
84992,2009-12-07,225.0
84992,2009-12-14,309.0
84992,2009-12-21,484.0
84992,2009-12-28,0.0
84992,2010-01-04,397.0
84992,2010-01-11,543.0
84992,2010-01-18,639.0
84992,2010-01-25,919.0
84992,2010-02-01,368.0
84992,2010-02-08,496.0
84992,2010-02-15,238.0
84992,2010-02-22,122.0
84992,2010-03-01,388.0
84992,2010-03-08,87.0
84992,2010-03-15,422.0
84992,2010-03-22,274.0
84992,2010-03-29,39.0
84992,2010-04-05,295.0
84992,2010-04-12,49.0
84992,2010-04-19,374.0
84992,2010-04-26,284.0
84992,2010-05-03,62.0
84992,2010-05-10,243.0
84992,2010-05-17,126.0
84992,2010-05-24,343.0
84992,2010-05-31,79.0
84992,2010-06-07,355.0
84992,2010-06-14,93.0
84992,2010-06-21,274.0
84992,2010-06-28,552.0
84992,2010-07-05,320.0
84992,2010-07-12,150.0
84992,2010-07-19,319.0
84992,2010-07-26,275.0
84992,2010-08-02,240.0
84992,2010-08-09,456.0
84992,2010-08-16,666.0
84992,2010-08-23,65.0
84992,2010-08-30,157.0
84992,2010-09-06,121.0
84992,2010-09-13,139.0
84992,2010-09-20,311.0
84992,2010-09-27,83.0
84992,2010-10-04,452.0
84992,2010-10-11,193.0
84992,2010-10-18,319.0
84992,2010-10-25,290.0
84992,2010-11-01,410.0
84992,2010-11-08,109.0
84992,2010-11-15,2094.0
84992,2010-11-22,233.0
84992,2010-11-29,162.0
84992,2010-12-06,99.0
84992,2010-12-13,95.0
84992,2010-12-20,723.0
84992,2010-12-27,0.0
84992,2011-01-03,237.0
84992,2011-01-10,121.0
84992,2011-01-17,166.0
84992,2011-01-24,327.0
84992,2011-01-31,350.0
84992,2011-02-07,172.0
84992,2011-02-14,102.0
84992,2011-02-21,225.0
84992,2011-02-28,147.0
84992,2011-03-07,104.0
84992,2011-03-14,616.0
84992,2011-03-21,39.0
84992,2011-03-28,224.0
84992,2011-04-04,128.0
84992,2011-04-11,55.0
84992,2011-04-18,561.0
84992,2011-04-25,43.0
84992,2011-05-02,182.0
84992,2011-05-09,86.0
84992,2011-05-16,88.0
84992,2011-05-23,63.0
84992,2011-05-30,28.0
84992,2011-06-06,90.0
84992,2011-06-13,49.0
84992,2011-06-20,66.0
84992,2011-06-27,0.0
84992,2011-07-04,1537.0
84992,2011-07-11,55.0
84992,2011-07-18,157.0
84992,2011-07-25,12.0
84992,2011-08-01,249.0
84992,2011-08-08,83.0
84992,2011-08-15,89.0
84992,2011-08-22,30.0
84992,2011-08-29,168.0
84992,2011-09-05,87.0
84992,2011-09-12,655.0
84992,2011-09-19,216.0
84992,2011-09-26,110.0
84992,2011-10-03,161.0
84992,2011-10-10,33.0
84992,2011-10-17,104.0
84992,2011-10-24,275.0
84992,2011-10-31,42.0
84992,2011-11-07,135.0
84992,2011-11-14,64.0
84992,2011-11-21,55.0
84992,2011-11-28,161.0
85099B,2009-12-07,1233.0
85099B,2009-12-14,1254.0
85099B,2009-12-21,16.0
85099B,2009-12-28,0.0
85099B,2010-01-04,712.0
85099B,2010-01-11,879.0
85099B,2010-01-18,517.0
85099B,2010-01-25,404.0
85099B,2010-02-01,438.0
85099B,2010-02-08,547.0
85099B,2010-02-15,1004.0
85099B,2010-02-22,613.0
85099B,2010-03-01,724.0
85099B,2010-03-08,760.0
85099B,2010-03-15,465.0
85099B,2010-03-22,689.0
85099B,2010-03-29,388.0
85099B,2010-04-05,416.0
85099B,2010-04-12,996.0
85099B,2010-04-19,575.0
85099B,2010-04-26,1469.0
85099B,2010-05-03,822.0
85099B,2010-05-10,954.0
85099B,2010-05-17,624.0
85099B,2010-05-24,740.0
85099B,2010-05-31,604.0
85099B,2010-06-07,937.0
85099B,2010-06-14,486.0
85099B,2010-06-21,631.0
85099B,2010-06-28,1145.0
85099B,2010-07-05,678.0
85099B,2010-07-12,835.0
85099B,2010-07-19,1216.0
85099B,2010-07-26,598.0
85099B,2010-08-02,716.0
85099B,2010-08-09,905.0
85099B,2010-08-16,159.0
85099B,2010-08-23,1.0
85099B,2010-08-30,1888.0
85099B,2010-09-06,1273.0
85099B,2010-09-13,918.0
85099B,2010-09-20,1415.0
85099B,2010-09-27,1668.0
85099B,2010-10-04,965.0
85099B,2010-10-11,1635.0
85099B,2010-10-18,543.0
85099B,2010-10-25,495.0
85099B,2010-11-01,753.0
85099B,2010-11-08,2100.0
85099B,2010-11-15,954.0
85099B,2010-11-22,1192.0
85099B,2010-11-29,1397.0
85099B,2010-12-06,842.0
85099B,2010-12-13,407.0
85099B,2010-12-20,170.0
85099B,2010-12-27,0.0
85099B,2011-01-03,1354.0
85099B,2011-01-10,185.0
85099B,2011-01-17,274.0
85099B,2011-01-24,482.0
85099B,2011-01-31,945.0
85099B,2011-02-07,278.0
85099B,2011-02-14,973.0
85099B,2011-02-21,600.0
85099B,2011-02-28,574.0
85099B,2011-03-07,698.0
85099B,2011-03-14,1546.0
85099B,2011-03-21,1348.0
85099B,2011-03-28,993.0
85099B,2011-04-04,725.0
85099B,2011-04-11,606.0
85099B,2011-04-18,519.0
85099B,2011-04-25,375.0
85099B,2011-05-02,320.0
85099B,2011-05-09,1076.0
85099B,2011-05-16,868.0
85099B,2011-05-23,923.0
85099B,2011-05-30,261.0
85099B,2011-06-06,773.0
85099B,2011-06-13,829.0
85099B,2011-06-20,791.0
85099B,2011-06-27,595.0
85099B,2011-07-04,1324.0
85099B,2011-07-11,411.0
85099B,2011-07-18,712.0
85099B,2011-07-25,540.0
85099B,2011-08-01,1026.0
85099B,2011-08-08,1123.0
85099B,2011-08-15,976.0
85099B,2011-08-22,1358.0
85099B,2011-08-29,677.0
85099B,2011-09-05,536.0
85099B,2011-09-12,741.0
85099B,2011-09-19,1387.0
85099B,2011-09-26,889.0
85099B,2011-10-03,2636.0
85099B,2011-10-10,847.0
85099B,2011-10-17,725.0
85099B,2011-10-24,590.0
85099B,2011-10-31,823.0
85099B,2011-11-07,2159.0
85099B,2011-11-14,1562.0
85099B,2011-11-21,727.0
85099B,2011-11-28,1009.0
85099C,2009-12-07,683.0
85099C,2009-12-14,137.0
85099C,2009-12-21,10.0
85099C,2009-12-28,0.0
85099C,2010-01-04,174.0
85099C,2010-01-11,449.0
85099C,2010-01-18,92.0
85099C,2010-01-25,213.0
85099C,2010-02-01,238.0
85099C,2010-02-08,277.0
85099C,2010-02-15,521.0
85099C,2010-02-22,159.0
85099C,2010-03-01,409.0
85099C,2010-03-08,163.0
85099C,2010-03-15,169.0
85099C,2010-03-22,396.0
85099C,2010-03-29,84.0
85099C,2010-04-05,175.0
85099C,2010-04-12,468.0
85099C,2010-04-19,357.0
85099C,2010-04-26,494.0
85099C,2010-05-03,198.0
85099C,2010-05-10,387.0
85099C,2010-05-17,93.0
85099C,2010-05-24,172.0
85099C,2010-05-31,87.0
85099C,2010-06-07,184.0
85099C,2010-06-14,146.0
85099C,2010-06-21,260.0
85099C,2010-06-28,655.0
85099C,2010-07-05,387.0
85099C,2010-07-12,210.0
85099C,2010-07-19,366.0
85099C,2010-07-26,234.0
85099C,2010-08-02,140.0
85099C,2010-08-09,425.0
85099C,2010-08-16,414.0
85099C,2010-08-23,372.0
85099C,2010-08-30,403.0
85099C,2010-09-06,414.0
85099C,2010-09-13,430.0
85099C,2010-09-20,456.0
85099C,2010-09-27,405.0
85099C,2010-10-04,454.0
85099C,2010-10-11,636.0
85099C,2010-10-18,282.0
85099C,2010-10-25,243.0
85099C,2010-11-01,181.0
85099C,2010-11-08,676.0
85099C,2010-11-15,438.0
85099C,2010-11-22,216.0
85099C,2010-11-29,280.0
85099C,2010-12-06,449.0
85099C,2010-12-13,127.0
85099C,2010-12-20,117.0
85099C,2010-12-27,0.0
85099C,2011-01-03,507.0
85099C,2011-01-10,76.0
85099C,2011-01-17,58.0
85099C,2011-01-24,211.0
85099C,2011-01-31,226.0
85099C,2011-02-07,69.0
85099C,2011-02-14,448.0
85099C,2011-02-21,84.0
85099C,2011-02-28,98.0
85099C,2011-03-07,265.0
85099C,2011-03-14,697.0
85099C,2011-03-21,437.0
85099C,2011-03-28,357.0
85099C,2011-04-04,78.0
85099C,2011-04-11,178.0
85099C,2011-04-18,147.0
85099C,2011-04-25,278.0
85099C,2011-05-02,248.0
85099C,2011-05-09,246.0
85099C,2011-05-16,302.0
85099C,2011-05-23,387.0
85099C,2011-05-30,200.0
85099C,2011-06-06,141.0
85099C,2011-06-13,265.0
85099C,2011-06-20,83.0
85099C,2011-06-27,181.0
85099C,2011-07-04,324.0
85099C,2011-07-11,93.0
85099C,2011-07-18,210.0
85099C,2011-07-25,164.0
85099C,2011-08-01,264.0
85099C,2011-08-08,252.0
85099C,2011-08-15,113.0
85099C,2011-08-22,130.0
85099C,2011-08-29,264.0
85099C,2011-09-05,439.0
85099C,2011-09-12,109.0
85099C,2011-09-19,440.0
85099C,2011-09-26,398.0
85099C,2011-10-03,276.0
85099C,2011-10-10,210.0
85099C,2011-10-17,200.0
85099C,2011-10-24,391.0
85099C,2011-10-31,80.0
85099C,2011-11-07,353.0
85099C,2011-11-14,620.0
85099C,2011-11-21,203.0
85099C,2011-11-28,384.0
85099F,2009-12-07,388.0
85099F,2009-12-14,251.0
85099F,2009-12-21,1.0
85099F,2009-12-28,0.0
85099F,2010-01-04,48.0
85099F,2010-01-11,246.0
85099F,2010-01-18,273.0
85099F,2010-01-25,120.0
85099F,2010-02-01,147.0
85099F,2010-02-08,167.0
85099F,2010-02-15,578.0
85099F,2010-02-22,96.0
85099F,2010-03-01,415.0
85099F,2010-03-08,159.0
85099F,2010-03-15,293.0
85099F,2010-03-22,256.0
85099F,2010-03-29,334.0
85099F,2010-04-05,270.0
85099F,2010-04-12,275.0
85099F,2010-04-19,508.0
85099F,2010-04-26,784.0
85099F,2010-05-03,379.0
85099F,2010-05-10,337.0
85099F,2010-05-17,310.0
85099F,2010-05-24,493.0
85099F,2010-05-31,251.0
85099F,2010-06-07,308.0
85099F,2010-06-14,139.0
85099F,2010-06-21,419.0
85099F,2010-06-28,744.0
85099F,2010-07-05,595.0
85099F,2010-07-12,359.0
85099F,2010-07-19,544.0
85099F,2010-07-26,356.0
85099F,2010-08-02,308.0
85099F,2010-08-09,1254.0
85099F,2010-08-16,309.0
85099F,2010-08-23,434.0
85099F,2010-08-30,816.0
85099F,2010-09-06,533.0
85099F,2010-09-13,198.0
85099F,2010-09-20,374.0
85099F,2010-09-27,132.0
85099F,2010-10-04,451.0
85099F,2010-10-11,500.0
85099F,2010-10-18,174.0
85099F,2010-10-25,165.0
85099F,2010-11-01,199.0
85099F,2010-11-08,1184.0
85099F,2010-11-15,333.0
85099F,2010-11-22,175.0
85099F,2010-11-29,128.0
85099F,2010-12-06,162.0
85099F,2010-12-13,229.0
85099F,2010-12-20,11.0
85099F,2010-12-27,0.0
85099F,2011-01-03,703.0
85099F,2011-01-10,349.0
85099F,2011-01-17,139.0
85099F,2011-01-24,93.0
85099F,2011-01-31,381.0
85099F,2011-02-07,70.0
85099F,2011-02-14,236.0
85099F,2011-02-21,76.0
85099F,2011-02-28,265.0
85099F,2011-03-07,381.0
85099F,2011-03-14,1012.0
85099F,2011-03-21,666.0
85099F,2011-03-28,522.0
85099F,2011-04-04,165.0
85099F,2011-04-11,166.0
85099F,2011-04-18,6.0
85099F,2011-04-25,100.0
85099F,2011-05-02,0.0
85099F,2011-05-09,418.0
85099F,2011-05-16,142.0
85099F,2011-05-23,413.0
85099F,2011-05-30,403.0
85099F,2011-06-06,422.0
85099F,2011-06-13,224.0
85099F,2011-06-20,604.0
85099F,2011-06-27,251.0
85099F,2011-07-04,513.0
85099F,2011-07-11,29.0
85099F,2011-07-18,120.0
85099F,2011-07-25,433.0
85099F,2011-08-01,537.0
85099F,2011-08-08,300.0
85099F,2011-08-15,328.0
85099F,2011-08-22,862.0
85099F,2011-08-29,278.0
85099F,2011-09-05,189.0
85099F,2011-09-12,302.0
85099F,2011-09-19,509.0
85099F,2011-09-26,204.0
85099F,2011-10-03,1172.0
85099F,2011-10-10,151.0
85099F,2011-10-17,433.0
85099F,2011-10-24,30.0
85099F,2011-10-31,193.0
85099F,2011-11-07,301.0
85099F,2011-11-14,196.0
85099F,2011-11-21,42.0
85099F,2011-11-28,426.0
85123A,2009-12-07,3045.0
85123A,2009-12-14,1255.0
85123A,2009-12-21,127.0
85123A,2009-12-28,0.0
85123A,2010-01-04,1577.0
85123A,2010-01-11,843.0
85123A,2010-01-18,917.0
85123A,2010-01-25,1364.0
85123A,2010-02-01,677.0
85123A,2010-02-08,574.0
85123A,2010-02-15,669.0
85123A,2010-02-22,719.0
85123A,2010-03-01,762.0
85123A,2010-03-08,848.0
85123A,2010-03-15,1472.0
85123A,2010-03-22,788.0
85123A,2010-03-29,900.0
85123A,2010-04-05,905.0
85123A,2010-04-12,848.0
85123A,2010-04-19,695.0
85123A,2010-04-26,1050.0
85123A,2010-05-03,671.0
85123A,2010-05-10,1046.0
85123A,2010-05-17,1223.0
85123A,2010-05-24,942.0
85123A,2010-05-31,545.0
85123A,2010-06-07,1590.0
85123A,2010-06-14,578.0
85123A,2010-06-21,748.0
85123A,2010-06-28,819.0
85123A,2010-07-05,717.0
85123A,2010-07-12,1245.0
85123A,2010-07-19,1168.0
85123A,2010-07-26,582.0
85123A,2010-08-02,543.0
85123A,2010-08-09,725.0
85123A,2010-08-16,1668.0
85123A,2010-08-23,1106.0
85123A,2010-08-30,553.0
85123A,2010-09-06,848.0
85123A,2010-09-13,1042.0
85123A,2010-09-20,907.0
85123A,2010-09-27,614.0
85123A,2010-10-04,1003.0
85123A,2010-10-11,938.0
85123A,2010-10-18,709.0
85123A,2010-10-25,1383.0
85123A,2010-11-01,989.0
85123A,2010-11-08,1618.0
85123A,2010-11-15,844.0
85123A,2010-11-22,2120.0
85123A,2010-11-29,1445.0
85123A,2010-12-06,1121.0
85123A,2010-12-13,1435.0
85123A,2010-12-20,174.0
85123A,2010-12-27,0.0
85123A,2011-01-03,967.0
85123A,2011-01-10,3328.0
85123A,2011-01-17,397.0
85123A,2011-01-24,520.0
85123A,2011-01-31,550.0
85123A,2011-02-07,503.0
85123A,2011-02-14,327.0
85123A,2011-02-21,327.0
85123A,2011-02-28,368.0
85123A,2011-03-07,430.0
85123A,2011-03-14,446.0
85123A,2011-03-21,353.0
85123A,2011-03-28,570.0
85123A,2011-04-04,374.0
85123A,2011-04-11,468.0
85123A,2011-04-18,2422.0
85123A,2011-04-25,366.0
85123A,2011-05-02,1132.0
85123A,2011-05-09,856.0
85123A,2011-05-16,762.0
85123A,2011-05-23,1020.0
85123A,2011-05-30,629.0
85123A,2011-06-06,352.0
85123A,2011-06-13,391.0
85123A,2011-06-20,224.0
85123A,2011-06-27,252.0
85123A,2011-07-04,264.0
85123A,2011-07-11,1172.0
85123A,2011-07-18,694.0
85123A,2011-07-25,756.0
85123A,2011-08-01,423.0
85123A,2011-08-08,401.0
85123A,2011-08-15,265.0
85123A,2011-08-22,763.0
85123A,2011-08-29,394.0
85123A,2011-09-05,407.0
85123A,2011-09-12,657.0
85123A,2011-09-19,660.0
85123A,2011-09-26,404.0
85123A,2011-10-03,156.0
85123A,2011-10-10,599.0
85123A,2011-10-17,152.0
85123A,2011-10-24,369.0
85123A,2011-10-31,1689.0
85123A,2011-11-07,524.0
85123A,2011-11-14,1172.0
85123A,2011-11-21,557.0
85123A,2011-11-28,654.0
